ISO-10303-21;
HEADER;
FILE_DESCRIPTION(('KiCad electronic assembly'),'2;1');
FILE_NAME('vibration_module.step','2025-09-26T03:03:08',('Pcbnew'),(
    'Kicad'),'Open CASCADE STEP processor 7.8','KiCad to STEP converter'
  ,'Unknown');
FILE_SCHEMA(('AUTOMOTIVE_DESIGN { 1 0 10303 214 1 1 1 1 }'));
ENDSEC;
DATA;
#1 = APPLICATION_PROTOCOL_DEFINITION('international standard',
  'automotive_design',2000,#2);
#2 = APPLICATION_CONTEXT(
  'core data for automotive mechanical design processes');
#3 = SHAPE_DEFINITION_REPRESENTATION(#4,#10);
#4 = PRODUCT_DEFINITION_SHAPE('','',#5);
#5 = PRODUCT_DEFINITION('design','',#6,#9);
#6 = PRODUCT_DEFINITION_FORMATION('','',#7);
#7 = PRODUCT('vibration_module 1','vibration_module 1','',(#8));
#8 = PRODUCT_CONTEXT('',#2,'mechanical');
#9 = PRODUCT_DEFINITION_CONTEXT('part definition',#2,'design');
#10 = SHAPE_REPRESENTATION('',(#11,#15,#19,#23,#27,#31,#35,#39,#43,#47,
    #51,#55),#59);
#11 = AXIS2_PLACEMENT_3D('',#12,#13,#14);
#12 = CARTESIAN_POINT('',(0.,0.,0.));
#13 = DIRECTION('',(0.,0.,1.));
#14 = DIRECTION('',(1.,0.,-0.));
#15 = AXIS2_PLACEMENT_3D('',#16,#17,#18);
#16 = CARTESIAN_POINT('',(166.446099,-78.48,1.595));
#17 = DIRECTION('',(-0.,0.,1.));
#18 = DIRECTION('',(1.110223024625E-16,-1.,0.));
#19 = AXIS2_PLACEMENT_3D('',#20,#21,#22);
#20 = CARTESIAN_POINT('',(156.74,-72.,1.595));
#21 = DIRECTION('',(0.,0.,1.));
#22 = DIRECTION('',(-1.,1.224646799147E-16,0.));
#23 = AXIS2_PLACEMENT_3D('',#24,#25,#26);
#24 = CARTESIAN_POINT('',(167.926099,-79.5,1.595));
#25 = DIRECTION('',(0.,0.,1.));
#26 = DIRECTION('',(-1.,1.224646799147E-16,0.));
#27 = AXIS2_PLACEMENT_3D('',#28,#29,#30);
#28 = CARTESIAN_POINT('',(163.525,-71.,1.595));
#29 = DIRECTION('',(0.,0.,1.));
#30 = DIRECTION('',(1.,0.,0.));
#31 = AXIS2_PLACEMENT_3D('',#32,#33,#34);
#32 = CARTESIAN_POINT('',(156.725,-79.25,1.595));
#33 = DIRECTION('',(0.,0.,1.));
#34 = DIRECTION('',(-1.,1.224646799147E-16,0.));
#35 = AXIS2_PLACEMENT_3D('',#36,#37,#38);
#36 = CARTESIAN_POINT('',(158.75,-69.5,1.595));
#37 = DIRECTION('',(0.,0.,1.));
#38 = DIRECTION('',(1.,0.,0.));
#39 = AXIS2_PLACEMENT_3D('',#40,#41,#42);
#40 = CARTESIAN_POINT('',(156.,-74.52,1.595));
#41 = DIRECTION('',(0.,-0.,1.));
#42 = DIRECTION('',(1.110223024625E-16,1.,0.));
#43 = AXIS2_PLACEMENT_3D('',#44,#45,#46);
#44 = CARTESIAN_POINT('',(158.76,-72.,1.595));
#45 = DIRECTION('',(0.,0.,1.));
#46 = DIRECTION('',(1.,0.,0.));
#47 = AXIS2_PLACEMENT_3D('',#48,#49,#50);
#48 = CARTESIAN_POINT('',(158.225,-67.,1.595));
#49 = DIRECTION('',(0.,0.,1.));
#50 = DIRECTION('',(1.,0.,0.));
#51 = AXIS2_PLACEMENT_3D('',#52,#53,#54);
#52 = CARTESIAN_POINT('',(163.25,-78.16,-8.5E-02));
#53 = DIRECTION('',(1.224646799147E-16,-1.359631073447E-32,-1.));
#54 = DIRECTION('',(1.110223024625E-16,1.,0.));
#55 = AXIS2_PLACEMENT_3D('',#56,#57,#58);
#56 = CARTESIAN_POINT('',(0.,0.,0.));
#57 = DIRECTION('',(0.,0.,1.));
#58 = DIRECTION('',(1.,0.,-0.));
#59 = ( GEOMETRIC_REPRESENTATION_CONTEXT(3) 
GLOBAL_UNCERTAINTY_ASSIGNED_CONTEXT((#63)) GLOBAL_UNIT_ASSIGNED_CONTEXT(
(#60,#61,#62)) REPRESENTATION_CONTEXT('Context #1',
  '3D Context with UNIT and UNCERTAINTY') );
#60 = ( LENGTH_UNIT() NAMED_UNIT(*) SI_UNIT(.MILLI.,.METRE.) );
#61 = ( NAMED_UNIT(*) PLANE_ANGLE_UNIT() SI_UNIT($,.RADIAN.) );
#62 = ( NAMED_UNIT(*) SI_UNIT($,.STERADIAN.) SOLID_ANGLE_UNIT() );
#63 = UNCERTAINTY_MEASURE_WITH_UNIT(LENGTH_MEASURE(1.E-07),#60,
  'distance_accuracy_value','confusion accuracy');
#64 = PRODUCT_RELATED_PRODUCT_CATEGORY('part',$,(#7));
#65 = SHAPE_DEFINITION_REPRESENTATION(#66,#72);
#66 = PRODUCT_DEFINITION_SHAPE('','',#67);
#67 = PRODUCT_DEFINITION('design','',#68,#71);
#68 = PRODUCT_DEFINITION_FORMATION('','',#69);
#69 = PRODUCT('C_0402_1005Metric','C_0402_1005Metric','',(#70));
#70 = PRODUCT_CONTEXT('',#2,'mechanical');
#71 = PRODUCT_DEFINITION_CONTEXT('part definition',#2,'design');
#72 = ADVANCED_BREP_SHAPE_REPRESENTATION('',(#11,#73),#927);
#73 = MANIFOLD_SOLID_BREP('',#74);
#74 = CLOSED_SHELL('',(#75,#151,#182,#207,#232,#256,#280,#305,#330,#347,
    #433,#465,#489,#514,#538,#563,#587,#612,#629,#715,#746,#771,#796,
    #820,#844,#869,#894,#911));
#75 = ADVANCED_FACE('',(#76),#146,.F.);
#76 = FACE_BOUND('',#77,.F.);
#77 = EDGE_LOOP('',(#78,#88,#97,#105,#114,#122,#131,#139));
#78 = ORIENTED_EDGE('',*,*,#79,.F.);
#79 = EDGE_CURVE('',#80,#82,#84,.T.);
#80 = VERTEX_POINT('',#81);
#81 = CARTESIAN_POINT('',(-0.5,-0.25,2.E-02));
#82 = VERTEX_POINT('',#83);
#83 = CARTESIAN_POINT('',(-0.5,-0.25,0.48));
#84 = LINE('',#85,#86);
#85 = CARTESIAN_POINT('',(-0.5,-0.25,0.));
#86 = VECTOR('',#87,1.);
#87 = DIRECTION('',(0.,0.,1.));
#88 = ORIENTED_EDGE('',*,*,#89,.T.);
#89 = EDGE_CURVE('',#80,#90,#92,.T.);
#90 = VERTEX_POINT('',#91);
#91 = CARTESIAN_POINT('',(-0.5,-0.23,0.));
#92 = CIRCLE('',#93,2.E-02);
#93 = AXIS2_PLACEMENT_3D('',#94,#95,#96);
#94 = CARTESIAN_POINT('',(-0.5,-0.23,2.E-02));
#95 = DIRECTION('',(1.,0.,-0.));
#96 = DIRECTION('',(0.,0.,1.));
#97 = ORIENTED_EDGE('',*,*,#98,.T.);
#98 = EDGE_CURVE('',#90,#99,#101,.T.);
#99 = VERTEX_POINT('',#100);
#100 = CARTESIAN_POINT('',(-0.5,0.23,0.));
#101 = LINE('',#102,#103);
#102 = CARTESIAN_POINT('',(-0.5,-0.25,0.));
#103 = VECTOR('',#104,1.);
#104 = DIRECTION('',(0.,1.,0.));
#105 = ORIENTED_EDGE('',*,*,#106,.F.);
#106 = EDGE_CURVE('',#107,#99,#109,.T.);
#107 = VERTEX_POINT('',#108);
#108 = CARTESIAN_POINT('',(-0.5,0.25,2.E-02));
#109 = CIRCLE('',#110,2.E-02);
#110 = AXIS2_PLACEMENT_3D('',#111,#112,#113);
#111 = CARTESIAN_POINT('',(-0.5,0.23,2.E-02));
#112 = DIRECTION('',(-1.,0.,0.));
#113 = DIRECTION('',(0.,0.,1.));
#114 = ORIENTED_EDGE('',*,*,#115,.T.);
#115 = EDGE_CURVE('',#107,#116,#118,.T.);
#116 = VERTEX_POINT('',#117);
#117 = CARTESIAN_POINT('',(-0.5,0.25,0.48));
#118 = LINE('',#119,#120);
#119 = CARTESIAN_POINT('',(-0.5,0.25,0.));
#120 = VECTOR('',#121,1.);
#121 = DIRECTION('',(0.,0.,1.));
#122 = ORIENTED_EDGE('',*,*,#123,.T.);
#123 = EDGE_CURVE('',#116,#124,#126,.T.);
#124 = VERTEX_POINT('',#125);
#125 = CARTESIAN_POINT('',(-0.5,0.23,0.5));
#126 = CIRCLE('',#127,2.E-02);
#127 = AXIS2_PLACEMENT_3D('',#128,#129,#130);
#128 = CARTESIAN_POINT('',(-0.5,0.23,0.48));
#129 = DIRECTION('',(1.,0.,-0.));
#130 = DIRECTION('',(0.,0.,1.));
#131 = ORIENTED_EDGE('',*,*,#132,.F.);
#132 = EDGE_CURVE('',#133,#124,#135,.T.);
#133 = VERTEX_POINT('',#134);
#134 = CARTESIAN_POINT('',(-0.5,-0.23,0.5));
#135 = LINE('',#136,#137);
#136 = CARTESIAN_POINT('',(-0.5,-0.25,0.5));
#137 = VECTOR('',#138,1.);
#138 = DIRECTION('',(0.,1.,0.));
#139 = ORIENTED_EDGE('',*,*,#140,.F.);
#140 = EDGE_CURVE('',#82,#133,#141,.T.);
#141 = CIRCLE('',#142,2.E-02);
#142 = AXIS2_PLACEMENT_3D('',#143,#144,#145);
#143 = CARTESIAN_POINT('',(-0.5,-0.23,0.48));
#144 = DIRECTION('',(-1.,0.,0.));
#145 = DIRECTION('',(0.,0.,1.));
#146 = PLANE('',#147);
#147 = AXIS2_PLACEMENT_3D('',#148,#149,#150);
#148 = CARTESIAN_POINT('',(-0.5,-0.25,0.));
#149 = DIRECTION('',(1.,0.,0.));
#150 = DIRECTION('',(0.,0.,1.));
#151 = ADVANCED_FACE('',(#152),#177,.F.);
#152 = FACE_BOUND('',#153,.F.);
#153 = EDGE_LOOP('',(#154,#164,#170,#171));
#154 = ORIENTED_EDGE('',*,*,#155,.F.);
#155 = EDGE_CURVE('',#156,#158,#160,.T.);
#156 = VERTEX_POINT('',#157);
#157 = CARTESIAN_POINT('',(-0.3,-0.25,2.E-02));
#158 = VERTEX_POINT('',#159);
#159 = CARTESIAN_POINT('',(-0.3,-0.25,0.48));
#160 = LINE('',#161,#162);
#161 = CARTESIAN_POINT('',(-0.3,-0.25,0.));
#162 = VECTOR('',#163,1.);
#163 = DIRECTION('',(0.,0.,1.));
#164 = ORIENTED_EDGE('',*,*,#165,.F.);
#165 = EDGE_CURVE('',#80,#156,#166,.T.);
#166 = LINE('',#167,#168);
#167 = CARTESIAN_POINT('',(-0.5,-0.25,2.E-02));
#168 = VECTOR('',#169,1.);
#169 = DIRECTION('',(1.,0.,0.));
#170 = ORIENTED_EDGE('',*,*,#79,.T.);
#171 = ORIENTED_EDGE('',*,*,#172,.T.);
#172 = EDGE_CURVE('',#82,#158,#173,.T.);
#173 = LINE('',#174,#175);
#174 = CARTESIAN_POINT('',(-0.5,-0.25,0.48));
#175 = VECTOR('',#176,1.);
#176 = DIRECTION('',(1.,0.,0.));
#177 = PLANE('',#178);
#178 = AXIS2_PLACEMENT_3D('',#179,#180,#181);
#179 = CARTESIAN_POINT('',(-0.5,-0.25,0.));
#180 = DIRECTION('',(0.,1.,0.));
#181 = DIRECTION('',(0.,-0.,1.));
#182 = ADVANCED_FACE('',(#183),#202,.T.);
#183 = FACE_BOUND('',#184,.T.);
#184 = EDGE_LOOP('',(#185,#186,#194,#201));
#185 = ORIENTED_EDGE('',*,*,#89,.T.);
#186 = ORIENTED_EDGE('',*,*,#187,.T.);
#187 = EDGE_CURVE('',#90,#188,#190,.T.);
#188 = VERTEX_POINT('',#189);
#189 = CARTESIAN_POINT('',(-0.3,-0.23,0.));
#190 = LINE('',#191,#192);
#191 = CARTESIAN_POINT('',(-0.5,-0.23,0.));
#192 = VECTOR('',#193,1.);
#193 = DIRECTION('',(1.,0.,0.));
#194 = ORIENTED_EDGE('',*,*,#195,.F.);
#195 = EDGE_CURVE('',#156,#188,#196,.T.);
#196 = CIRCLE('',#197,2.E-02);
#197 = AXIS2_PLACEMENT_3D('',#198,#199,#200);
#198 = CARTESIAN_POINT('',(-0.3,-0.23,2.E-02));
#199 = DIRECTION('',(1.,0.,-0.));
#200 = DIRECTION('',(0.,0.,1.));
#201 = ORIENTED_EDGE('',*,*,#165,.F.);
#202 = CYLINDRICAL_SURFACE('',#203,2.E-02);
#203 = AXIS2_PLACEMENT_3D('',#204,#205,#206);
#204 = CARTESIAN_POINT('',(-0.5,-0.23,2.E-02));
#205 = DIRECTION('',(1.,0.,0.));
#206 = DIRECTION('',(0.,-1.,0.));
#207 = ADVANCED_FACE('',(#208),#227,.T.);
#208 = FACE_BOUND('',#209,.T.);
#209 = EDGE_LOOP('',(#210,#211,#220,#226));
#210 = ORIENTED_EDGE('',*,*,#172,.T.);
#211 = ORIENTED_EDGE('',*,*,#212,.T.);
#212 = EDGE_CURVE('',#158,#213,#215,.T.);
#213 = VERTEX_POINT('',#214);
#214 = CARTESIAN_POINT('',(-0.3,-0.23,0.5));
#215 = CIRCLE('',#216,2.E-02);
#216 = AXIS2_PLACEMENT_3D('',#217,#218,#219);
#217 = CARTESIAN_POINT('',(-0.3,-0.23,0.48));
#218 = DIRECTION('',(-1.,0.,0.));
#219 = DIRECTION('',(0.,0.,1.));
#220 = ORIENTED_EDGE('',*,*,#221,.F.);
#221 = EDGE_CURVE('',#133,#213,#222,.T.);
#222 = LINE('',#223,#224);
#223 = CARTESIAN_POINT('',(-0.5,-0.23,0.5));
#224 = VECTOR('',#225,1.);
#225 = DIRECTION('',(1.,0.,0.));
#226 = ORIENTED_EDGE('',*,*,#140,.F.);
#227 = CYLINDRICAL_SURFACE('',#228,2.E-02);
#228 = AXIS2_PLACEMENT_3D('',#229,#230,#231);
#229 = CARTESIAN_POINT('',(-0.5,-0.23,0.48));
#230 = DIRECTION('',(1.,0.,0.));
#231 = DIRECTION('',(0.,-1.,0.));
#232 = ADVANCED_FACE('',(#233),#251,.F.);
#233 = FACE_BOUND('',#234,.F.);
#234 = EDGE_LOOP('',(#235,#236,#237,#245));
#235 = ORIENTED_EDGE('',*,*,#98,.F.);
#236 = ORIENTED_EDGE('',*,*,#187,.T.);
#237 = ORIENTED_EDGE('',*,*,#238,.T.);
#238 = EDGE_CURVE('',#188,#239,#241,.T.);
#239 = VERTEX_POINT('',#240);
#240 = CARTESIAN_POINT('',(-0.3,0.23,0.));
#241 = LINE('',#242,#243);
#242 = CARTESIAN_POINT('',(-0.3,-0.25,0.));
#243 = VECTOR('',#244,1.);
#244 = DIRECTION('',(0.,1.,0.));
#245 = ORIENTED_EDGE('',*,*,#246,.F.);
#246 = EDGE_CURVE('',#99,#239,#247,.T.);
#247 = LINE('',#248,#249);
#248 = CARTESIAN_POINT('',(-0.5,0.23,0.));
#249 = VECTOR('',#250,1.);
#250 = DIRECTION('',(1.,0.,0.));
#251 = PLANE('',#252);
#252 = AXIS2_PLACEMENT_3D('',#253,#254,#255);
#253 = CARTESIAN_POINT('',(-0.5,-0.25,0.));
#254 = DIRECTION('',(0.,0.,1.));
#255 = DIRECTION('',(1.,0.,-0.));
#256 = ADVANCED_FACE('',(#257),#275,.T.);
#257 = FACE_BOUND('',#258,.T.);
#258 = EDGE_LOOP('',(#259,#260,#261,#269));
#259 = ORIENTED_EDGE('',*,*,#132,.F.);
#260 = ORIENTED_EDGE('',*,*,#221,.T.);
#261 = ORIENTED_EDGE('',*,*,#262,.T.);
#262 = EDGE_CURVE('',#213,#263,#265,.T.);
#263 = VERTEX_POINT('',#264);
#264 = CARTESIAN_POINT('',(-0.3,0.23,0.5));
#265 = LINE('',#266,#267);
#266 = CARTESIAN_POINT('',(-0.3,-0.25,0.5));
#267 = VECTOR('',#268,1.);
#268 = DIRECTION('',(0.,1.,0.));
#269 = ORIENTED_EDGE('',*,*,#270,.F.);
#270 = EDGE_CURVE('',#124,#263,#271,.T.);
#271 = LINE('',#272,#273);
#272 = CARTESIAN_POINT('',(-0.5,0.23,0.5));
#273 = VECTOR('',#274,1.);
#274 = DIRECTION('',(1.,0.,0.));
#275 = PLANE('',#276);
#276 = AXIS2_PLACEMENT_3D('',#277,#278,#279);
#277 = CARTESIAN_POINT('',(-0.5,-0.25,0.5));
#278 = DIRECTION('',(0.,0.,1.));
#279 = DIRECTION('',(1.,0.,-0.));
#280 = ADVANCED_FACE('',(#281),#300,.T.);
#281 = FACE_BOUND('',#282,.T.);
#282 = EDGE_LOOP('',(#283,#291,#298,#299));
#283 = ORIENTED_EDGE('',*,*,#284,.T.);
#284 = EDGE_CURVE('',#107,#285,#287,.T.);
#285 = VERTEX_POINT('',#286);
#286 = CARTESIAN_POINT('',(-0.3,0.25,2.E-02));
#287 = LINE('',#288,#289);
#288 = CARTESIAN_POINT('',(-0.5,0.25,2.E-02));
#289 = VECTOR('',#290,1.);
#290 = DIRECTION('',(1.,0.,0.));
#291 = ORIENTED_EDGE('',*,*,#292,.T.);
#292 = EDGE_CURVE('',#285,#239,#293,.T.);
#293 = CIRCLE('',#294,2.E-02);
#294 = AXIS2_PLACEMENT_3D('',#295,#296,#297);
#295 = CARTESIAN_POINT('',(-0.3,0.23,2.E-02));
#296 = DIRECTION('',(-1.,0.,0.));
#297 = DIRECTION('',(0.,0.,1.));
#298 = ORIENTED_EDGE('',*,*,#246,.F.);
#299 = ORIENTED_EDGE('',*,*,#106,.F.);
#300 = CYLINDRICAL_SURFACE('',#301,2.E-02);
#301 = AXIS2_PLACEMENT_3D('',#302,#303,#304);
#302 = CARTESIAN_POINT('',(-0.5,0.23,2.E-02));
#303 = DIRECTION('',(1.,0.,0.));
#304 = DIRECTION('',(-0.,1.,0.));
#305 = ADVANCED_FACE('',(#306),#325,.T.);
#306 = FACE_BOUND('',#307,.T.);
#307 = EDGE_LOOP('',(#308,#309,#310,#319));
#308 = ORIENTED_EDGE('',*,*,#123,.T.);
#309 = ORIENTED_EDGE('',*,*,#270,.T.);
#310 = ORIENTED_EDGE('',*,*,#311,.F.);
#311 = EDGE_CURVE('',#312,#263,#314,.T.);
#312 = VERTEX_POINT('',#313);
#313 = CARTESIAN_POINT('',(-0.3,0.25,0.48));
#314 = CIRCLE('',#315,2.E-02);
#315 = AXIS2_PLACEMENT_3D('',#316,#317,#318);
#316 = CARTESIAN_POINT('',(-0.3,0.23,0.48));
#317 = DIRECTION('',(1.,0.,-0.));
#318 = DIRECTION('',(0.,0.,1.));
#319 = ORIENTED_EDGE('',*,*,#320,.F.);
#320 = EDGE_CURVE('',#116,#312,#321,.T.);
#321 = LINE('',#322,#323);
#322 = CARTESIAN_POINT('',(-0.5,0.25,0.48));
#323 = VECTOR('',#324,1.);
#324 = DIRECTION('',(1.,0.,0.));
#325 = CYLINDRICAL_SURFACE('',#326,2.E-02);
#326 = AXIS2_PLACEMENT_3D('',#327,#328,#329);
#327 = CARTESIAN_POINT('',(-0.5,0.23,0.48));
#328 = DIRECTION('',(1.,0.,0.));
#329 = DIRECTION('',(-0.,1.,0.));
#330 = ADVANCED_FACE('',(#331),#342,.T.);
#331 = FACE_BOUND('',#332,.T.);
#332 = EDGE_LOOP('',(#333,#339,#340,#341));
#333 = ORIENTED_EDGE('',*,*,#334,.F.);
#334 = EDGE_CURVE('',#285,#312,#335,.T.);
#335 = LINE('',#336,#337);
#336 = CARTESIAN_POINT('',(-0.3,0.25,0.));
#337 = VECTOR('',#338,1.);
#338 = DIRECTION('',(0.,0.,1.));
#339 = ORIENTED_EDGE('',*,*,#284,.F.);
#340 = ORIENTED_EDGE('',*,*,#115,.T.);
#341 = ORIENTED_EDGE('',*,*,#320,.T.);
#342 = PLANE('',#343);
#343 = AXIS2_PLACEMENT_3D('',#344,#345,#346);
#344 = CARTESIAN_POINT('',(-0.5,0.25,0.));
#345 = DIRECTION('',(0.,1.,0.));
#346 = DIRECTION('',(0.,-0.,1.));
#347 = ADVANCED_FACE('',(#348,#358),#428,.T.);
#348 = FACE_BOUND('',#349,.T.);
#349 = EDGE_LOOP('',(#350,#351,#352,#353,#354,#355,#356,#357));
#350 = ORIENTED_EDGE('',*,*,#155,.F.);
#351 = ORIENTED_EDGE('',*,*,#195,.T.);
#352 = ORIENTED_EDGE('',*,*,#238,.T.);
#353 = ORIENTED_EDGE('',*,*,#292,.F.);
#354 = ORIENTED_EDGE('',*,*,#334,.T.);
#355 = ORIENTED_EDGE('',*,*,#311,.T.);
#356 = ORIENTED_EDGE('',*,*,#262,.F.);
#357 = ORIENTED_EDGE('',*,*,#212,.F.);
#358 = FACE_BOUND('',#359,.T.);
#359 = EDGE_LOOP('',(#360,#371,#379,#388,#396,#405,#413,#422));
#360 = ORIENTED_EDGE('',*,*,#361,.F.);
#361 = EDGE_CURVE('',#362,#364,#366,.T.);
#362 = VERTEX_POINT('',#363);
#363 = CARTESIAN_POINT('',(-0.3,-0.23,4.E-02));
#364 = VERTEX_POINT('',#365);
#365 = CARTESIAN_POINT('',(-0.3,-0.21,2.E-02));
#366 = CIRCLE('',#367,2.E-02);
#367 = AXIS2_PLACEMENT_3D('',#368,#369,#370);
#368 = CARTESIAN_POINT('',(-0.3,-0.21,4.E-02));
#369 = DIRECTION('',(1.,0.,-0.));
#370 = DIRECTION('',(0.,0.,1.));
#371 = ORIENTED_EDGE('',*,*,#372,.T.);
#372 = EDGE_CURVE('',#362,#373,#375,.T.);
#373 = VERTEX_POINT('',#374);
#374 = CARTESIAN_POINT('',(-0.3,-0.23,0.46));
#375 = LINE('',#376,#377);
#376 = CARTESIAN_POINT('',(-0.3,-0.23,2.E-02));
#377 = VECTOR('',#378,1.);
#378 = DIRECTION('',(0.,0.,1.));
#379 = ORIENTED_EDGE('',*,*,#380,.T.);
#380 = EDGE_CURVE('',#373,#381,#383,.T.);
#381 = VERTEX_POINT('',#382);
#382 = CARTESIAN_POINT('',(-0.3,-0.21,0.48));
#383 = CIRCLE('',#384,2.E-02);
#384 = AXIS2_PLACEMENT_3D('',#385,#386,#387);
#385 = CARTESIAN_POINT('',(-0.3,-0.21,0.46));
#386 = DIRECTION('',(-1.,0.,0.));
#387 = DIRECTION('',(0.,0.,1.));
#388 = ORIENTED_EDGE('',*,*,#389,.T.);
#389 = EDGE_CURVE('',#381,#390,#392,.T.);
#390 = VERTEX_POINT('',#391);
#391 = CARTESIAN_POINT('',(-0.3,0.21,0.48));
#392 = LINE('',#393,#394);
#393 = CARTESIAN_POINT('',(-0.3,-0.23,0.48));
#394 = VECTOR('',#395,1.);
#395 = DIRECTION('',(0.,1.,0.));
#396 = ORIENTED_EDGE('',*,*,#397,.F.);
#397 = EDGE_CURVE('',#398,#390,#400,.T.);
#398 = VERTEX_POINT('',#399);
#399 = CARTESIAN_POINT('',(-0.3,0.23,0.46));
#400 = CIRCLE('',#401,2.E-02);
#401 = AXIS2_PLACEMENT_3D('',#402,#403,#404);
#402 = CARTESIAN_POINT('',(-0.3,0.21,0.46));
#403 = DIRECTION('',(1.,0.,-0.));
#404 = DIRECTION('',(0.,0.,1.));
#405 = ORIENTED_EDGE('',*,*,#406,.F.);
#406 = EDGE_CURVE('',#407,#398,#409,.T.);
#407 = VERTEX_POINT('',#408);
#408 = CARTESIAN_POINT('',(-0.3,0.23,4.E-02));
#409 = LINE('',#410,#411);
#410 = CARTESIAN_POINT('',(-0.3,0.23,2.E-02));
#411 = VECTOR('',#412,1.);
#412 = DIRECTION('',(0.,0.,1.));
#413 = ORIENTED_EDGE('',*,*,#414,.T.);
#414 = EDGE_CURVE('',#407,#415,#417,.T.);
#415 = VERTEX_POINT('',#416);
#416 = CARTESIAN_POINT('',(-0.3,0.21,2.E-02));
#417 = CIRCLE('',#418,2.E-02);
#418 = AXIS2_PLACEMENT_3D('',#419,#420,#421);
#419 = CARTESIAN_POINT('',(-0.3,0.21,4.E-02));
#420 = DIRECTION('',(-1.,0.,0.));
#421 = DIRECTION('',(0.,0.,1.));
#422 = ORIENTED_EDGE('',*,*,#423,.F.);
#423 = EDGE_CURVE('',#364,#415,#424,.T.);
#424 = LINE('',#425,#426);
#425 = CARTESIAN_POINT('',(-0.3,-0.23,2.E-02));
#426 = VECTOR('',#427,1.);
#427 = DIRECTION('',(0.,1.,0.));
#428 = PLANE('',#429);
#429 = AXIS2_PLACEMENT_3D('',#430,#431,#432);
#430 = CARTESIAN_POINT('',(-0.3,-0.25,0.));
#431 = DIRECTION('',(1.,0.,0.));
#432 = DIRECTION('',(0.,0.,1.));
#433 = ADVANCED_FACE('',(#434),#460,.T.);
#434 = FACE_BOUND('',#435,.T.);
#435 = EDGE_LOOP('',(#436,#437,#445,#454));
#436 = ORIENTED_EDGE('',*,*,#361,.T.);
#437 = ORIENTED_EDGE('',*,*,#438,.T.);
#438 = EDGE_CURVE('',#364,#439,#441,.T.);
#439 = VERTEX_POINT('',#440);
#440 = CARTESIAN_POINT('',(0.3,-0.21,2.E-02));
#441 = LINE('',#442,#443);
#442 = CARTESIAN_POINT('',(-0.3,-0.21,2.E-02));
#443 = VECTOR('',#444,1.);
#444 = DIRECTION('',(1.,0.,0.));
#445 = ORIENTED_EDGE('',*,*,#446,.F.);
#446 = EDGE_CURVE('',#447,#439,#449,.T.);
#447 = VERTEX_POINT('',#448);
#448 = CARTESIAN_POINT('',(0.3,-0.23,4.E-02));
#449 = CIRCLE('',#450,2.E-02);
#450 = AXIS2_PLACEMENT_3D('',#451,#452,#453);
#451 = CARTESIAN_POINT('',(0.3,-0.21,4.E-02));
#452 = DIRECTION('',(1.,0.,-0.));
#453 = DIRECTION('',(0.,0.,1.));
#454 = ORIENTED_EDGE('',*,*,#455,.F.);
#455 = EDGE_CURVE('',#362,#447,#456,.T.);
#456 = LINE('',#457,#458);
#457 = CARTESIAN_POINT('',(-0.3,-0.23,4.E-02));
#458 = VECTOR('',#459,1.);
#459 = DIRECTION('',(1.,0.,0.));
#460 = CYLINDRICAL_SURFACE('',#461,2.E-02);
#461 = AXIS2_PLACEMENT_3D('',#462,#463,#464);
#462 = CARTESIAN_POINT('',(-0.3,-0.21,4.E-02));
#463 = DIRECTION('',(1.,0.,0.));
#464 = DIRECTION('',(0.,-1.,0.));
#465 = ADVANCED_FACE('',(#466),#484,.F.);
#466 = FACE_BOUND('',#467,.F.);
#467 = EDGE_LOOP('',(#468,#469,#470,#478));
#468 = ORIENTED_EDGE('',*,*,#423,.F.);
#469 = ORIENTED_EDGE('',*,*,#438,.T.);
#470 = ORIENTED_EDGE('',*,*,#471,.T.);
#471 = EDGE_CURVE('',#439,#472,#474,.T.);
#472 = VERTEX_POINT('',#473);
#473 = CARTESIAN_POINT('',(0.3,0.21,2.E-02));
#474 = LINE('',#475,#476);
#475 = CARTESIAN_POINT('',(0.3,-0.23,2.E-02));
#476 = VECTOR('',#477,1.);
#477 = DIRECTION('',(0.,1.,0.));
#478 = ORIENTED_EDGE('',*,*,#479,.F.);
#479 = EDGE_CURVE('',#415,#472,#480,.T.);
#480 = LINE('',#481,#482);
#481 = CARTESIAN_POINT('',(-0.3,0.21,2.E-02));
#482 = VECTOR('',#483,1.);
#483 = DIRECTION('',(1.,0.,0.));
#484 = PLANE('',#485);
#485 = AXIS2_PLACEMENT_3D('',#486,#487,#488);
#486 = CARTESIAN_POINT('',(-0.3,-0.23,2.E-02));
#487 = DIRECTION('',(0.,0.,1.));
#488 = DIRECTION('',(1.,0.,-0.));
#489 = ADVANCED_FACE('',(#490),#509,.T.);
#490 = FACE_BOUND('',#491,.T.);
#491 = EDGE_LOOP('',(#492,#500,#507,#508));
#492 = ORIENTED_EDGE('',*,*,#493,.T.);
#493 = EDGE_CURVE('',#407,#494,#496,.T.);
#494 = VERTEX_POINT('',#495);
#495 = CARTESIAN_POINT('',(0.3,0.23,4.E-02));
#496 = LINE('',#497,#498);
#497 = CARTESIAN_POINT('',(-0.3,0.23,4.E-02));
#498 = VECTOR('',#499,1.);
#499 = DIRECTION('',(1.,0.,0.));
#500 = ORIENTED_EDGE('',*,*,#501,.T.);
#501 = EDGE_CURVE('',#494,#472,#502,.T.);
#502 = CIRCLE('',#503,2.E-02);
#503 = AXIS2_PLACEMENT_3D('',#504,#505,#506);
#504 = CARTESIAN_POINT('',(0.3,0.21,4.E-02));
#505 = DIRECTION('',(-1.,0.,0.));
#506 = DIRECTION('',(0.,0.,1.));
#507 = ORIENTED_EDGE('',*,*,#479,.F.);
#508 = ORIENTED_EDGE('',*,*,#414,.F.);
#509 = CYLINDRICAL_SURFACE('',#510,2.E-02);
#510 = AXIS2_PLACEMENT_3D('',#511,#512,#513);
#511 = CARTESIAN_POINT('',(-0.3,0.21,4.E-02));
#512 = DIRECTION('',(1.,0.,0.));
#513 = DIRECTION('',(-0.,1.,0.));
#514 = ADVANCED_FACE('',(#515),#533,.T.);
#515 = FACE_BOUND('',#516,.T.);
#516 = EDGE_LOOP('',(#517,#525,#526,#527));
#517 = ORIENTED_EDGE('',*,*,#518,.F.);
#518 = EDGE_CURVE('',#494,#519,#521,.T.);
#519 = VERTEX_POINT('',#520);
#520 = CARTESIAN_POINT('',(0.3,0.23,0.46));
#521 = LINE('',#522,#523);
#522 = CARTESIAN_POINT('',(0.3,0.23,2.E-02));
#523 = VECTOR('',#524,1.);
#524 = DIRECTION('',(0.,0.,1.));
#525 = ORIENTED_EDGE('',*,*,#493,.F.);
#526 = ORIENTED_EDGE('',*,*,#406,.T.);
#527 = ORIENTED_EDGE('',*,*,#528,.T.);
#528 = EDGE_CURVE('',#398,#519,#529,.T.);
#529 = LINE('',#530,#531);
#530 = CARTESIAN_POINT('',(-0.3,0.23,0.46));
#531 = VECTOR('',#532,1.);
#532 = DIRECTION('',(1.,0.,0.));
#533 = PLANE('',#534);
#534 = AXIS2_PLACEMENT_3D('',#535,#536,#537);
#535 = CARTESIAN_POINT('',(-0.3,0.23,2.E-02));
#536 = DIRECTION('',(0.,1.,0.));
#537 = DIRECTION('',(0.,-0.,1.));
#538 = ADVANCED_FACE('',(#539),#558,.T.);
#539 = FACE_BOUND('',#540,.T.);
#540 = EDGE_LOOP('',(#541,#542,#550,#557));
#541 = ORIENTED_EDGE('',*,*,#397,.T.);
#542 = ORIENTED_EDGE('',*,*,#543,.T.);
#543 = EDGE_CURVE('',#390,#544,#546,.T.);
#544 = VERTEX_POINT('',#545);
#545 = CARTESIAN_POINT('',(0.3,0.21,0.48));
#546 = LINE('',#547,#548);
#547 = CARTESIAN_POINT('',(-0.3,0.21,0.48));
#548 = VECTOR('',#549,1.);
#549 = DIRECTION('',(1.,0.,0.));
#550 = ORIENTED_EDGE('',*,*,#551,.F.);
#551 = EDGE_CURVE('',#519,#544,#552,.T.);
#552 = CIRCLE('',#553,2.E-02);
#553 = AXIS2_PLACEMENT_3D('',#554,#555,#556);
#554 = CARTESIAN_POINT('',(0.3,0.21,0.46));
#555 = DIRECTION('',(1.,0.,-0.));
#556 = DIRECTION('',(0.,0.,1.));
#557 = ORIENTED_EDGE('',*,*,#528,.F.);
#558 = CYLINDRICAL_SURFACE('',#559,2.E-02);
#559 = AXIS2_PLACEMENT_3D('',#560,#561,#562);
#560 = CARTESIAN_POINT('',(-0.3,0.21,0.46));
#561 = DIRECTION('',(1.,0.,0.));
#562 = DIRECTION('',(-0.,1.,0.));
#563 = ADVANCED_FACE('',(#564),#582,.T.);
#564 = FACE_BOUND('',#565,.T.);
#565 = EDGE_LOOP('',(#566,#567,#575,#581));
#566 = ORIENTED_EDGE('',*,*,#389,.F.);
#567 = ORIENTED_EDGE('',*,*,#568,.T.);
#568 = EDGE_CURVE('',#381,#569,#571,.T.);
#569 = VERTEX_POINT('',#570);
#570 = CARTESIAN_POINT('',(0.3,-0.21,0.48));
#571 = LINE('',#572,#573);
#572 = CARTESIAN_POINT('',(-0.3,-0.21,0.48));
#573 = VECTOR('',#574,1.);
#574 = DIRECTION('',(1.,0.,0.));
#575 = ORIENTED_EDGE('',*,*,#576,.T.);
#576 = EDGE_CURVE('',#569,#544,#577,.T.);
#577 = LINE('',#578,#579);
#578 = CARTESIAN_POINT('',(0.3,-0.23,0.48));
#579 = VECTOR('',#580,1.);
#580 = DIRECTION('',(0.,1.,0.));
#581 = ORIENTED_EDGE('',*,*,#543,.F.);
#582 = PLANE('',#583);
#583 = AXIS2_PLACEMENT_3D('',#584,#585,#586);
#584 = CARTESIAN_POINT('',(-0.3,-0.23,0.48));
#585 = DIRECTION('',(0.,0.,1.));
#586 = DIRECTION('',(1.,0.,-0.));
#587 = ADVANCED_FACE('',(#588),#607,.T.);
#588 = FACE_BOUND('',#589,.T.);
#589 = EDGE_LOOP('',(#590,#598,#605,#606));
#590 = ORIENTED_EDGE('',*,*,#591,.T.);
#591 = EDGE_CURVE('',#373,#592,#594,.T.);
#592 = VERTEX_POINT('',#593);
#593 = CARTESIAN_POINT('',(0.3,-0.23,0.46));
#594 = LINE('',#595,#596);
#595 = CARTESIAN_POINT('',(-0.3,-0.23,0.46));
#596 = VECTOR('',#597,1.);
#597 = DIRECTION('',(1.,0.,0.));
#598 = ORIENTED_EDGE('',*,*,#599,.T.);
#599 = EDGE_CURVE('',#592,#569,#600,.T.);
#600 = CIRCLE('',#601,2.E-02);
#601 = AXIS2_PLACEMENT_3D('',#602,#603,#604);
#602 = CARTESIAN_POINT('',(0.3,-0.21,0.46));
#603 = DIRECTION('',(-1.,0.,0.));
#604 = DIRECTION('',(0.,0.,1.));
#605 = ORIENTED_EDGE('',*,*,#568,.F.);
#606 = ORIENTED_EDGE('',*,*,#380,.F.);
#607 = CYLINDRICAL_SURFACE('',#608,2.E-02);
#608 = AXIS2_PLACEMENT_3D('',#609,#610,#611);
#609 = CARTESIAN_POINT('',(-0.3,-0.21,0.46));
#610 = DIRECTION('',(1.,0.,0.));
#611 = DIRECTION('',(0.,-1.,0.));
#612 = ADVANCED_FACE('',(#613),#624,.F.);
#613 = FACE_BOUND('',#614,.F.);
#614 = EDGE_LOOP('',(#615,#621,#622,#623));
#615 = ORIENTED_EDGE('',*,*,#616,.F.);
#616 = EDGE_CURVE('',#447,#592,#617,.T.);
#617 = LINE('',#618,#619);
#618 = CARTESIAN_POINT('',(0.3,-0.23,2.E-02));
#619 = VECTOR('',#620,1.);
#620 = DIRECTION('',(0.,0.,1.));
#621 = ORIENTED_EDGE('',*,*,#455,.F.);
#622 = ORIENTED_EDGE('',*,*,#372,.T.);
#623 = ORIENTED_EDGE('',*,*,#591,.T.);
#624 = PLANE('',#625);
#625 = AXIS2_PLACEMENT_3D('',#626,#627,#628);
#626 = CARTESIAN_POINT('',(-0.3,-0.23,2.E-02));
#627 = DIRECTION('',(0.,1.,0.));
#628 = DIRECTION('',(0.,-0.,1.));
#629 = ADVANCED_FACE('',(#630,#700),#710,.F.);
#630 = FACE_BOUND('',#631,.F.);
#631 = EDGE_LOOP('',(#632,#642,#651,#659,#668,#676,#685,#693));
#632 = ORIENTED_EDGE('',*,*,#633,.F.);
#633 = EDGE_CURVE('',#634,#636,#638,.T.);
#634 = VERTEX_POINT('',#635);
#635 = CARTESIAN_POINT('',(0.3,-0.25,2.E-02));
#636 = VERTEX_POINT('',#637);
#637 = CARTESIAN_POINT('',(0.3,-0.25,0.48));
#638 = LINE('',#639,#640);
#639 = CARTESIAN_POINT('',(0.3,-0.25,0.));
#640 = VECTOR('',#641,1.);
#641 = DIRECTION('',(0.,0.,1.));
#642 = ORIENTED_EDGE('',*,*,#643,.T.);
#643 = EDGE_CURVE('',#634,#644,#646,.T.);
#644 = VERTEX_POINT('',#645);
#645 = CARTESIAN_POINT('',(0.3,-0.23,0.));
#646 = CIRCLE('',#647,2.E-02);
#647 = AXIS2_PLACEMENT_3D('',#648,#649,#650);
#648 = CARTESIAN_POINT('',(0.3,-0.23,2.E-02));
#649 = DIRECTION('',(1.,0.,-0.));
#650 = DIRECTION('',(0.,0.,1.));
#651 = ORIENTED_EDGE('',*,*,#652,.T.);
#652 = EDGE_CURVE('',#644,#653,#655,.T.);
#653 = VERTEX_POINT('',#654);
#654 = CARTESIAN_POINT('',(0.3,0.23,0.));
#655 = LINE('',#656,#657);
#656 = CARTESIAN_POINT('',(0.3,-0.25,0.));
#657 = VECTOR('',#658,1.);
#658 = DIRECTION('',(0.,1.,0.));
#659 = ORIENTED_EDGE('',*,*,#660,.F.);
#660 = EDGE_CURVE('',#661,#653,#663,.T.);
#661 = VERTEX_POINT('',#662);
#662 = CARTESIAN_POINT('',(0.3,0.25,2.E-02));
#663 = CIRCLE('',#664,2.E-02);
#664 = AXIS2_PLACEMENT_3D('',#665,#666,#667);
#665 = CARTESIAN_POINT('',(0.3,0.23,2.E-02));
#666 = DIRECTION('',(-1.,0.,0.));
#667 = DIRECTION('',(0.,0.,1.));
#668 = ORIENTED_EDGE('',*,*,#669,.T.);
#669 = EDGE_CURVE('',#661,#670,#672,.T.);
#670 = VERTEX_POINT('',#671);
#671 = CARTESIAN_POINT('',(0.3,0.25,0.48));
#672 = LINE('',#673,#674);
#673 = CARTESIAN_POINT('',(0.3,0.25,0.));
#674 = VECTOR('',#675,1.);
#675 = DIRECTION('',(0.,0.,1.));
#676 = ORIENTED_EDGE('',*,*,#677,.T.);
#677 = EDGE_CURVE('',#670,#678,#680,.T.);
#678 = VERTEX_POINT('',#679);
#679 = CARTESIAN_POINT('',(0.3,0.23,0.5));
#680 = CIRCLE('',#681,2.E-02);
#681 = AXIS2_PLACEMENT_3D('',#682,#683,#684);
#682 = CARTESIAN_POINT('',(0.3,0.23,0.48));
#683 = DIRECTION('',(1.,0.,-0.));
#684 = DIRECTION('',(0.,0.,1.));
#685 = ORIENTED_EDGE('',*,*,#686,.F.);
#686 = EDGE_CURVE('',#687,#678,#689,.T.);
#687 = VERTEX_POINT('',#688);
#688 = CARTESIAN_POINT('',(0.3,-0.23,0.5));
#689 = LINE('',#690,#691);
#690 = CARTESIAN_POINT('',(0.3,-0.25,0.5));
#691 = VECTOR('',#692,1.);
#692 = DIRECTION('',(0.,1.,0.));
#693 = ORIENTED_EDGE('',*,*,#694,.F.);
#694 = EDGE_CURVE('',#636,#687,#695,.T.);
#695 = CIRCLE('',#696,2.E-02);
#696 = AXIS2_PLACEMENT_3D('',#697,#698,#699);
#697 = CARTESIAN_POINT('',(0.3,-0.23,0.48));
#698 = DIRECTION('',(-1.,0.,0.));
#699 = DIRECTION('',(0.,0.,1.));
#700 = FACE_BOUND('',#701,.F.);
#701 = EDGE_LOOP('',(#702,#703,#704,#705,#706,#707,#708,#709));
#702 = ORIENTED_EDGE('',*,*,#446,.F.);
#703 = ORIENTED_EDGE('',*,*,#616,.T.);
#704 = ORIENTED_EDGE('',*,*,#599,.T.);
#705 = ORIENTED_EDGE('',*,*,#576,.T.);
#706 = ORIENTED_EDGE('',*,*,#551,.F.);
#707 = ORIENTED_EDGE('',*,*,#518,.F.);
#708 = ORIENTED_EDGE('',*,*,#501,.T.);
#709 = ORIENTED_EDGE('',*,*,#471,.F.);
#710 = PLANE('',#711);
#711 = AXIS2_PLACEMENT_3D('',#712,#713,#714);
#712 = CARTESIAN_POINT('',(0.3,-0.25,0.));
#713 = DIRECTION('',(1.,0.,0.));
#714 = DIRECTION('',(0.,0.,1.));
#715 = ADVANCED_FACE('',(#716),#741,.F.);
#716 = FACE_BOUND('',#717,.F.);
#717 = EDGE_LOOP('',(#718,#728,#734,#735));
#718 = ORIENTED_EDGE('',*,*,#719,.F.);
#719 = EDGE_CURVE('',#720,#722,#724,.T.);
#720 = VERTEX_POINT('',#721);
#721 = CARTESIAN_POINT('',(0.5,-0.25,2.E-02));
#722 = VERTEX_POINT('',#723);
#723 = CARTESIAN_POINT('',(0.5,-0.25,0.48));
#724 = LINE('',#725,#726);
#725 = CARTESIAN_POINT('',(0.5,-0.25,0.));
#726 = VECTOR('',#727,1.);
#727 = DIRECTION('',(0.,0.,1.));
#728 = ORIENTED_EDGE('',*,*,#729,.F.);
#729 = EDGE_CURVE('',#634,#720,#730,.T.);
#730 = LINE('',#731,#732);
#731 = CARTESIAN_POINT('',(0.3,-0.25,2.E-02));
#732 = VECTOR('',#733,1.);
#733 = DIRECTION('',(1.,0.,0.));
#734 = ORIENTED_EDGE('',*,*,#633,.T.);
#735 = ORIENTED_EDGE('',*,*,#736,.T.);
#736 = EDGE_CURVE('',#636,#722,#737,.T.);
#737 = LINE('',#738,#739);
#738 = CARTESIAN_POINT('',(0.3,-0.25,0.48));
#739 = VECTOR('',#740,1.);
#740 = DIRECTION('',(1.,0.,0.));
#741 = PLANE('',#742);
#742 = AXIS2_PLACEMENT_3D('',#743,#744,#745);
#743 = CARTESIAN_POINT('',(0.3,-0.25,0.));
#744 = DIRECTION('',(0.,1.,0.));
#745 = DIRECTION('',(0.,-0.,1.));
#746 = ADVANCED_FACE('',(#747),#766,.T.);
#747 = FACE_BOUND('',#748,.T.);
#748 = EDGE_LOOP('',(#749,#750,#758,#765));
#749 = ORIENTED_EDGE('',*,*,#643,.T.);
#750 = ORIENTED_EDGE('',*,*,#751,.T.);
#751 = EDGE_CURVE('',#644,#752,#754,.T.);
#752 = VERTEX_POINT('',#753);
#753 = CARTESIAN_POINT('',(0.5,-0.23,0.));
#754 = LINE('',#755,#756);
#755 = CARTESIAN_POINT('',(0.3,-0.23,0.));
#756 = VECTOR('',#757,1.);
#757 = DIRECTION('',(1.,0.,0.));
#758 = ORIENTED_EDGE('',*,*,#759,.F.);
#759 = EDGE_CURVE('',#720,#752,#760,.T.);
#760 = CIRCLE('',#761,2.E-02);
#761 = AXIS2_PLACEMENT_3D('',#762,#763,#764);
#762 = CARTESIAN_POINT('',(0.5,-0.23,2.E-02));
#763 = DIRECTION('',(1.,0.,-0.));
#764 = DIRECTION('',(0.,0.,1.));
#765 = ORIENTED_EDGE('',*,*,#729,.F.);
#766 = CYLINDRICAL_SURFACE('',#767,2.E-02);
#767 = AXIS2_PLACEMENT_3D('',#768,#769,#770);
#768 = CARTESIAN_POINT('',(0.3,-0.23,2.E-02));
#769 = DIRECTION('',(1.,0.,0.));
#770 = DIRECTION('',(0.,-1.,0.));
#771 = ADVANCED_FACE('',(#772),#791,.T.);
#772 = FACE_BOUND('',#773,.T.);
#773 = EDGE_LOOP('',(#774,#775,#784,#790));
#774 = ORIENTED_EDGE('',*,*,#736,.T.);
#775 = ORIENTED_EDGE('',*,*,#776,.T.);
#776 = EDGE_CURVE('',#722,#777,#779,.T.);
#777 = VERTEX_POINT('',#778);
#778 = CARTESIAN_POINT('',(0.5,-0.23,0.5));
#779 = CIRCLE('',#780,2.E-02);
#780 = AXIS2_PLACEMENT_3D('',#781,#782,#783);
#781 = CARTESIAN_POINT('',(0.5,-0.23,0.48));
#782 = DIRECTION('',(-1.,0.,0.));
#783 = DIRECTION('',(0.,0.,1.));
#784 = ORIENTED_EDGE('',*,*,#785,.F.);
#785 = EDGE_CURVE('',#687,#777,#786,.T.);
#786 = LINE('',#787,#788);
#787 = CARTESIAN_POINT('',(0.3,-0.23,0.5));
#788 = VECTOR('',#789,1.);
#789 = DIRECTION('',(1.,0.,0.));
#790 = ORIENTED_EDGE('',*,*,#694,.F.);
#791 = CYLINDRICAL_SURFACE('',#792,2.E-02);
#792 = AXIS2_PLACEMENT_3D('',#793,#794,#795);
#793 = CARTESIAN_POINT('',(0.3,-0.23,0.48));
#794 = DIRECTION('',(1.,0.,0.));
#795 = DIRECTION('',(0.,-1.,0.));
#796 = ADVANCED_FACE('',(#797),#815,.F.);
#797 = FACE_BOUND('',#798,.F.);
#798 = EDGE_LOOP('',(#799,#800,#801,#809));
#799 = ORIENTED_EDGE('',*,*,#652,.F.);
#800 = ORIENTED_EDGE('',*,*,#751,.T.);
#801 = ORIENTED_EDGE('',*,*,#802,.T.);
#802 = EDGE_CURVE('',#752,#803,#805,.T.);
#803 = VERTEX_POINT('',#804);
#804 = CARTESIAN_POINT('',(0.5,0.23,0.));
#805 = LINE('',#806,#807);
#806 = CARTESIAN_POINT('',(0.5,-0.25,0.));
#807 = VECTOR('',#808,1.);
#808 = DIRECTION('',(0.,1.,0.));
#809 = ORIENTED_EDGE('',*,*,#810,.F.);
#810 = EDGE_CURVE('',#653,#803,#811,.T.);
#811 = LINE('',#812,#813);
#812 = CARTESIAN_POINT('',(0.3,0.23,0.));
#813 = VECTOR('',#814,1.);
#814 = DIRECTION('',(1.,0.,0.));
#815 = PLANE('',#816);
#816 = AXIS2_PLACEMENT_3D('',#817,#818,#819);
#817 = CARTESIAN_POINT('',(0.3,-0.25,0.));
#818 = DIRECTION('',(0.,0.,1.));
#819 = DIRECTION('',(1.,0.,-0.));
#820 = ADVANCED_FACE('',(#821),#839,.T.);
#821 = FACE_BOUND('',#822,.T.);
#822 = EDGE_LOOP('',(#823,#824,#825,#833));
#823 = ORIENTED_EDGE('',*,*,#686,.F.);
#824 = ORIENTED_EDGE('',*,*,#785,.T.);
#825 = ORIENTED_EDGE('',*,*,#826,.T.);
#826 = EDGE_CURVE('',#777,#827,#829,.T.);
#827 = VERTEX_POINT('',#828);
#828 = CARTESIAN_POINT('',(0.5,0.23,0.5));
#829 = LINE('',#830,#831);
#830 = CARTESIAN_POINT('',(0.5,-0.25,0.5));
#831 = VECTOR('',#832,1.);
#832 = DIRECTION('',(0.,1.,0.));
#833 = ORIENTED_EDGE('',*,*,#834,.F.);
#834 = EDGE_CURVE('',#678,#827,#835,.T.);
#835 = LINE('',#836,#837);
#836 = CARTESIAN_POINT('',(0.3,0.23,0.5));
#837 = VECTOR('',#838,1.);
#838 = DIRECTION('',(1.,0.,0.));
#839 = PLANE('',#840);
#840 = AXIS2_PLACEMENT_3D('',#841,#842,#843);
#841 = CARTESIAN_POINT('',(0.3,-0.25,0.5));
#842 = DIRECTION('',(0.,0.,1.));
#843 = DIRECTION('',(1.,0.,-0.));
#844 = ADVANCED_FACE('',(#845),#864,.T.);
#845 = FACE_BOUND('',#846,.T.);
#846 = EDGE_LOOP('',(#847,#855,#862,#863));
#847 = ORIENTED_EDGE('',*,*,#848,.T.);
#848 = EDGE_CURVE('',#661,#849,#851,.T.);
#849 = VERTEX_POINT('',#850);
#850 = CARTESIAN_POINT('',(0.5,0.25,2.E-02));
#851 = LINE('',#852,#853);
#852 = CARTESIAN_POINT('',(0.3,0.25,2.E-02));
#853 = VECTOR('',#854,1.);
#854 = DIRECTION('',(1.,0.,0.));
#855 = ORIENTED_EDGE('',*,*,#856,.T.);
#856 = EDGE_CURVE('',#849,#803,#857,.T.);
#857 = CIRCLE('',#858,2.E-02);
#858 = AXIS2_PLACEMENT_3D('',#859,#860,#861);
#859 = CARTESIAN_POINT('',(0.5,0.23,2.E-02));
#860 = DIRECTION('',(-1.,0.,0.));
#861 = DIRECTION('',(0.,0.,1.));
#862 = ORIENTED_EDGE('',*,*,#810,.F.);
#863 = ORIENTED_EDGE('',*,*,#660,.F.);
#864 = CYLINDRICAL_SURFACE('',#865,2.E-02);
#865 = AXIS2_PLACEMENT_3D('',#866,#867,#868);
#866 = CARTESIAN_POINT('',(0.3,0.23,2.E-02));
#867 = DIRECTION('',(1.,0.,0.));
#868 = DIRECTION('',(-0.,1.,0.));
#869 = ADVANCED_FACE('',(#870),#889,.T.);
#870 = FACE_BOUND('',#871,.T.);
#871 = EDGE_LOOP('',(#872,#873,#874,#883));
#872 = ORIENTED_EDGE('',*,*,#677,.T.);
#873 = ORIENTED_EDGE('',*,*,#834,.T.);
#874 = ORIENTED_EDGE('',*,*,#875,.F.);
#875 = EDGE_CURVE('',#876,#827,#878,.T.);
#876 = VERTEX_POINT('',#877);
#877 = CARTESIAN_POINT('',(0.5,0.25,0.48));
#878 = CIRCLE('',#879,2.E-02);
#879 = AXIS2_PLACEMENT_3D('',#880,#881,#882);
#880 = CARTESIAN_POINT('',(0.5,0.23,0.48));
#881 = DIRECTION('',(1.,0.,-0.));
#882 = DIRECTION('',(0.,0.,1.));
#883 = ORIENTED_EDGE('',*,*,#884,.F.);
#884 = EDGE_CURVE('',#670,#876,#885,.T.);
#885 = LINE('',#886,#887);
#886 = CARTESIAN_POINT('',(0.3,0.25,0.48));
#887 = VECTOR('',#888,1.);
#888 = DIRECTION('',(1.,0.,0.));
#889 = CYLINDRICAL_SURFACE('',#890,2.E-02);
#890 = AXIS2_PLACEMENT_3D('',#891,#892,#893);
#891 = CARTESIAN_POINT('',(0.3,0.23,0.48));
#892 = DIRECTION('',(1.,0.,0.));
#893 = DIRECTION('',(-0.,1.,0.));
#894 = ADVANCED_FACE('',(#895),#906,.T.);
#895 = FACE_BOUND('',#896,.T.);
#896 = EDGE_LOOP('',(#897,#903,#904,#905));
#897 = ORIENTED_EDGE('',*,*,#898,.F.);
#898 = EDGE_CURVE('',#849,#876,#899,.T.);
#899 = LINE('',#900,#901);
#900 = CARTESIAN_POINT('',(0.5,0.25,0.));
#901 = VECTOR('',#902,1.);
#902 = DIRECTION('',(0.,0.,1.));
#903 = ORIENTED_EDGE('',*,*,#848,.F.);
#904 = ORIENTED_EDGE('',*,*,#669,.T.);
#905 = ORIENTED_EDGE('',*,*,#884,.T.);
#906 = PLANE('',#907);
#907 = AXIS2_PLACEMENT_3D('',#908,#909,#910);
#908 = CARTESIAN_POINT('',(0.3,0.25,0.));
#909 = DIRECTION('',(0.,1.,0.));
#910 = DIRECTION('',(0.,-0.,1.));
#911 = ADVANCED_FACE('',(#912),#922,.T.);
#912 = FACE_BOUND('',#913,.T.);
#913 = EDGE_LOOP('',(#914,#915,#916,#917,#918,#919,#920,#921));
#914 = ORIENTED_EDGE('',*,*,#719,.F.);
#915 = ORIENTED_EDGE('',*,*,#759,.T.);
#916 = ORIENTED_EDGE('',*,*,#802,.T.);
#917 = ORIENTED_EDGE('',*,*,#856,.F.);
#918 = ORIENTED_EDGE('',*,*,#898,.T.);
#919 = ORIENTED_EDGE('',*,*,#875,.T.);
#920 = ORIENTED_EDGE('',*,*,#826,.F.);
#921 = ORIENTED_EDGE('',*,*,#776,.F.);
#922 = PLANE('',#923);
#923 = AXIS2_PLACEMENT_3D('',#924,#925,#926);
#924 = CARTESIAN_POINT('',(0.5,-0.25,0.));
#925 = DIRECTION('',(1.,0.,0.));
#926 = DIRECTION('',(0.,0.,1.));
#927 = ( GEOMETRIC_REPRESENTATION_CONTEXT(3) 
GLOBAL_UNCERTAINTY_ASSIGNED_CONTEXT((#931)) GLOBAL_UNIT_ASSIGNED_CONTEXT
((#928,#929,#930)) REPRESENTATION_CONTEXT('Context #1',
  '3D Context with UNIT and UNCERTAINTY') );
#928 = ( LENGTH_UNIT() NAMED_UNIT(*) SI_UNIT(.MILLI.,.METRE.) );
#929 = ( NAMED_UNIT(*) PLANE_ANGLE_UNIT() SI_UNIT($,.RADIAN.) );
#930 = ( NAMED_UNIT(*) SI_UNIT($,.STERADIAN.) SOLID_ANGLE_UNIT() );
#931 = UNCERTAINTY_MEASURE_WITH_UNIT(LENGTH_MEASURE(1.E-07),#928,
  'distance_accuracy_value','confusion accuracy');
#932 = CONTEXT_DEPENDENT_SHAPE_REPRESENTATION(#933,#935);
#933 = ( REPRESENTATION_RELATIONSHIP('','',#72,#10) 
REPRESENTATION_RELATIONSHIP_WITH_TRANSFORMATION(#934) 
SHAPE_REPRESENTATION_RELATIONSHIP() );
#934 = ITEM_DEFINED_TRANSFORMATION('','',#11,#15);
#935 = PRODUCT_DEFINITION_SHAPE('Placement','Placement of an item',#936
  );
#936 = NEXT_ASSEMBLY_USAGE_OCCURRENCE('1','C9','',#5,#67,$);
#937 = PRODUCT_RELATED_PRODUCT_CATEGORY('part',$,(#69));
#938 = SHAPE_DEFINITION_REPRESENTATION(#939,#945);
#939 = PRODUCT_DEFINITION_SHAPE('','',#940);
#940 = PRODUCT_DEFINITION('design','',#941,#944);
#941 = PRODUCT_DEFINITION_FORMATION('','',#942);
#942 = PRODUCT('R_0402_1005Metric','R_0402_1005Metric','',(#943));
#943 = PRODUCT_CONTEXT('',#2,'mechanical');
#944 = PRODUCT_DEFINITION_CONTEXT('part definition',#2,'design');
#945 = ADVANCED_BREP_SHAPE_REPRESENTATION('',(#11,#946),#1736);
#946 = MANIFOLD_SOLID_BREP('',#947);
#947 = CLOSED_SHELL('',(#948,#988,#1071,#1096,#1121,#1188,#1205,#1222,
    #1271,#1288,#1305,#1354,#1371,#1440,#1471,#1495,#1564,#1588,#1605,
    #1622,#1639,#1656,#1673,#1690,#1707,#1724));
#948 = ADVANCED_FACE('',(#949),#983,.F.);
#949 = FACE_BOUND('',#950,.F.);
#950 = EDGE_LOOP('',(#951,#961,#969,#977));
#951 = ORIENTED_EDGE('',*,*,#952,.F.);
#952 = EDGE_CURVE('',#953,#955,#957,.T.);
#953 = VERTEX_POINT('',#954);
#954 = CARTESIAN_POINT('',(-0.5,-0.25,3.5E-02));
#955 = VERTEX_POINT('',#956);
#956 = CARTESIAN_POINT('',(-0.5,-0.25,0.315));
#957 = LINE('',#958,#959);
#958 = CARTESIAN_POINT('',(-0.5,-0.25,0.));
#959 = VECTOR('',#960,1.);
#960 = DIRECTION('',(0.,0.,1.));
#961 = ORIENTED_EDGE('',*,*,#962,.T.);
#962 = EDGE_CURVE('',#953,#963,#965,.T.);
#963 = VERTEX_POINT('',#964);
#964 = CARTESIAN_POINT('',(-0.5,0.25,3.5E-02));
#965 = LINE('',#966,#967);
#966 = CARTESIAN_POINT('',(-0.5,-0.25,3.5E-02));
#967 = VECTOR('',#968,1.);
#968 = DIRECTION('',(0.,1.,0.));
#969 = ORIENTED_EDGE('',*,*,#970,.T.);
#970 = EDGE_CURVE('',#963,#971,#973,.T.);
#971 = VERTEX_POINT('',#972);
#972 = CARTESIAN_POINT('',(-0.5,0.25,0.315));
#973 = LINE('',#974,#975);
#974 = CARTESIAN_POINT('',(-0.5,0.25,0.));
#975 = VECTOR('',#976,1.);
#976 = DIRECTION('',(0.,0.,1.));
#977 = ORIENTED_EDGE('',*,*,#978,.F.);
#978 = EDGE_CURVE('',#955,#971,#979,.T.);
#979 = LINE('',#980,#981);
#980 = CARTESIAN_POINT('',(-0.5,-0.25,0.315));
#981 = VECTOR('',#982,1.);
#982 = DIRECTION('',(0.,1.,0.));
#983 = PLANE('',#984);
#984 = AXIS2_PLACEMENT_3D('',#985,#986,#987);
#985 = CARTESIAN_POINT('',(-0.5,-0.25,0.));
#986 = DIRECTION('',(1.,0.,0.));
#987 = DIRECTION('',(0.,0.,1.));
#988 = ADVANCED_FACE('',(#989),#1066,.F.);
#989 = FACE_BOUND('',#990,.F.);
#990 = EDGE_LOOP('',(#991,#1001,#1008,#1009,#1018,#1026,#1035,#1043,
    #1051,#1059));
#991 = ORIENTED_EDGE('',*,*,#992,.F.);
#992 = EDGE_CURVE('',#993,#995,#997,.T.);
#993 = VERTEX_POINT('',#994);
#994 = CARTESIAN_POINT('',(-0.465,-0.25,-2.775557561563E-17));
#995 = VERTEX_POINT('',#996);
#996 = CARTESIAN_POINT('',(-0.335,-0.25,-2.775557561563E-17));
#997 = LINE('',#998,#999);
#998 = CARTESIAN_POINT('',(-0.5,-0.25,0.));
#999 = VECTOR('',#1000,1.);
#1000 = DIRECTION('',(1.,0.,0.));
#1001 = ORIENTED_EDGE('',*,*,#1002,.F.);
#1002 = EDGE_CURVE('',#953,#993,#1003,.T.);
#1003 = CIRCLE('',#1004,3.5E-02);
#1004 = AXIS2_PLACEMENT_3D('',#1005,#1006,#1007);
#1005 = CARTESIAN_POINT('',(-0.465,-0.25,3.5E-02));
#1006 = DIRECTION('',(0.,-1.,0.));
#1007 = DIRECTION('',(0.,0.,1.));
#1008 = ORIENTED_EDGE('',*,*,#952,.T.);
#1009 = ORIENTED_EDGE('',*,*,#1010,.T.);
#1010 = EDGE_CURVE('',#955,#1011,#1013,.T.);
#1011 = VERTEX_POINT('',#1012);
#1012 = CARTESIAN_POINT('',(-0.465,-0.25,0.35));
#1013 = CIRCLE('',#1014,3.5E-02);
#1014 = AXIS2_PLACEMENT_3D('',#1015,#1016,#1017);
#1015 = CARTESIAN_POINT('',(-0.465,-0.25,0.315));
#1016 = DIRECTION('',(0.,1.,0.));
#1017 = DIRECTION('',(0.,-0.,1.));
#1018 = ORIENTED_EDGE('',*,*,#1019,.T.);
#1019 = EDGE_CURVE('',#1011,#1020,#1022,.T.);
#1020 = VERTEX_POINT('',#1021);
#1021 = CARTESIAN_POINT('',(-0.335,-0.25,0.35));
#1022 = LINE('',#1023,#1024);
#1023 = CARTESIAN_POINT('',(-0.5,-0.25,0.35));
#1024 = VECTOR('',#1025,1.);
#1025 = DIRECTION('',(1.,0.,0.));
#1026 = ORIENTED_EDGE('',*,*,#1027,.F.);
#1027 = EDGE_CURVE('',#1028,#1020,#1030,.T.);
#1028 = VERTEX_POINT('',#1029);
#1029 = CARTESIAN_POINT('',(-0.3,-0.25,0.315));
#1030 = CIRCLE('',#1031,3.5E-02);
#1031 = AXIS2_PLACEMENT_3D('',#1032,#1033,#1034);
#1032 = CARTESIAN_POINT('',(-0.335,-0.25,0.315));
#1033 = DIRECTION('',(0.,-1.,0.));
#1034 = DIRECTION('',(0.,0.,1.));
#1035 = ORIENTED_EDGE('',*,*,#1036,.F.);
#1036 = EDGE_CURVE('',#1037,#1028,#1039,.T.);
#1037 = VERTEX_POINT('',#1038);
#1038 = CARTESIAN_POINT('',(-0.465,-0.25,0.315));
#1039 = LINE('',#1040,#1041);
#1040 = CARTESIAN_POINT('',(-0.465,-0.25,0.315));
#1041 = VECTOR('',#1042,1.);
#1042 = DIRECTION('',(1.,0.,0.));
#1043 = ORIENTED_EDGE('',*,*,#1044,.F.);
#1044 = EDGE_CURVE('',#1045,#1037,#1047,.T.);
#1045 = VERTEX_POINT('',#1046);
#1046 = CARTESIAN_POINT('',(-0.465,-0.25,3.5E-02));
#1047 = LINE('',#1048,#1049);
#1048 = CARTESIAN_POINT('',(-0.465,-0.25,3.5E-02));
#1049 = VECTOR('',#1050,1.);
#1050 = DIRECTION('',(0.,0.,1.));
#1051 = ORIENTED_EDGE('',*,*,#1052,.T.);
#1052 = EDGE_CURVE('',#1045,#1053,#1055,.T.);
#1053 = VERTEX_POINT('',#1054);
#1054 = CARTESIAN_POINT('',(-0.3,-0.25,3.5E-02));
#1055 = LINE('',#1056,#1057);
#1056 = CARTESIAN_POINT('',(-0.465,-0.25,3.5E-02));
#1057 = VECTOR('',#1058,1.);
#1058 = DIRECTION('',(1.,0.,0.));
#1059 = ORIENTED_EDGE('',*,*,#1060,.T.);
#1060 = EDGE_CURVE('',#1053,#995,#1061,.T.);
#1061 = CIRCLE('',#1062,3.5E-02);
#1062 = AXIS2_PLACEMENT_3D('',#1063,#1064,#1065);
#1063 = CARTESIAN_POINT('',(-0.335,-0.25,3.5E-02));
#1064 = DIRECTION('',(0.,1.,0.));
#1065 = DIRECTION('',(0.,-0.,1.));
#1066 = PLANE('',#1067);
#1067 = AXIS2_PLACEMENT_3D('',#1068,#1069,#1070);
#1068 = CARTESIAN_POINT('',(-0.5,-0.25,0.));
#1069 = DIRECTION('',(0.,1.,0.));
#1070 = DIRECTION('',(0.,-0.,1.));
#1071 = ADVANCED_FACE('',(#1072),#1091,.T.);
#1072 = FACE_BOUND('',#1073,.T.);
#1073 = EDGE_LOOP('',(#1074,#1075,#1084,#1090));
#1074 = ORIENTED_EDGE('',*,*,#962,.T.);
#1075 = ORIENTED_EDGE('',*,*,#1076,.T.);
#1076 = EDGE_CURVE('',#963,#1077,#1079,.T.);
#1077 = VERTEX_POINT('',#1078);
#1078 = CARTESIAN_POINT('',(-0.465,0.25,-2.775557561563E-17));
#1079 = CIRCLE('',#1080,3.5E-02);
#1080 = AXIS2_PLACEMENT_3D('',#1081,#1082,#1083);
#1081 = CARTESIAN_POINT('',(-0.465,0.25,3.5E-02));
#1082 = DIRECTION('',(0.,-1.,0.));
#1083 = DIRECTION('',(0.,0.,1.));
#1084 = ORIENTED_EDGE('',*,*,#1085,.F.);
#1085 = EDGE_CURVE('',#993,#1077,#1086,.T.);
#1086 = LINE('',#1087,#1088);
#1087 = CARTESIAN_POINT('',(-0.465,-0.25,-2.775557561563E-17));
#1088 = VECTOR('',#1089,1.);
#1089 = DIRECTION('',(0.,1.,0.));
#1090 = ORIENTED_EDGE('',*,*,#1002,.F.);
#1091 = CYLINDRICAL_SURFACE('',#1092,3.5E-02);
#1092 = AXIS2_PLACEMENT_3D('',#1093,#1094,#1095);
#1093 = CARTESIAN_POINT('',(-0.465,-0.25,3.5E-02));
#1094 = DIRECTION('',(0.,1.,0.));
#1095 = DIRECTION('',(-1.,0.,0.));
#1096 = ADVANCED_FACE('',(#1097),#1116,.T.);
#1097 = FACE_BOUND('',#1098,.T.);
#1098 = EDGE_LOOP('',(#1099,#1100,#1108,#1115));
#1099 = ORIENTED_EDGE('',*,*,#1010,.T.);
#1100 = ORIENTED_EDGE('',*,*,#1101,.T.);
#1101 = EDGE_CURVE('',#1011,#1102,#1104,.T.);
#1102 = VERTEX_POINT('',#1103);
#1103 = CARTESIAN_POINT('',(-0.465,0.25,0.35));
#1104 = LINE('',#1105,#1106);
#1105 = CARTESIAN_POINT('',(-0.465,-0.25,0.35));
#1106 = VECTOR('',#1107,1.);
#1107 = DIRECTION('',(0.,1.,0.));
#1108 = ORIENTED_EDGE('',*,*,#1109,.F.);
#1109 = EDGE_CURVE('',#971,#1102,#1110,.T.);
#1110 = CIRCLE('',#1111,3.5E-02);
#1111 = AXIS2_PLACEMENT_3D('',#1112,#1113,#1114);
#1112 = CARTESIAN_POINT('',(-0.465,0.25,0.315));
#1113 = DIRECTION('',(0.,1.,0.));
#1114 = DIRECTION('',(0.,-0.,1.));
#1115 = ORIENTED_EDGE('',*,*,#978,.F.);
#1116 = CYLINDRICAL_SURFACE('',#1117,3.5E-02);
#1117 = AXIS2_PLACEMENT_3D('',#1118,#1119,#1120);
#1118 = CARTESIAN_POINT('',(-0.465,-0.25,0.315));
#1119 = DIRECTION('',(0.,1.,0.));
#1120 = DIRECTION('',(-1.,0.,0.));
#1121 = ADVANCED_FACE('',(#1122),#1183,.T.);
#1122 = FACE_BOUND('',#1123,.T.);
#1123 = EDGE_LOOP('',(#1124,#1132,#1133,#1134,#1135,#1143,#1152,#1160,
    #1168,#1176));
#1124 = ORIENTED_EDGE('',*,*,#1125,.F.);
#1125 = EDGE_CURVE('',#1077,#1126,#1128,.T.);
#1126 = VERTEX_POINT('',#1127);
#1127 = CARTESIAN_POINT('',(-0.335,0.25,-2.775557561563E-17));
#1128 = LINE('',#1129,#1130);
#1129 = CARTESIAN_POINT('',(-0.5,0.25,0.));
#1130 = VECTOR('',#1131,1.);
#1131 = DIRECTION('',(1.,0.,0.));
#1132 = ORIENTED_EDGE('',*,*,#1076,.F.);
#1133 = ORIENTED_EDGE('',*,*,#970,.T.);
#1134 = ORIENTED_EDGE('',*,*,#1109,.T.);
#1135 = ORIENTED_EDGE('',*,*,#1136,.T.);
#1136 = EDGE_CURVE('',#1102,#1137,#1139,.T.);
#1137 = VERTEX_POINT('',#1138);
#1138 = CARTESIAN_POINT('',(-0.335,0.25,0.35));
#1139 = LINE('',#1140,#1141);
#1140 = CARTESIAN_POINT('',(-0.5,0.25,0.35));
#1141 = VECTOR('',#1142,1.);
#1142 = DIRECTION('',(1.,0.,0.));
#1143 = ORIENTED_EDGE('',*,*,#1144,.F.);
#1144 = EDGE_CURVE('',#1145,#1137,#1147,.T.);
#1145 = VERTEX_POINT('',#1146);
#1146 = CARTESIAN_POINT('',(-0.3,0.25,0.315));
#1147 = CIRCLE('',#1148,3.5E-02);
#1148 = AXIS2_PLACEMENT_3D('',#1149,#1150,#1151);
#1149 = CARTESIAN_POINT('',(-0.335,0.25,0.315));
#1150 = DIRECTION('',(0.,-1.,0.));
#1151 = DIRECTION('',(0.,0.,1.));
#1152 = ORIENTED_EDGE('',*,*,#1153,.F.);
#1153 = EDGE_CURVE('',#1154,#1145,#1156,.T.);
#1154 = VERTEX_POINT('',#1155);
#1155 = CARTESIAN_POINT('',(-0.465,0.25,0.315));
#1156 = LINE('',#1157,#1158);
#1157 = CARTESIAN_POINT('',(-0.465,0.25,0.315));
#1158 = VECTOR('',#1159,1.);
#1159 = DIRECTION('',(1.,0.,0.));
#1160 = ORIENTED_EDGE('',*,*,#1161,.F.);
#1161 = EDGE_CURVE('',#1162,#1154,#1164,.T.);
#1162 = VERTEX_POINT('',#1163);
#1163 = CARTESIAN_POINT('',(-0.465,0.25,3.5E-02));
#1164 = LINE('',#1165,#1166);
#1165 = CARTESIAN_POINT('',(-0.465,0.25,3.5E-02));
#1166 = VECTOR('',#1167,1.);
#1167 = DIRECTION('',(0.,0.,1.));
#1168 = ORIENTED_EDGE('',*,*,#1169,.T.);
#1169 = EDGE_CURVE('',#1162,#1170,#1172,.T.);
#1170 = VERTEX_POINT('',#1171);
#1171 = CARTESIAN_POINT('',(-0.3,0.25,3.5E-02));
#1172 = LINE('',#1173,#1174);
#1173 = CARTESIAN_POINT('',(-0.465,0.25,3.5E-02));
#1174 = VECTOR('',#1175,1.);
#1175 = DIRECTION('',(1.,0.,0.));
#1176 = ORIENTED_EDGE('',*,*,#1177,.T.);
#1177 = EDGE_CURVE('',#1170,#1126,#1178,.T.);
#1178 = CIRCLE('',#1179,3.5E-02);
#1179 = AXIS2_PLACEMENT_3D('',#1180,#1181,#1182);
#1180 = CARTESIAN_POINT('',(-0.335,0.25,3.5E-02));
#1181 = DIRECTION('',(0.,1.,0.));
#1182 = DIRECTION('',(0.,-0.,1.));
#1183 = PLANE('',#1184);
#1184 = AXIS2_PLACEMENT_3D('',#1185,#1186,#1187);
#1185 = CARTESIAN_POINT('',(-0.5,0.25,0.));
#1186 = DIRECTION('',(0.,1.,0.));
#1187 = DIRECTION('',(0.,-0.,1.));
#1188 = ADVANCED_FACE('',(#1189),#1200,.F.);
#1189 = FACE_BOUND('',#1190,.F.);
#1190 = EDGE_LOOP('',(#1191,#1192,#1193,#1194));
#1191 = ORIENTED_EDGE('',*,*,#1125,.F.);
#1192 = ORIENTED_EDGE('',*,*,#1085,.F.);
#1193 = ORIENTED_EDGE('',*,*,#992,.T.);
#1194 = ORIENTED_EDGE('',*,*,#1195,.T.);
#1195 = EDGE_CURVE('',#995,#1126,#1196,.T.);
#1196 = LINE('',#1197,#1198);
#1197 = CARTESIAN_POINT('',(-0.335,-0.25,-2.775557561563E-17));
#1198 = VECTOR('',#1199,1.);
#1199 = DIRECTION('',(0.,1.,0.));
#1200 = PLANE('',#1201);
#1201 = AXIS2_PLACEMENT_3D('',#1202,#1203,#1204);
#1202 = CARTESIAN_POINT('',(-0.5,-0.25,0.));
#1203 = DIRECTION('',(0.,0.,1.));
#1204 = DIRECTION('',(1.,0.,-0.));
#1205 = ADVANCED_FACE('',(#1206),#1217,.T.);
#1206 = FACE_BOUND('',#1207,.T.);
#1207 = EDGE_LOOP('',(#1208,#1209,#1210,#1211));
#1208 = ORIENTED_EDGE('',*,*,#1060,.T.);
#1209 = ORIENTED_EDGE('',*,*,#1195,.T.);
#1210 = ORIENTED_EDGE('',*,*,#1177,.F.);
#1211 = ORIENTED_EDGE('',*,*,#1212,.F.);
#1212 = EDGE_CURVE('',#1053,#1170,#1213,.T.);
#1213 = LINE('',#1214,#1215);
#1214 = CARTESIAN_POINT('',(-0.3,-0.25,3.5E-02));
#1215 = VECTOR('',#1216,1.);
#1216 = DIRECTION('',(0.,1.,0.));
#1217 = CYLINDRICAL_SURFACE('',#1218,3.5E-02);
#1218 = AXIS2_PLACEMENT_3D('',#1219,#1220,#1221);
#1219 = CARTESIAN_POINT('',(-0.335,-0.25,3.5E-02));
#1220 = DIRECTION('',(0.,1.,0.));
#1221 = DIRECTION('',(1.,0.,0.));
#1222 = ADVANCED_FACE('',(#1223),#1266,.F.);
#1223 = FACE_BOUND('',#1224,.F.);
#1224 = EDGE_LOOP('',(#1225,#1226,#1227,#1228,#1236,#1244,#1252,#1260));
#1225 = ORIENTED_EDGE('',*,*,#1052,.F.);
#1226 = ORIENTED_EDGE('',*,*,#1044,.T.);
#1227 = ORIENTED_EDGE('',*,*,#1036,.T.);
#1228 = ORIENTED_EDGE('',*,*,#1229,.T.);
#1229 = EDGE_CURVE('',#1028,#1230,#1232,.T.);
#1230 = VERTEX_POINT('',#1231);
#1231 = CARTESIAN_POINT('',(0.3,-0.25,0.315));
#1232 = LINE('',#1233,#1234);
#1233 = CARTESIAN_POINT('',(-0.3,-0.25,0.315));
#1234 = VECTOR('',#1235,1.);
#1235 = DIRECTION('',(1.,0.,0.));
#1236 = ORIENTED_EDGE('',*,*,#1237,.T.);
#1237 = EDGE_CURVE('',#1230,#1238,#1240,.T.);
#1238 = VERTEX_POINT('',#1239);
#1239 = CARTESIAN_POINT('',(0.465,-0.25,0.315));
#1240 = LINE('',#1241,#1242);
#1241 = CARTESIAN_POINT('',(-0.465,-0.25,0.315));
#1242 = VECTOR('',#1243,1.);
#1243 = DIRECTION('',(1.,0.,0.));
#1244 = ORIENTED_EDGE('',*,*,#1245,.F.);
#1245 = EDGE_CURVE('',#1246,#1238,#1248,.T.);
#1246 = VERTEX_POINT('',#1247);
#1247 = CARTESIAN_POINT('',(0.465,-0.25,3.5E-02));
#1248 = LINE('',#1249,#1250);
#1249 = CARTESIAN_POINT('',(0.465,-0.25,3.5E-02));
#1250 = VECTOR('',#1251,1.);
#1251 = DIRECTION('',(0.,0.,1.));
#1252 = ORIENTED_EDGE('',*,*,#1253,.F.);
#1253 = EDGE_CURVE('',#1254,#1246,#1256,.T.);
#1254 = VERTEX_POINT('',#1255);
#1255 = CARTESIAN_POINT('',(0.3,-0.25,3.5E-02));
#1256 = LINE('',#1257,#1258);
#1257 = CARTESIAN_POINT('',(-0.465,-0.25,3.5E-02));
#1258 = VECTOR('',#1259,1.);
#1259 = DIRECTION('',(1.,0.,0.));
#1260 = ORIENTED_EDGE('',*,*,#1261,.F.);
#1261 = EDGE_CURVE('',#1053,#1254,#1262,.T.);
#1262 = LINE('',#1263,#1264);
#1263 = CARTESIAN_POINT('',(-0.465,-0.25,3.5E-02));
#1264 = VECTOR('',#1265,1.);
#1265 = DIRECTION('',(1.,0.,0.));
#1266 = PLANE('',#1267);
#1267 = AXIS2_PLACEMENT_3D('',#1268,#1269,#1270);
#1268 = CARTESIAN_POINT('',(-0.465,-0.25,3.5E-02));
#1269 = DIRECTION('',(0.,1.,0.));
#1270 = DIRECTION('',(0.,-0.,1.));
#1271 = ADVANCED_FACE('',(#1272),#1283,.T.);
#1272 = FACE_BOUND('',#1273,.T.);
#1273 = EDGE_LOOP('',(#1274,#1275,#1276,#1277));
#1274 = ORIENTED_EDGE('',*,*,#1136,.F.);
#1275 = ORIENTED_EDGE('',*,*,#1101,.F.);
#1276 = ORIENTED_EDGE('',*,*,#1019,.T.);
#1277 = ORIENTED_EDGE('',*,*,#1278,.T.);
#1278 = EDGE_CURVE('',#1020,#1137,#1279,.T.);
#1279 = LINE('',#1280,#1281);
#1280 = CARTESIAN_POINT('',(-0.335,-0.25,0.35));
#1281 = VECTOR('',#1282,1.);
#1282 = DIRECTION('',(0.,1.,0.));
#1283 = PLANE('',#1284);
#1284 = AXIS2_PLACEMENT_3D('',#1285,#1286,#1287);
#1285 = CARTESIAN_POINT('',(-0.5,-0.25,0.35));
#1286 = DIRECTION('',(0.,0.,1.));
#1287 = DIRECTION('',(1.,0.,-0.));
#1288 = ADVANCED_FACE('',(#1289),#1300,.T.);
#1289 = FACE_BOUND('',#1290,.T.);
#1290 = EDGE_LOOP('',(#1291,#1297,#1298,#1299));
#1291 = ORIENTED_EDGE('',*,*,#1292,.T.);
#1292 = EDGE_CURVE('',#1028,#1145,#1293,.T.);
#1293 = LINE('',#1294,#1295);
#1294 = CARTESIAN_POINT('',(-0.3,-0.25,0.315));
#1295 = VECTOR('',#1296,1.);
#1296 = DIRECTION('',(0.,1.,0.));
#1297 = ORIENTED_EDGE('',*,*,#1144,.T.);
#1298 = ORIENTED_EDGE('',*,*,#1278,.F.);
#1299 = ORIENTED_EDGE('',*,*,#1027,.F.);
#1300 = CYLINDRICAL_SURFACE('',#1301,3.5E-02);
#1301 = AXIS2_PLACEMENT_3D('',#1302,#1303,#1304);
#1302 = CARTESIAN_POINT('',(-0.335,-0.25,0.315));
#1303 = DIRECTION('',(0.,1.,0.));
#1304 = DIRECTION('',(1.,0.,0.));
#1305 = ADVANCED_FACE('',(#1306),#1349,.T.);
#1306 = FACE_BOUND('',#1307,.T.);
#1307 = EDGE_LOOP('',(#1308,#1309,#1310,#1311,#1319,#1327,#1335,#1343));
#1308 = ORIENTED_EDGE('',*,*,#1169,.F.);
#1309 = ORIENTED_EDGE('',*,*,#1161,.T.);
#1310 = ORIENTED_EDGE('',*,*,#1153,.T.);
#1311 = ORIENTED_EDGE('',*,*,#1312,.T.);
#1312 = EDGE_CURVE('',#1145,#1313,#1315,.T.);
#1313 = VERTEX_POINT('',#1314);
#1314 = CARTESIAN_POINT('',(0.3,0.25,0.315));
#1315 = LINE('',#1316,#1317);
#1316 = CARTESIAN_POINT('',(-0.3,0.25,0.315));
#1317 = VECTOR('',#1318,1.);
#1318 = DIRECTION('',(1.,0.,0.));
#1319 = ORIENTED_EDGE('',*,*,#1320,.T.);
#1320 = EDGE_CURVE('',#1313,#1321,#1323,.T.);
#1321 = VERTEX_POINT('',#1322);
#1322 = CARTESIAN_POINT('',(0.465,0.25,0.315));
#1323 = LINE('',#1324,#1325);
#1324 = CARTESIAN_POINT('',(-0.465,0.25,0.315));
#1325 = VECTOR('',#1326,1.);
#1326 = DIRECTION('',(1.,0.,0.));
#1327 = ORIENTED_EDGE('',*,*,#1328,.F.);
#1328 = EDGE_CURVE('',#1329,#1321,#1331,.T.);
#1329 = VERTEX_POINT('',#1330);
#1330 = CARTESIAN_POINT('',(0.465,0.25,3.5E-02));
#1331 = LINE('',#1332,#1333);
#1332 = CARTESIAN_POINT('',(0.465,0.25,3.5E-02));
#1333 = VECTOR('',#1334,1.);
#1334 = DIRECTION('',(0.,0.,1.));
#1335 = ORIENTED_EDGE('',*,*,#1336,.F.);
#1336 = EDGE_CURVE('',#1337,#1329,#1339,.T.);
#1337 = VERTEX_POINT('',#1338);
#1338 = CARTESIAN_POINT('',(0.3,0.25,3.5E-02));
#1339 = LINE('',#1340,#1341);
#1340 = CARTESIAN_POINT('',(-0.465,0.25,3.5E-02));
#1341 = VECTOR('',#1342,1.);
#1342 = DIRECTION('',(1.,0.,0.));
#1343 = ORIENTED_EDGE('',*,*,#1344,.F.);
#1344 = EDGE_CURVE('',#1170,#1337,#1345,.T.);
#1345 = LINE('',#1346,#1347);
#1346 = CARTESIAN_POINT('',(-0.465,0.25,3.5E-02));
#1347 = VECTOR('',#1348,1.);
#1348 = DIRECTION('',(1.,0.,0.));
#1349 = PLANE('',#1350);
#1350 = AXIS2_PLACEMENT_3D('',#1351,#1352,#1353);
#1351 = CARTESIAN_POINT('',(-0.465,0.25,3.5E-02));
#1352 = DIRECTION('',(0.,1.,0.));
#1353 = DIRECTION('',(0.,-0.,1.));
#1354 = ADVANCED_FACE('',(#1355),#1366,.F.);
#1355 = FACE_BOUND('',#1356,.F.);
#1356 = EDGE_LOOP('',(#1357,#1358,#1359,#1365));
#1357 = ORIENTED_EDGE('',*,*,#1212,.F.);
#1358 = ORIENTED_EDGE('',*,*,#1261,.T.);
#1359 = ORIENTED_EDGE('',*,*,#1360,.T.);
#1360 = EDGE_CURVE('',#1254,#1337,#1361,.T.);
#1361 = LINE('',#1362,#1363);
#1362 = CARTESIAN_POINT('',(0.3,-0.25,3.5E-02));
#1363 = VECTOR('',#1364,1.);
#1364 = DIRECTION('',(0.,1.,0.));
#1365 = ORIENTED_EDGE('',*,*,#1344,.F.);
#1366 = PLANE('',#1367);
#1367 = AXIS2_PLACEMENT_3D('',#1368,#1369,#1370);
#1368 = CARTESIAN_POINT('',(-0.465,-0.25,3.5E-02));
#1369 = DIRECTION('',(0.,0.,1.));
#1370 = DIRECTION('',(1.,0.,-0.));
#1371 = ADVANCED_FACE('',(#1372),#1435,.F.);
#1372 = FACE_BOUND('',#1373,.F.);
#1373 = EDGE_LOOP('',(#1374,#1384,#1391,#1392,#1393,#1394,#1403,#1411,
    #1420,#1428));
#1374 = ORIENTED_EDGE('',*,*,#1375,.F.);
#1375 = EDGE_CURVE('',#1376,#1378,#1380,.T.);
#1376 = VERTEX_POINT('',#1377);
#1377 = CARTESIAN_POINT('',(0.335,-0.25,-2.775557561563E-17));
#1378 = VERTEX_POINT('',#1379);
#1379 = CARTESIAN_POINT('',(0.465,-0.25,-2.775557561563E-17));
#1380 = LINE('',#1381,#1382);
#1381 = CARTESIAN_POINT('',(0.3,-0.25,0.));
#1382 = VECTOR('',#1383,1.);
#1383 = DIRECTION('',(1.,0.,0.));
#1384 = ORIENTED_EDGE('',*,*,#1385,.F.);
#1385 = EDGE_CURVE('',#1254,#1376,#1386,.T.);
#1386 = CIRCLE('',#1387,3.5E-02);
#1387 = AXIS2_PLACEMENT_3D('',#1388,#1389,#1390);
#1388 = CARTESIAN_POINT('',(0.335,-0.25,3.5E-02));
#1389 = DIRECTION('',(0.,-1.,0.));
#1390 = DIRECTION('',(0.,0.,1.));
#1391 = ORIENTED_EDGE('',*,*,#1253,.T.);
#1392 = ORIENTED_EDGE('',*,*,#1245,.T.);
#1393 = ORIENTED_EDGE('',*,*,#1237,.F.);
#1394 = ORIENTED_EDGE('',*,*,#1395,.T.);
#1395 = EDGE_CURVE('',#1230,#1396,#1398,.T.);
#1396 = VERTEX_POINT('',#1397);
#1397 = CARTESIAN_POINT('',(0.335,-0.25,0.35));
#1398 = CIRCLE('',#1399,3.5E-02);
#1399 = AXIS2_PLACEMENT_3D('',#1400,#1401,#1402);
#1400 = CARTESIAN_POINT('',(0.335,-0.25,0.315));
#1401 = DIRECTION('',(0.,1.,0.));
#1402 = DIRECTION('',(0.,-0.,1.));
#1403 = ORIENTED_EDGE('',*,*,#1404,.T.);
#1404 = EDGE_CURVE('',#1396,#1405,#1407,.T.);
#1405 = VERTEX_POINT('',#1406);
#1406 = CARTESIAN_POINT('',(0.465,-0.25,0.35));
#1407 = LINE('',#1408,#1409);
#1408 = CARTESIAN_POINT('',(0.3,-0.25,0.35));
#1409 = VECTOR('',#1410,1.);
#1410 = DIRECTION('',(1.,0.,0.));
#1411 = ORIENTED_EDGE('',*,*,#1412,.F.);
#1412 = EDGE_CURVE('',#1413,#1405,#1415,.T.);
#1413 = VERTEX_POINT('',#1414);
#1414 = CARTESIAN_POINT('',(0.5,-0.25,0.315));
#1415 = CIRCLE('',#1416,3.5E-02);
#1416 = AXIS2_PLACEMENT_3D('',#1417,#1418,#1419);
#1417 = CARTESIAN_POINT('',(0.465,-0.25,0.315));
#1418 = DIRECTION('',(0.,-1.,0.));
#1419 = DIRECTION('',(0.,0.,1.));
#1420 = ORIENTED_EDGE('',*,*,#1421,.F.);
#1421 = EDGE_CURVE('',#1422,#1413,#1424,.T.);
#1422 = VERTEX_POINT('',#1423);
#1423 = CARTESIAN_POINT('',(0.5,-0.25,3.5E-02));
#1424 = LINE('',#1425,#1426);
#1425 = CARTESIAN_POINT('',(0.5,-0.25,0.));
#1426 = VECTOR('',#1427,1.);
#1427 = DIRECTION('',(0.,0.,1.));
#1428 = ORIENTED_EDGE('',*,*,#1429,.T.);
#1429 = EDGE_CURVE('',#1422,#1378,#1430,.T.);
#1430 = CIRCLE('',#1431,3.5E-02);
#1431 = AXIS2_PLACEMENT_3D('',#1432,#1433,#1434);
#1432 = CARTESIAN_POINT('',(0.465,-0.25,3.5E-02));
#1433 = DIRECTION('',(0.,1.,0.));
#1434 = DIRECTION('',(0.,-0.,1.));
#1435 = PLANE('',#1436);
#1436 = AXIS2_PLACEMENT_3D('',#1437,#1438,#1439);
#1437 = CARTESIAN_POINT('',(0.3,-0.25,0.));
#1438 = DIRECTION('',(0.,1.,0.));
#1439 = DIRECTION('',(0.,-0.,1.));
#1440 = ADVANCED_FACE('',(#1441),#1466,.F.);
#1441 = FACE_BOUND('',#1442,.F.);
#1442 = EDGE_LOOP('',(#1443,#1444,#1452,#1460));
#1443 = ORIENTED_EDGE('',*,*,#1229,.F.);
#1444 = ORIENTED_EDGE('',*,*,#1445,.T.);
#1445 = EDGE_CURVE('',#1028,#1446,#1448,.T.);
#1446 = VERTEX_POINT('',#1447);
#1447 = CARTESIAN_POINT('',(-0.3,-0.25,0.35));
#1448 = LINE('',#1449,#1450);
#1449 = CARTESIAN_POINT('',(-0.3,-0.25,0.315));
#1450 = VECTOR('',#1451,1.);
#1451 = DIRECTION('',(0.,0.,1.));
#1452 = ORIENTED_EDGE('',*,*,#1453,.T.);
#1453 = EDGE_CURVE('',#1446,#1454,#1456,.T.);
#1454 = VERTEX_POINT('',#1455);
#1455 = CARTESIAN_POINT('',(0.3,-0.25,0.35));
#1456 = LINE('',#1457,#1458);
#1457 = CARTESIAN_POINT('',(-0.3,-0.25,0.35));
#1458 = VECTOR('',#1459,1.);
#1459 = DIRECTION('',(1.,0.,0.));
#1460 = ORIENTED_EDGE('',*,*,#1461,.F.);
#1461 = EDGE_CURVE('',#1230,#1454,#1462,.T.);
#1462 = LINE('',#1463,#1464);
#1463 = CARTESIAN_POINT('',(0.3,-0.25,0.315));
#1464 = VECTOR('',#1465,1.);
#1465 = DIRECTION('',(0.,0.,1.));
#1466 = PLANE('',#1467);
#1467 = AXIS2_PLACEMENT_3D('',#1468,#1469,#1470);
#1468 = CARTESIAN_POINT('',(-0.3,-0.25,0.315));
#1469 = DIRECTION('',(0.,1.,0.));
#1470 = DIRECTION('',(0.,-0.,1.));
#1471 = ADVANCED_FACE('',(#1472),#1490,.F.);
#1472 = FACE_BOUND('',#1473,.F.);
#1473 = EDGE_LOOP('',(#1474,#1475,#1476,#1484));
#1474 = ORIENTED_EDGE('',*,*,#1445,.F.);
#1475 = ORIENTED_EDGE('',*,*,#1292,.T.);
#1476 = ORIENTED_EDGE('',*,*,#1477,.T.);
#1477 = EDGE_CURVE('',#1145,#1478,#1480,.T.);
#1478 = VERTEX_POINT('',#1479);
#1479 = CARTESIAN_POINT('',(-0.3,0.25,0.35));
#1480 = LINE('',#1481,#1482);
#1481 = CARTESIAN_POINT('',(-0.3,0.25,0.315));
#1482 = VECTOR('',#1483,1.);
#1483 = DIRECTION('',(0.,0.,1.));
#1484 = ORIENTED_EDGE('',*,*,#1485,.F.);
#1485 = EDGE_CURVE('',#1446,#1478,#1486,.T.);
#1486 = LINE('',#1487,#1488);
#1487 = CARTESIAN_POINT('',(-0.3,-0.25,0.35));
#1488 = VECTOR('',#1489,1.);
#1489 = DIRECTION('',(0.,1.,0.));
#1490 = PLANE('',#1491);
#1491 = AXIS2_PLACEMENT_3D('',#1492,#1493,#1494);
#1492 = CARTESIAN_POINT('',(-0.3,-0.25,0.315));
#1493 = DIRECTION('',(1.,0.,0.));
#1494 = DIRECTION('',(0.,0.,1.));
#1495 = ADVANCED_FACE('',(#1496),#1559,.T.);
#1496 = FACE_BOUND('',#1497,.T.);
#1497 = EDGE_LOOP('',(#1498,#1508,#1515,#1516,#1517,#1518,#1527,#1535,
    #1544,#1552));
#1498 = ORIENTED_EDGE('',*,*,#1499,.F.);
#1499 = EDGE_CURVE('',#1500,#1502,#1504,.T.);
#1500 = VERTEX_POINT('',#1501);
#1501 = CARTESIAN_POINT('',(0.335,0.25,-2.775557561563E-17));
#1502 = VERTEX_POINT('',#1503);
#1503 = CARTESIAN_POINT('',(0.465,0.25,-2.775557561563E-17));
#1504 = LINE('',#1505,#1506);
#1505 = CARTESIAN_POINT('',(0.3,0.25,0.));
#1506 = VECTOR('',#1507,1.);
#1507 = DIRECTION('',(1.,0.,0.));
#1508 = ORIENTED_EDGE('',*,*,#1509,.F.);
#1509 = EDGE_CURVE('',#1337,#1500,#1510,.T.);
#1510 = CIRCLE('',#1511,3.5E-02);
#1511 = AXIS2_PLACEMENT_3D('',#1512,#1513,#1514);
#1512 = CARTESIAN_POINT('',(0.335,0.25,3.5E-02));
#1513 = DIRECTION('',(0.,-1.,0.));
#1514 = DIRECTION('',(0.,0.,1.));
#1515 = ORIENTED_EDGE('',*,*,#1336,.T.);
#1516 = ORIENTED_EDGE('',*,*,#1328,.T.);
#1517 = ORIENTED_EDGE('',*,*,#1320,.F.);
#1518 = ORIENTED_EDGE('',*,*,#1519,.T.);
#1519 = EDGE_CURVE('',#1313,#1520,#1522,.T.);
#1520 = VERTEX_POINT('',#1521);
#1521 = CARTESIAN_POINT('',(0.335,0.25,0.35));
#1522 = CIRCLE('',#1523,3.5E-02);
#1523 = AXIS2_PLACEMENT_3D('',#1524,#1525,#1526);
#1524 = CARTESIAN_POINT('',(0.335,0.25,0.315));
#1525 = DIRECTION('',(0.,1.,0.));
#1526 = DIRECTION('',(0.,-0.,1.));
#1527 = ORIENTED_EDGE('',*,*,#1528,.T.);
#1528 = EDGE_CURVE('',#1520,#1529,#1531,.T.);
#1529 = VERTEX_POINT('',#1530);
#1530 = CARTESIAN_POINT('',(0.465,0.25,0.35));
#1531 = LINE('',#1532,#1533);
#1532 = CARTESIAN_POINT('',(0.3,0.25,0.35));
#1533 = VECTOR('',#1534,1.);
#1534 = DIRECTION('',(1.,0.,0.));
#1535 = ORIENTED_EDGE('',*,*,#1536,.F.);
#1536 = EDGE_CURVE('',#1537,#1529,#1539,.T.);
#1537 = VERTEX_POINT('',#1538);
#1538 = CARTESIAN_POINT('',(0.5,0.25,0.315));
#1539 = CIRCLE('',#1540,3.5E-02);
#1540 = AXIS2_PLACEMENT_3D('',#1541,#1542,#1543);
#1541 = CARTESIAN_POINT('',(0.465,0.25,0.315));
#1542 = DIRECTION('',(0.,-1.,0.));
#1543 = DIRECTION('',(0.,0.,1.));
#1544 = ORIENTED_EDGE('',*,*,#1545,.F.);
#1545 = EDGE_CURVE('',#1546,#1537,#1548,.T.);
#1546 = VERTEX_POINT('',#1547);
#1547 = CARTESIAN_POINT('',(0.5,0.25,3.5E-02));
#1548 = LINE('',#1549,#1550);
#1549 = CARTESIAN_POINT('',(0.5,0.25,0.));
#1550 = VECTOR('',#1551,1.);
#1551 = DIRECTION('',(0.,0.,1.));
#1552 = ORIENTED_EDGE('',*,*,#1553,.T.);
#1553 = EDGE_CURVE('',#1546,#1502,#1554,.T.);
#1554 = CIRCLE('',#1555,3.5E-02);
#1555 = AXIS2_PLACEMENT_3D('',#1556,#1557,#1558);
#1556 = CARTESIAN_POINT('',(0.465,0.25,3.5E-02));
#1557 = DIRECTION('',(0.,1.,0.));
#1558 = DIRECTION('',(0.,-0.,1.));
#1559 = PLANE('',#1560);
#1560 = AXIS2_PLACEMENT_3D('',#1561,#1562,#1563);
#1561 = CARTESIAN_POINT('',(0.3,0.25,0.));
#1562 = DIRECTION('',(0.,1.,0.));
#1563 = DIRECTION('',(0.,-0.,1.));
#1564 = ADVANCED_FACE('',(#1565),#1583,.T.);
#1565 = FACE_BOUND('',#1566,.T.);
#1566 = EDGE_LOOP('',(#1567,#1568,#1569,#1577));
#1567 = ORIENTED_EDGE('',*,*,#1312,.F.);
#1568 = ORIENTED_EDGE('',*,*,#1477,.T.);
#1569 = ORIENTED_EDGE('',*,*,#1570,.T.);
#1570 = EDGE_CURVE('',#1478,#1571,#1573,.T.);
#1571 = VERTEX_POINT('',#1572);
#1572 = CARTESIAN_POINT('',(0.3,0.25,0.35));
#1573 = LINE('',#1574,#1575);
#1574 = CARTESIAN_POINT('',(-0.3,0.25,0.35));
#1575 = VECTOR('',#1576,1.);
#1576 = DIRECTION('',(1.,0.,0.));
#1577 = ORIENTED_EDGE('',*,*,#1578,.F.);
#1578 = EDGE_CURVE('',#1313,#1571,#1579,.T.);
#1579 = LINE('',#1580,#1581);
#1580 = CARTESIAN_POINT('',(0.3,0.25,0.315));
#1581 = VECTOR('',#1582,1.);
#1582 = DIRECTION('',(0.,0.,1.));
#1583 = PLANE('',#1584);
#1584 = AXIS2_PLACEMENT_3D('',#1585,#1586,#1587);
#1585 = CARTESIAN_POINT('',(-0.3,0.25,0.315));
#1586 = DIRECTION('',(0.,1.,0.));
#1587 = DIRECTION('',(0.,-0.,1.));
#1588 = ADVANCED_FACE('',(#1589),#1600,.T.);
#1589 = FACE_BOUND('',#1590,.T.);
#1590 = EDGE_LOOP('',(#1591,#1592,#1593,#1599));
#1591 = ORIENTED_EDGE('',*,*,#1360,.T.);
#1592 = ORIENTED_EDGE('',*,*,#1509,.T.);
#1593 = ORIENTED_EDGE('',*,*,#1594,.F.);
#1594 = EDGE_CURVE('',#1376,#1500,#1595,.T.);
#1595 = LINE('',#1596,#1597);
#1596 = CARTESIAN_POINT('',(0.335,-0.25,-2.775557561563E-17));
#1597 = VECTOR('',#1598,1.);
#1598 = DIRECTION('',(0.,1.,0.));
#1599 = ORIENTED_EDGE('',*,*,#1385,.F.);
#1600 = CYLINDRICAL_SURFACE('',#1601,3.5E-02);
#1601 = AXIS2_PLACEMENT_3D('',#1602,#1603,#1604);
#1602 = CARTESIAN_POINT('',(0.335,-0.25,3.5E-02));
#1603 = DIRECTION('',(0.,1.,0.));
#1604 = DIRECTION('',(-1.,0.,0.));
#1605 = ADVANCED_FACE('',(#1606),#1617,.F.);
#1606 = FACE_BOUND('',#1607,.F.);
#1607 = EDGE_LOOP('',(#1608,#1609,#1610,#1611));
#1608 = ORIENTED_EDGE('',*,*,#1499,.F.);
#1609 = ORIENTED_EDGE('',*,*,#1594,.F.);
#1610 = ORIENTED_EDGE('',*,*,#1375,.T.);
#1611 = ORIENTED_EDGE('',*,*,#1612,.T.);
#1612 = EDGE_CURVE('',#1378,#1502,#1613,.T.);
#1613 = LINE('',#1614,#1615);
#1614 = CARTESIAN_POINT('',(0.465,-0.25,-2.775557561563E-17));
#1615 = VECTOR('',#1616,1.);
#1616 = DIRECTION('',(0.,1.,0.));
#1617 = PLANE('',#1618);
#1618 = AXIS2_PLACEMENT_3D('',#1619,#1620,#1621);
#1619 = CARTESIAN_POINT('',(0.3,-0.25,0.));
#1620 = DIRECTION('',(0.,0.,1.));
#1621 = DIRECTION('',(1.,0.,-0.));
#1622 = ADVANCED_FACE('',(#1623),#1634,.T.);
#1623 = FACE_BOUND('',#1624,.T.);
#1624 = EDGE_LOOP('',(#1625,#1626,#1627,#1628));
#1625 = ORIENTED_EDGE('',*,*,#1429,.T.);
#1626 = ORIENTED_EDGE('',*,*,#1612,.T.);
#1627 = ORIENTED_EDGE('',*,*,#1553,.F.);
#1628 = ORIENTED_EDGE('',*,*,#1629,.F.);
#1629 = EDGE_CURVE('',#1422,#1546,#1630,.T.);
#1630 = LINE('',#1631,#1632);
#1631 = CARTESIAN_POINT('',(0.5,-0.25,3.5E-02));
#1632 = VECTOR('',#1633,1.);
#1633 = DIRECTION('',(0.,1.,0.));
#1634 = CYLINDRICAL_SURFACE('',#1635,3.5E-02);
#1635 = AXIS2_PLACEMENT_3D('',#1636,#1637,#1638);
#1636 = CARTESIAN_POINT('',(0.465,-0.25,3.5E-02));
#1637 = DIRECTION('',(0.,1.,0.));
#1638 = DIRECTION('',(1.,0.,0.));
#1639 = ADVANCED_FACE('',(#1640),#1651,.T.);
#1640 = FACE_BOUND('',#1641,.T.);
#1641 = EDGE_LOOP('',(#1642,#1643,#1644,#1645));
#1642 = ORIENTED_EDGE('',*,*,#1421,.F.);
#1643 = ORIENTED_EDGE('',*,*,#1629,.T.);
#1644 = ORIENTED_EDGE('',*,*,#1545,.T.);
#1645 = ORIENTED_EDGE('',*,*,#1646,.F.);
#1646 = EDGE_CURVE('',#1413,#1537,#1647,.T.);
#1647 = LINE('',#1648,#1649);
#1648 = CARTESIAN_POINT('',(0.5,-0.25,0.315));
#1649 = VECTOR('',#1650,1.);
#1650 = DIRECTION('',(0.,1.,0.));
#1651 = PLANE('',#1652);
#1652 = AXIS2_PLACEMENT_3D('',#1653,#1654,#1655);
#1653 = CARTESIAN_POINT('',(0.5,-0.25,0.));
#1654 = DIRECTION('',(1.,0.,0.));
#1655 = DIRECTION('',(0.,0.,1.));
#1656 = ADVANCED_FACE('',(#1657),#1668,.T.);
#1657 = FACE_BOUND('',#1658,.T.);
#1658 = EDGE_LOOP('',(#1659,#1660,#1661,#1667));
#1659 = ORIENTED_EDGE('',*,*,#1646,.T.);
#1660 = ORIENTED_EDGE('',*,*,#1536,.T.);
#1661 = ORIENTED_EDGE('',*,*,#1662,.F.);
#1662 = EDGE_CURVE('',#1405,#1529,#1663,.T.);
#1663 = LINE('',#1664,#1665);
#1664 = CARTESIAN_POINT('',(0.465,-0.25,0.35));
#1665 = VECTOR('',#1666,1.);
#1666 = DIRECTION('',(0.,1.,0.));
#1667 = ORIENTED_EDGE('',*,*,#1412,.F.);
#1668 = CYLINDRICAL_SURFACE('',#1669,3.5E-02);
#1669 = AXIS2_PLACEMENT_3D('',#1670,#1671,#1672);
#1670 = CARTESIAN_POINT('',(0.465,-0.25,0.315));
#1671 = DIRECTION('',(0.,1.,0.));
#1672 = DIRECTION('',(1.,0.,0.));
#1673 = ADVANCED_FACE('',(#1674),#1685,.T.);
#1674 = FACE_BOUND('',#1675,.T.);
#1675 = EDGE_LOOP('',(#1676,#1677,#1683,#1684));
#1676 = ORIENTED_EDGE('',*,*,#1528,.F.);
#1677 = ORIENTED_EDGE('',*,*,#1678,.F.);
#1678 = EDGE_CURVE('',#1396,#1520,#1679,.T.);
#1679 = LINE('',#1680,#1681);
#1680 = CARTESIAN_POINT('',(0.335,-0.25,0.35));
#1681 = VECTOR('',#1682,1.);
#1682 = DIRECTION('',(0.,1.,0.));
#1683 = ORIENTED_EDGE('',*,*,#1404,.T.);
#1684 = ORIENTED_EDGE('',*,*,#1662,.T.);
#1685 = PLANE('',#1686);
#1686 = AXIS2_PLACEMENT_3D('',#1687,#1688,#1689);
#1687 = CARTESIAN_POINT('',(0.3,-0.25,0.35));
#1688 = DIRECTION('',(0.,0.,1.));
#1689 = DIRECTION('',(1.,0.,-0.));
#1690 = ADVANCED_FACE('',(#1691),#1702,.T.);
#1691 = FACE_BOUND('',#1692,.T.);
#1692 = EDGE_LOOP('',(#1693,#1694,#1695,#1696));
#1693 = ORIENTED_EDGE('',*,*,#1395,.T.);
#1694 = ORIENTED_EDGE('',*,*,#1678,.T.);
#1695 = ORIENTED_EDGE('',*,*,#1519,.F.);
#1696 = ORIENTED_EDGE('',*,*,#1697,.F.);
#1697 = EDGE_CURVE('',#1230,#1313,#1698,.T.);
#1698 = LINE('',#1699,#1700);
#1699 = CARTESIAN_POINT('',(0.3,-0.25,0.315));
#1700 = VECTOR('',#1701,1.);
#1701 = DIRECTION('',(0.,1.,0.));
#1702 = CYLINDRICAL_SURFACE('',#1703,3.5E-02);
#1703 = AXIS2_PLACEMENT_3D('',#1704,#1705,#1706);
#1704 = CARTESIAN_POINT('',(0.335,-0.25,0.315));
#1705 = DIRECTION('',(0.,1.,0.));
#1706 = DIRECTION('',(-1.,0.,0.));
#1707 = ADVANCED_FACE('',(#1708),#1719,.T.);
#1708 = FACE_BOUND('',#1709,.T.);
#1709 = EDGE_LOOP('',(#1710,#1711,#1712,#1713));
#1710 = ORIENTED_EDGE('',*,*,#1461,.F.);
#1711 = ORIENTED_EDGE('',*,*,#1697,.T.);
#1712 = ORIENTED_EDGE('',*,*,#1578,.T.);
#1713 = ORIENTED_EDGE('',*,*,#1714,.F.);
#1714 = EDGE_CURVE('',#1454,#1571,#1715,.T.);
#1715 = LINE('',#1716,#1717);
#1716 = CARTESIAN_POINT('',(0.3,-0.25,0.35));
#1717 = VECTOR('',#1718,1.);
#1718 = DIRECTION('',(0.,1.,0.));
#1719 = PLANE('',#1720);
#1720 = AXIS2_PLACEMENT_3D('',#1721,#1722,#1723);
#1721 = CARTESIAN_POINT('',(0.3,-0.25,0.315));
#1722 = DIRECTION('',(1.,0.,0.));
#1723 = DIRECTION('',(0.,0.,1.));
#1724 = ADVANCED_FACE('',(#1725),#1731,.T.);
#1725 = FACE_BOUND('',#1726,.T.);
#1726 = EDGE_LOOP('',(#1727,#1728,#1729,#1730));
#1727 = ORIENTED_EDGE('',*,*,#1485,.F.);
#1728 = ORIENTED_EDGE('',*,*,#1453,.T.);
#1729 = ORIENTED_EDGE('',*,*,#1714,.T.);
#1730 = ORIENTED_EDGE('',*,*,#1570,.F.);
#1731 = PLANE('',#1732);
#1732 = AXIS2_PLACEMENT_3D('',#1733,#1734,#1735);
#1733 = CARTESIAN_POINT('',(-0.3,-0.25,0.35));
#1734 = DIRECTION('',(0.,0.,1.));
#1735 = DIRECTION('',(1.,0.,-0.));
#1736 = ( GEOMETRIC_REPRESENTATION_CONTEXT(3) 
GLOBAL_UNCERTAINTY_ASSIGNED_CONTEXT((#1740)) 
GLOBAL_UNIT_ASSIGNED_CONTEXT((#1737,#1738,#1739)) REPRESENTATION_CONTEXT
('Context #1','3D Context with UNIT and UNCERTAINTY') );
#1737 = ( LENGTH_UNIT() NAMED_UNIT(*) SI_UNIT(.MILLI.,.METRE.) );
#1738 = ( NAMED_UNIT(*) PLANE_ANGLE_UNIT() SI_UNIT($,.RADIAN.) );
#1739 = ( NAMED_UNIT(*) SI_UNIT($,.STERADIAN.) SOLID_ANGLE_UNIT() );
#1740 = UNCERTAINTY_MEASURE_WITH_UNIT(LENGTH_MEASURE(1.E-07),#1737,
  'distance_accuracy_value','confusion accuracy');
#1741 = CONTEXT_DEPENDENT_SHAPE_REPRESENTATION(#1742,#1744);
#1742 = ( REPRESENTATION_RELATIONSHIP('','',#945,#10) 
REPRESENTATION_RELATIONSHIP_WITH_TRANSFORMATION(#1743) 
SHAPE_REPRESENTATION_RELATIONSHIP() );
#1743 = ITEM_DEFINED_TRANSFORMATION('','',#11,#19);
#1744 = PRODUCT_DEFINITION_SHAPE('Placement','Placement of an item',
  #1745);
#1745 = NEXT_ASSEMBLY_USAGE_OCCURRENCE('2','R3','',#5,#940,$);
#1746 = PRODUCT_RELATED_PRODUCT_CATEGORY('part',$,(#942));
#1747 = CONTEXT_DEPENDENT_SHAPE_REPRESENTATION(#1748,#1750);
#1748 = ( REPRESENTATION_RELATIONSHIP('','',#72,#10) 
REPRESENTATION_RELATIONSHIP_WITH_TRANSFORMATION(#1749) 
SHAPE_REPRESENTATION_RELATIONSHIP() );
#1749 = ITEM_DEFINED_TRANSFORMATION('','',#11,#23);
#1750 = PRODUCT_DEFINITION_SHAPE('Placement','Placement of an item',
  #1751);
#1751 = NEXT_ASSEMBLY_USAGE_OCCURRENCE('3','C8','',#5,#67,$);
#1752 = SHAPE_DEFINITION_REPRESENTATION(#1753,#1759);
#1753 = PRODUCT_DEFINITION_SHAPE('','',#1754);
#1754 = PRODUCT_DEFINITION('design','',#1755,#1758);
#1755 = PRODUCT_DEFINITION_FORMATION('','',#1756);
#1756 = PRODUCT('C_0603_1608Metric','C_0603_1608Metric','',(#1757));
#1757 = PRODUCT_CONTEXT('',#2,'mechanical');
#1758 = PRODUCT_DEFINITION_CONTEXT('part definition',#2,'design');
#1759 = ADVANCED_BREP_SHAPE_REPRESENTATION('',(#11,#1760),#2614);
#1760 = MANIFOLD_SOLID_BREP('',#1761);
#1761 = CLOSED_SHELL('',(#1762,#1838,#1869,#1894,#1919,#1943,#1967,#1992
    ,#2017,#2034,#2120,#2152,#2176,#2201,#2225,#2250,#2274,#2299,#2316,
    #2402,#2433,#2458,#2483,#2507,#2531,#2556,#2581,#2598));
#1762 = ADVANCED_FACE('',(#1763),#1833,.F.);
#1763 = FACE_BOUND('',#1764,.F.);
#1764 = EDGE_LOOP('',(#1765,#1775,#1784,#1792,#1801,#1809,#1818,#1826));
#1765 = ORIENTED_EDGE('',*,*,#1766,.F.);
#1766 = EDGE_CURVE('',#1767,#1769,#1771,.T.);
#1767 = VERTEX_POINT('',#1768);
#1768 = CARTESIAN_POINT('',(-0.8,-0.4,3.E-02));
#1769 = VERTEX_POINT('',#1770);
#1770 = CARTESIAN_POINT('',(-0.8,-0.4,0.77));
#1771 = LINE('',#1772,#1773);
#1772 = CARTESIAN_POINT('',(-0.8,-0.4,0.));
#1773 = VECTOR('',#1774,1.);
#1774 = DIRECTION('',(0.,0.,1.));
#1775 = ORIENTED_EDGE('',*,*,#1776,.T.);
#1776 = EDGE_CURVE('',#1767,#1777,#1779,.T.);
#1777 = VERTEX_POINT('',#1778);
#1778 = CARTESIAN_POINT('',(-0.8,-0.37,0.));
#1779 = CIRCLE('',#1780,3.E-02);
#1780 = AXIS2_PLACEMENT_3D('',#1781,#1782,#1783);
#1781 = CARTESIAN_POINT('',(-0.8,-0.37,3.E-02));
#1782 = DIRECTION('',(1.,0.,-0.));
#1783 = DIRECTION('',(0.,0.,1.));
#1784 = ORIENTED_EDGE('',*,*,#1785,.T.);
#1785 = EDGE_CURVE('',#1777,#1786,#1788,.T.);
#1786 = VERTEX_POINT('',#1787);
#1787 = CARTESIAN_POINT('',(-0.8,0.37,0.));
#1788 = LINE('',#1789,#1790);
#1789 = CARTESIAN_POINT('',(-0.8,-0.4,0.));
#1790 = VECTOR('',#1791,1.);
#1791 = DIRECTION('',(0.,1.,0.));
#1792 = ORIENTED_EDGE('',*,*,#1793,.F.);
#1793 = EDGE_CURVE('',#1794,#1786,#1796,.T.);
#1794 = VERTEX_POINT('',#1795);
#1795 = CARTESIAN_POINT('',(-0.8,0.4,3.E-02));
#1796 = CIRCLE('',#1797,3.E-02);
#1797 = AXIS2_PLACEMENT_3D('',#1798,#1799,#1800);
#1798 = CARTESIAN_POINT('',(-0.8,0.37,3.E-02));
#1799 = DIRECTION('',(-1.,0.,0.));
#1800 = DIRECTION('',(0.,0.,1.));
#1801 = ORIENTED_EDGE('',*,*,#1802,.T.);
#1802 = EDGE_CURVE('',#1794,#1803,#1805,.T.);
#1803 = VERTEX_POINT('',#1804);
#1804 = CARTESIAN_POINT('',(-0.8,0.4,0.77));
#1805 = LINE('',#1806,#1807);
#1806 = CARTESIAN_POINT('',(-0.8,0.4,0.));
#1807 = VECTOR('',#1808,1.);
#1808 = DIRECTION('',(0.,0.,1.));
#1809 = ORIENTED_EDGE('',*,*,#1810,.T.);
#1810 = EDGE_CURVE('',#1803,#1811,#1813,.T.);
#1811 = VERTEX_POINT('',#1812);
#1812 = CARTESIAN_POINT('',(-0.8,0.37,0.8));
#1813 = CIRCLE('',#1814,3.E-02);
#1814 = AXIS2_PLACEMENT_3D('',#1815,#1816,#1817);
#1815 = CARTESIAN_POINT('',(-0.8,0.37,0.77));
#1816 = DIRECTION('',(1.,0.,-0.));
#1817 = DIRECTION('',(0.,0.,1.));
#1818 = ORIENTED_EDGE('',*,*,#1819,.F.);
#1819 = EDGE_CURVE('',#1820,#1811,#1822,.T.);
#1820 = VERTEX_POINT('',#1821);
#1821 = CARTESIAN_POINT('',(-0.8,-0.37,0.8));
#1822 = LINE('',#1823,#1824);
#1823 = CARTESIAN_POINT('',(-0.8,-0.4,0.8));
#1824 = VECTOR('',#1825,1.);
#1825 = DIRECTION('',(0.,1.,0.));
#1826 = ORIENTED_EDGE('',*,*,#1827,.F.);
#1827 = EDGE_CURVE('',#1769,#1820,#1828,.T.);
#1828 = CIRCLE('',#1829,3.E-02);
#1829 = AXIS2_PLACEMENT_3D('',#1830,#1831,#1832);
#1830 = CARTESIAN_POINT('',(-0.8,-0.37,0.77));
#1831 = DIRECTION('',(-1.,0.,0.));
#1832 = DIRECTION('',(0.,0.,1.));
#1833 = PLANE('',#1834);
#1834 = AXIS2_PLACEMENT_3D('',#1835,#1836,#1837);
#1835 = CARTESIAN_POINT('',(-0.8,-0.4,0.));
#1836 = DIRECTION('',(1.,0.,0.));
#1837 = DIRECTION('',(0.,0.,1.));
#1838 = ADVANCED_FACE('',(#1839),#1864,.F.);
#1839 = FACE_BOUND('',#1840,.F.);
#1840 = EDGE_LOOP('',(#1841,#1851,#1857,#1858));
#1841 = ORIENTED_EDGE('',*,*,#1842,.F.);
#1842 = EDGE_CURVE('',#1843,#1845,#1847,.T.);
#1843 = VERTEX_POINT('',#1844);
#1844 = CARTESIAN_POINT('',(-0.5,-0.4,3.E-02));
#1845 = VERTEX_POINT('',#1846);
#1846 = CARTESIAN_POINT('',(-0.5,-0.4,0.77));
#1847 = LINE('',#1848,#1849);
#1848 = CARTESIAN_POINT('',(-0.5,-0.4,0.));
#1849 = VECTOR('',#1850,1.);
#1850 = DIRECTION('',(0.,0.,1.));
#1851 = ORIENTED_EDGE('',*,*,#1852,.F.);
#1852 = EDGE_CURVE('',#1767,#1843,#1853,.T.);
#1853 = LINE('',#1854,#1855);
#1854 = CARTESIAN_POINT('',(-0.8,-0.4,3.E-02));
#1855 = VECTOR('',#1856,1.);
#1856 = DIRECTION('',(1.,0.,0.));
#1857 = ORIENTED_EDGE('',*,*,#1766,.T.);
#1858 = ORIENTED_EDGE('',*,*,#1859,.T.);
#1859 = EDGE_CURVE('',#1769,#1845,#1860,.T.);
#1860 = LINE('',#1861,#1862);
#1861 = CARTESIAN_POINT('',(-0.8,-0.4,0.77));
#1862 = VECTOR('',#1863,1.);
#1863 = DIRECTION('',(1.,0.,0.));
#1864 = PLANE('',#1865);
#1865 = AXIS2_PLACEMENT_3D('',#1866,#1867,#1868);
#1866 = CARTESIAN_POINT('',(-0.8,-0.4,0.));
#1867 = DIRECTION('',(0.,1.,0.));
#1868 = DIRECTION('',(0.,-0.,1.));
#1869 = ADVANCED_FACE('',(#1870),#1889,.T.);
#1870 = FACE_BOUND('',#1871,.T.);
#1871 = EDGE_LOOP('',(#1872,#1873,#1881,#1888));
#1872 = ORIENTED_EDGE('',*,*,#1776,.T.);
#1873 = ORIENTED_EDGE('',*,*,#1874,.T.);
#1874 = EDGE_CURVE('',#1777,#1875,#1877,.T.);
#1875 = VERTEX_POINT('',#1876);
#1876 = CARTESIAN_POINT('',(-0.5,-0.37,0.));
#1877 = LINE('',#1878,#1879);
#1878 = CARTESIAN_POINT('',(-0.8,-0.37,0.));
#1879 = VECTOR('',#1880,1.);
#1880 = DIRECTION('',(1.,0.,0.));
#1881 = ORIENTED_EDGE('',*,*,#1882,.F.);
#1882 = EDGE_CURVE('',#1843,#1875,#1883,.T.);
#1883 = CIRCLE('',#1884,3.E-02);
#1884 = AXIS2_PLACEMENT_3D('',#1885,#1886,#1887);
#1885 = CARTESIAN_POINT('',(-0.5,-0.37,3.E-02));
#1886 = DIRECTION('',(1.,0.,-0.));
#1887 = DIRECTION('',(0.,0.,1.));
#1888 = ORIENTED_EDGE('',*,*,#1852,.F.);
#1889 = CYLINDRICAL_SURFACE('',#1890,3.E-02);
#1890 = AXIS2_PLACEMENT_3D('',#1891,#1892,#1893);
#1891 = CARTESIAN_POINT('',(-0.8,-0.37,3.E-02));
#1892 = DIRECTION('',(1.,0.,0.));
#1893 = DIRECTION('',(0.,-1.,0.));
#1894 = ADVANCED_FACE('',(#1895),#1914,.T.);
#1895 = FACE_BOUND('',#1896,.T.);
#1896 = EDGE_LOOP('',(#1897,#1898,#1907,#1913));
#1897 = ORIENTED_EDGE('',*,*,#1859,.T.);
#1898 = ORIENTED_EDGE('',*,*,#1899,.T.);
#1899 = EDGE_CURVE('',#1845,#1900,#1902,.T.);
#1900 = VERTEX_POINT('',#1901);
#1901 = CARTESIAN_POINT('',(-0.5,-0.37,0.8));
#1902 = CIRCLE('',#1903,3.E-02);
#1903 = AXIS2_PLACEMENT_3D('',#1904,#1905,#1906);
#1904 = CARTESIAN_POINT('',(-0.5,-0.37,0.77));
#1905 = DIRECTION('',(-1.,0.,0.));
#1906 = DIRECTION('',(0.,0.,1.));
#1907 = ORIENTED_EDGE('',*,*,#1908,.F.);
#1908 = EDGE_CURVE('',#1820,#1900,#1909,.T.);
#1909 = LINE('',#1910,#1911);
#1910 = CARTESIAN_POINT('',(-0.8,-0.37,0.8));
#1911 = VECTOR('',#1912,1.);
#1912 = DIRECTION('',(1.,0.,0.));
#1913 = ORIENTED_EDGE('',*,*,#1827,.F.);
#1914 = CYLINDRICAL_SURFACE('',#1915,3.E-02);
#1915 = AXIS2_PLACEMENT_3D('',#1916,#1917,#1918);
#1916 = CARTESIAN_POINT('',(-0.8,-0.37,0.77));
#1917 = DIRECTION('',(1.,0.,0.));
#1918 = DIRECTION('',(0.,-1.,0.));
#1919 = ADVANCED_FACE('',(#1920),#1938,.F.);
#1920 = FACE_BOUND('',#1921,.F.);
#1921 = EDGE_LOOP('',(#1922,#1923,#1924,#1932));
#1922 = ORIENTED_EDGE('',*,*,#1785,.F.);
#1923 = ORIENTED_EDGE('',*,*,#1874,.T.);
#1924 = ORIENTED_EDGE('',*,*,#1925,.T.);
#1925 = EDGE_CURVE('',#1875,#1926,#1928,.T.);
#1926 = VERTEX_POINT('',#1927);
#1927 = CARTESIAN_POINT('',(-0.5,0.37,0.));
#1928 = LINE('',#1929,#1930);
#1929 = CARTESIAN_POINT('',(-0.5,-0.4,0.));
#1930 = VECTOR('',#1931,1.);
#1931 = DIRECTION('',(0.,1.,0.));
#1932 = ORIENTED_EDGE('',*,*,#1933,.F.);
#1933 = EDGE_CURVE('',#1786,#1926,#1934,.T.);
#1934 = LINE('',#1935,#1936);
#1935 = CARTESIAN_POINT('',(-0.8,0.37,0.));
#1936 = VECTOR('',#1937,1.);
#1937 = DIRECTION('',(1.,0.,0.));
#1938 = PLANE('',#1939);
#1939 = AXIS2_PLACEMENT_3D('',#1940,#1941,#1942);
#1940 = CARTESIAN_POINT('',(-0.8,-0.4,0.));
#1941 = DIRECTION('',(0.,0.,1.));
#1942 = DIRECTION('',(1.,0.,-0.));
#1943 = ADVANCED_FACE('',(#1944),#1962,.T.);
#1944 = FACE_BOUND('',#1945,.T.);
#1945 = EDGE_LOOP('',(#1946,#1947,#1948,#1956));
#1946 = ORIENTED_EDGE('',*,*,#1819,.F.);
#1947 = ORIENTED_EDGE('',*,*,#1908,.T.);
#1948 = ORIENTED_EDGE('',*,*,#1949,.T.);
#1949 = EDGE_CURVE('',#1900,#1950,#1952,.T.);
#1950 = VERTEX_POINT('',#1951);
#1951 = CARTESIAN_POINT('',(-0.5,0.37,0.8));
#1952 = LINE('',#1953,#1954);
#1953 = CARTESIAN_POINT('',(-0.5,-0.4,0.8));
#1954 = VECTOR('',#1955,1.);
#1955 = DIRECTION('',(0.,1.,0.));
#1956 = ORIENTED_EDGE('',*,*,#1957,.F.);
#1957 = EDGE_CURVE('',#1811,#1950,#1958,.T.);
#1958 = LINE('',#1959,#1960);
#1959 = CARTESIAN_POINT('',(-0.8,0.37,0.8));
#1960 = VECTOR('',#1961,1.);
#1961 = DIRECTION('',(1.,0.,0.));
#1962 = PLANE('',#1963);
#1963 = AXIS2_PLACEMENT_3D('',#1964,#1965,#1966);
#1964 = CARTESIAN_POINT('',(-0.8,-0.4,0.8));
#1965 = DIRECTION('',(0.,0.,1.));
#1966 = DIRECTION('',(1.,0.,-0.));
#1967 = ADVANCED_FACE('',(#1968),#1987,.T.);
#1968 = FACE_BOUND('',#1969,.T.);
#1969 = EDGE_LOOP('',(#1970,#1978,#1985,#1986));
#1970 = ORIENTED_EDGE('',*,*,#1971,.T.);
#1971 = EDGE_CURVE('',#1794,#1972,#1974,.T.);
#1972 = VERTEX_POINT('',#1973);
#1973 = CARTESIAN_POINT('',(-0.5,0.4,3.E-02));
#1974 = LINE('',#1975,#1976);
#1975 = CARTESIAN_POINT('',(-0.8,0.4,3.E-02));
#1976 = VECTOR('',#1977,1.);
#1977 = DIRECTION('',(1.,0.,0.));
#1978 = ORIENTED_EDGE('',*,*,#1979,.T.);
#1979 = EDGE_CURVE('',#1972,#1926,#1980,.T.);
#1980 = CIRCLE('',#1981,3.E-02);
#1981 = AXIS2_PLACEMENT_3D('',#1982,#1983,#1984);
#1982 = CARTESIAN_POINT('',(-0.5,0.37,3.E-02));
#1983 = DIRECTION('',(-1.,0.,0.));
#1984 = DIRECTION('',(0.,0.,1.));
#1985 = ORIENTED_EDGE('',*,*,#1933,.F.);
#1986 = ORIENTED_EDGE('',*,*,#1793,.F.);
#1987 = CYLINDRICAL_SURFACE('',#1988,3.E-02);
#1988 = AXIS2_PLACEMENT_3D('',#1989,#1990,#1991);
#1989 = CARTESIAN_POINT('',(-0.8,0.37,3.E-02));
#1990 = DIRECTION('',(1.,0.,0.));
#1991 = DIRECTION('',(-0.,1.,0.));
#1992 = ADVANCED_FACE('',(#1993),#2012,.T.);
#1993 = FACE_BOUND('',#1994,.T.);
#1994 = EDGE_LOOP('',(#1995,#1996,#1997,#2006));
#1995 = ORIENTED_EDGE('',*,*,#1810,.T.);
#1996 = ORIENTED_EDGE('',*,*,#1957,.T.);
#1997 = ORIENTED_EDGE('',*,*,#1998,.F.);
#1998 = EDGE_CURVE('',#1999,#1950,#2001,.T.);
#1999 = VERTEX_POINT('',#2000);
#2000 = CARTESIAN_POINT('',(-0.5,0.4,0.77));
#2001 = CIRCLE('',#2002,3.E-02);
#2002 = AXIS2_PLACEMENT_3D('',#2003,#2004,#2005);
#2003 = CARTESIAN_POINT('',(-0.5,0.37,0.77));
#2004 = DIRECTION('',(1.,0.,-0.));
#2005 = DIRECTION('',(0.,0.,1.));
#2006 = ORIENTED_EDGE('',*,*,#2007,.F.);
#2007 = EDGE_CURVE('',#1803,#1999,#2008,.T.);
#2008 = LINE('',#2009,#2010);
#2009 = CARTESIAN_POINT('',(-0.8,0.4,0.77));
#2010 = VECTOR('',#2011,1.);
#2011 = DIRECTION('',(1.,0.,0.));
#2012 = CYLINDRICAL_SURFACE('',#2013,3.E-02);
#2013 = AXIS2_PLACEMENT_3D('',#2014,#2015,#2016);
#2014 = CARTESIAN_POINT('',(-0.8,0.37,0.77));
#2015 = DIRECTION('',(1.,0.,0.));
#2016 = DIRECTION('',(-0.,1.,0.));
#2017 = ADVANCED_FACE('',(#2018),#2029,.T.);
#2018 = FACE_BOUND('',#2019,.T.);
#2019 = EDGE_LOOP('',(#2020,#2026,#2027,#2028));
#2020 = ORIENTED_EDGE('',*,*,#2021,.F.);
#2021 = EDGE_CURVE('',#1972,#1999,#2022,.T.);
#2022 = LINE('',#2023,#2024);
#2023 = CARTESIAN_POINT('',(-0.5,0.4,0.));
#2024 = VECTOR('',#2025,1.);
#2025 = DIRECTION('',(0.,0.,1.));
#2026 = ORIENTED_EDGE('',*,*,#1971,.F.);
#2027 = ORIENTED_EDGE('',*,*,#1802,.T.);
#2028 = ORIENTED_EDGE('',*,*,#2007,.T.);
#2029 = PLANE('',#2030);
#2030 = AXIS2_PLACEMENT_3D('',#2031,#2032,#2033);
#2031 = CARTESIAN_POINT('',(-0.8,0.4,0.));
#2032 = DIRECTION('',(0.,1.,0.));
#2033 = DIRECTION('',(0.,-0.,1.));
#2034 = ADVANCED_FACE('',(#2035,#2045),#2115,.T.);
#2035 = FACE_BOUND('',#2036,.T.);
#2036 = EDGE_LOOP('',(#2037,#2038,#2039,#2040,#2041,#2042,#2043,#2044));
#2037 = ORIENTED_EDGE('',*,*,#1842,.F.);
#2038 = ORIENTED_EDGE('',*,*,#1882,.T.);
#2039 = ORIENTED_EDGE('',*,*,#1925,.T.);
#2040 = ORIENTED_EDGE('',*,*,#1979,.F.);
#2041 = ORIENTED_EDGE('',*,*,#2021,.T.);
#2042 = ORIENTED_EDGE('',*,*,#1998,.T.);
#2043 = ORIENTED_EDGE('',*,*,#1949,.F.);
#2044 = ORIENTED_EDGE('',*,*,#1899,.F.);
#2045 = FACE_BOUND('',#2046,.T.);
#2046 = EDGE_LOOP('',(#2047,#2058,#2066,#2075,#2083,#2092,#2100,#2109));
#2047 = ORIENTED_EDGE('',*,*,#2048,.F.);
#2048 = EDGE_CURVE('',#2049,#2051,#2053,.T.);
#2049 = VERTEX_POINT('',#2050);
#2050 = CARTESIAN_POINT('',(-0.5,-0.37,6.E-02));
#2051 = VERTEX_POINT('',#2052);
#2052 = CARTESIAN_POINT('',(-0.5,-0.34,3.E-02));
#2053 = CIRCLE('',#2054,3.E-02);
#2054 = AXIS2_PLACEMENT_3D('',#2055,#2056,#2057);
#2055 = CARTESIAN_POINT('',(-0.5,-0.34,6.E-02));
#2056 = DIRECTION('',(1.,0.,-0.));
#2057 = DIRECTION('',(0.,0.,1.));
#2058 = ORIENTED_EDGE('',*,*,#2059,.T.);
#2059 = EDGE_CURVE('',#2049,#2060,#2062,.T.);
#2060 = VERTEX_POINT('',#2061);
#2061 = CARTESIAN_POINT('',(-0.5,-0.37,0.74));
#2062 = LINE('',#2063,#2064);
#2063 = CARTESIAN_POINT('',(-0.5,-0.37,3.E-02));
#2064 = VECTOR('',#2065,1.);
#2065 = DIRECTION('',(0.,0.,1.));
#2066 = ORIENTED_EDGE('',*,*,#2067,.T.);
#2067 = EDGE_CURVE('',#2060,#2068,#2070,.T.);
#2068 = VERTEX_POINT('',#2069);
#2069 = CARTESIAN_POINT('',(-0.5,-0.34,0.77));
#2070 = CIRCLE('',#2071,3.E-02);
#2071 = AXIS2_PLACEMENT_3D('',#2072,#2073,#2074);
#2072 = CARTESIAN_POINT('',(-0.5,-0.34,0.74));
#2073 = DIRECTION('',(-1.,0.,0.));
#2074 = DIRECTION('',(0.,0.,1.));
#2075 = ORIENTED_EDGE('',*,*,#2076,.T.);
#2076 = EDGE_CURVE('',#2068,#2077,#2079,.T.);
#2077 = VERTEX_POINT('',#2078);
#2078 = CARTESIAN_POINT('',(-0.5,0.34,0.77));
#2079 = LINE('',#2080,#2081);
#2080 = CARTESIAN_POINT('',(-0.5,-0.37,0.77));
#2081 = VECTOR('',#2082,1.);
#2082 = DIRECTION('',(0.,1.,0.));
#2083 = ORIENTED_EDGE('',*,*,#2084,.F.);
#2084 = EDGE_CURVE('',#2085,#2077,#2087,.T.);
#2085 = VERTEX_POINT('',#2086);
#2086 = CARTESIAN_POINT('',(-0.5,0.37,0.74));
#2087 = CIRCLE('',#2088,3.E-02);
#2088 = AXIS2_PLACEMENT_3D('',#2089,#2090,#2091);
#2089 = CARTESIAN_POINT('',(-0.5,0.34,0.74));
#2090 = DIRECTION('',(1.,0.,-0.));
#2091 = DIRECTION('',(0.,0.,1.));
#2092 = ORIENTED_EDGE('',*,*,#2093,.F.);
#2093 = EDGE_CURVE('',#2094,#2085,#2096,.T.);
#2094 = VERTEX_POINT('',#2095);
#2095 = CARTESIAN_POINT('',(-0.5,0.37,6.E-02));
#2096 = LINE('',#2097,#2098);
#2097 = CARTESIAN_POINT('',(-0.5,0.37,3.E-02));
#2098 = VECTOR('',#2099,1.);
#2099 = DIRECTION('',(0.,0.,1.));
#2100 = ORIENTED_EDGE('',*,*,#2101,.T.);
#2101 = EDGE_CURVE('',#2094,#2102,#2104,.T.);
#2102 = VERTEX_POINT('',#2103);
#2103 = CARTESIAN_POINT('',(-0.5,0.34,3.E-02));
#2104 = CIRCLE('',#2105,3.E-02);
#2105 = AXIS2_PLACEMENT_3D('',#2106,#2107,#2108);
#2106 = CARTESIAN_POINT('',(-0.5,0.34,6.E-02));
#2107 = DIRECTION('',(-1.,0.,0.));
#2108 = DIRECTION('',(0.,0.,1.));
#2109 = ORIENTED_EDGE('',*,*,#2110,.F.);
#2110 = EDGE_CURVE('',#2051,#2102,#2111,.T.);
#2111 = LINE('',#2112,#2113);
#2112 = CARTESIAN_POINT('',(-0.5,-0.37,3.E-02));
#2113 = VECTOR('',#2114,1.);
#2114 = DIRECTION('',(0.,1.,0.));
#2115 = PLANE('',#2116);
#2116 = AXIS2_PLACEMENT_3D('',#2117,#2118,#2119);
#2117 = CARTESIAN_POINT('',(-0.5,-0.4,0.));
#2118 = DIRECTION('',(1.,0.,0.));
#2119 = DIRECTION('',(0.,0.,1.));
#2120 = ADVANCED_FACE('',(#2121),#2147,.T.);
#2121 = FACE_BOUND('',#2122,.T.);
#2122 = EDGE_LOOP('',(#2123,#2124,#2132,#2141));
#2123 = ORIENTED_EDGE('',*,*,#2048,.T.);
#2124 = ORIENTED_EDGE('',*,*,#2125,.T.);
#2125 = EDGE_CURVE('',#2051,#2126,#2128,.T.);
#2126 = VERTEX_POINT('',#2127);
#2127 = CARTESIAN_POINT('',(0.5,-0.34,3.E-02));
#2128 = LINE('',#2129,#2130);
#2129 = CARTESIAN_POINT('',(-0.5,-0.34,3.E-02));
#2130 = VECTOR('',#2131,1.);
#2131 = DIRECTION('',(1.,0.,0.));
#2132 = ORIENTED_EDGE('',*,*,#2133,.F.);
#2133 = EDGE_CURVE('',#2134,#2126,#2136,.T.);
#2134 = VERTEX_POINT('',#2135);
#2135 = CARTESIAN_POINT('',(0.5,-0.37,6.E-02));
#2136 = CIRCLE('',#2137,3.E-02);
#2137 = AXIS2_PLACEMENT_3D('',#2138,#2139,#2140);
#2138 = CARTESIAN_POINT('',(0.5,-0.34,6.E-02));
#2139 = DIRECTION('',(1.,0.,-0.));
#2140 = DIRECTION('',(0.,0.,1.));
#2141 = ORIENTED_EDGE('',*,*,#2142,.F.);
#2142 = EDGE_CURVE('',#2049,#2134,#2143,.T.);
#2143 = LINE('',#2144,#2145);
#2144 = CARTESIAN_POINT('',(-0.5,-0.37,6.E-02));
#2145 = VECTOR('',#2146,1.);
#2146 = DIRECTION('',(1.,0.,0.));
#2147 = CYLINDRICAL_SURFACE('',#2148,3.E-02);
#2148 = AXIS2_PLACEMENT_3D('',#2149,#2150,#2151);
#2149 = CARTESIAN_POINT('',(-0.5,-0.34,6.E-02));
#2150 = DIRECTION('',(1.,0.,0.));
#2151 = DIRECTION('',(0.,-1.,0.));
#2152 = ADVANCED_FACE('',(#2153),#2171,.F.);
#2153 = FACE_BOUND('',#2154,.F.);
#2154 = EDGE_LOOP('',(#2155,#2156,#2157,#2165));
#2155 = ORIENTED_EDGE('',*,*,#2110,.F.);
#2156 = ORIENTED_EDGE('',*,*,#2125,.T.);
#2157 = ORIENTED_EDGE('',*,*,#2158,.T.);
#2158 = EDGE_CURVE('',#2126,#2159,#2161,.T.);
#2159 = VERTEX_POINT('',#2160);
#2160 = CARTESIAN_POINT('',(0.5,0.34,3.E-02));
#2161 = LINE('',#2162,#2163);
#2162 = CARTESIAN_POINT('',(0.5,-0.37,3.E-02));
#2163 = VECTOR('',#2164,1.);
#2164 = DIRECTION('',(0.,1.,0.));
#2165 = ORIENTED_EDGE('',*,*,#2166,.F.);
#2166 = EDGE_CURVE('',#2102,#2159,#2167,.T.);
#2167 = LINE('',#2168,#2169);
#2168 = CARTESIAN_POINT('',(-0.5,0.34,3.E-02));
#2169 = VECTOR('',#2170,1.);
#2170 = DIRECTION('',(1.,0.,0.));
#2171 = PLANE('',#2172);
#2172 = AXIS2_PLACEMENT_3D('',#2173,#2174,#2175);
#2173 = CARTESIAN_POINT('',(-0.5,-0.37,3.E-02));
#2174 = DIRECTION('',(0.,0.,1.));
#2175 = DIRECTION('',(1.,0.,-0.));
#2176 = ADVANCED_FACE('',(#2177),#2196,.T.);
#2177 = FACE_BOUND('',#2178,.T.);
#2178 = EDGE_LOOP('',(#2179,#2187,#2194,#2195));
#2179 = ORIENTED_EDGE('',*,*,#2180,.T.);
#2180 = EDGE_CURVE('',#2094,#2181,#2183,.T.);
#2181 = VERTEX_POINT('',#2182);
#2182 = CARTESIAN_POINT('',(0.5,0.37,6.E-02));
#2183 = LINE('',#2184,#2185);
#2184 = CARTESIAN_POINT('',(-0.5,0.37,6.E-02));
#2185 = VECTOR('',#2186,1.);
#2186 = DIRECTION('',(1.,0.,0.));
#2187 = ORIENTED_EDGE('',*,*,#2188,.T.);
#2188 = EDGE_CURVE('',#2181,#2159,#2189,.T.);
#2189 = CIRCLE('',#2190,3.E-02);
#2190 = AXIS2_PLACEMENT_3D('',#2191,#2192,#2193);
#2191 = CARTESIAN_POINT('',(0.5,0.34,6.E-02));
#2192 = DIRECTION('',(-1.,0.,0.));
#2193 = DIRECTION('',(0.,0.,1.));
#2194 = ORIENTED_EDGE('',*,*,#2166,.F.);
#2195 = ORIENTED_EDGE('',*,*,#2101,.F.);
#2196 = CYLINDRICAL_SURFACE('',#2197,3.E-02);
#2197 = AXIS2_PLACEMENT_3D('',#2198,#2199,#2200);
#2198 = CARTESIAN_POINT('',(-0.5,0.34,6.E-02));
#2199 = DIRECTION('',(1.,0.,0.));
#2200 = DIRECTION('',(-0.,1.,0.));
#2201 = ADVANCED_FACE('',(#2202),#2220,.T.);
#2202 = FACE_BOUND('',#2203,.T.);
#2203 = EDGE_LOOP('',(#2204,#2212,#2213,#2214));
#2204 = ORIENTED_EDGE('',*,*,#2205,.F.);
#2205 = EDGE_CURVE('',#2181,#2206,#2208,.T.);
#2206 = VERTEX_POINT('',#2207);
#2207 = CARTESIAN_POINT('',(0.5,0.37,0.74));
#2208 = LINE('',#2209,#2210);
#2209 = CARTESIAN_POINT('',(0.5,0.37,3.E-02));
#2210 = VECTOR('',#2211,1.);
#2211 = DIRECTION('',(0.,0.,1.));
#2212 = ORIENTED_EDGE('',*,*,#2180,.F.);
#2213 = ORIENTED_EDGE('',*,*,#2093,.T.);
#2214 = ORIENTED_EDGE('',*,*,#2215,.T.);
#2215 = EDGE_CURVE('',#2085,#2206,#2216,.T.);
#2216 = LINE('',#2217,#2218);
#2217 = CARTESIAN_POINT('',(-0.5,0.37,0.74));
#2218 = VECTOR('',#2219,1.);
#2219 = DIRECTION('',(1.,0.,0.));
#2220 = PLANE('',#2221);
#2221 = AXIS2_PLACEMENT_3D('',#2222,#2223,#2224);
#2222 = CARTESIAN_POINT('',(-0.5,0.37,3.E-02));
#2223 = DIRECTION('',(0.,1.,0.));
#2224 = DIRECTION('',(0.,-0.,1.));
#2225 = ADVANCED_FACE('',(#2226),#2245,.T.);
#2226 = FACE_BOUND('',#2227,.T.);
#2227 = EDGE_LOOP('',(#2228,#2229,#2237,#2244));
#2228 = ORIENTED_EDGE('',*,*,#2084,.T.);
#2229 = ORIENTED_EDGE('',*,*,#2230,.T.);
#2230 = EDGE_CURVE('',#2077,#2231,#2233,.T.);
#2231 = VERTEX_POINT('',#2232);
#2232 = CARTESIAN_POINT('',(0.5,0.34,0.77));
#2233 = LINE('',#2234,#2235);
#2234 = CARTESIAN_POINT('',(-0.5,0.34,0.77));
#2235 = VECTOR('',#2236,1.);
#2236 = DIRECTION('',(1.,0.,0.));
#2237 = ORIENTED_EDGE('',*,*,#2238,.F.);
#2238 = EDGE_CURVE('',#2206,#2231,#2239,.T.);
#2239 = CIRCLE('',#2240,3.E-02);
#2240 = AXIS2_PLACEMENT_3D('',#2241,#2242,#2243);
#2241 = CARTESIAN_POINT('',(0.5,0.34,0.74));
#2242 = DIRECTION('',(1.,0.,-0.));
#2243 = DIRECTION('',(0.,0.,1.));
#2244 = ORIENTED_EDGE('',*,*,#2215,.F.);
#2245 = CYLINDRICAL_SURFACE('',#2246,3.E-02);
#2246 = AXIS2_PLACEMENT_3D('',#2247,#2248,#2249);
#2247 = CARTESIAN_POINT('',(-0.5,0.34,0.74));
#2248 = DIRECTION('',(1.,0.,0.));
#2249 = DIRECTION('',(-0.,1.,0.));
#2250 = ADVANCED_FACE('',(#2251),#2269,.T.);
#2251 = FACE_BOUND('',#2252,.T.);
#2252 = EDGE_LOOP('',(#2253,#2254,#2262,#2268));
#2253 = ORIENTED_EDGE('',*,*,#2076,.F.);
#2254 = ORIENTED_EDGE('',*,*,#2255,.T.);
#2255 = EDGE_CURVE('',#2068,#2256,#2258,.T.);
#2256 = VERTEX_POINT('',#2257);
#2257 = CARTESIAN_POINT('',(0.5,-0.34,0.77));
#2258 = LINE('',#2259,#2260);
#2259 = CARTESIAN_POINT('',(-0.5,-0.34,0.77));
#2260 = VECTOR('',#2261,1.);
#2261 = DIRECTION('',(1.,0.,0.));
#2262 = ORIENTED_EDGE('',*,*,#2263,.T.);
#2263 = EDGE_CURVE('',#2256,#2231,#2264,.T.);
#2264 = LINE('',#2265,#2266);
#2265 = CARTESIAN_POINT('',(0.5,-0.37,0.77));
#2266 = VECTOR('',#2267,1.);
#2267 = DIRECTION('',(0.,1.,0.));
#2268 = ORIENTED_EDGE('',*,*,#2230,.F.);
#2269 = PLANE('',#2270);
#2270 = AXIS2_PLACEMENT_3D('',#2271,#2272,#2273);
#2271 = CARTESIAN_POINT('',(-0.5,-0.37,0.77));
#2272 = DIRECTION('',(0.,0.,1.));
#2273 = DIRECTION('',(1.,0.,-0.));
#2274 = ADVANCED_FACE('',(#2275),#2294,.T.);
#2275 = FACE_BOUND('',#2276,.T.);
#2276 = EDGE_LOOP('',(#2277,#2285,#2292,#2293));
#2277 = ORIENTED_EDGE('',*,*,#2278,.T.);
#2278 = EDGE_CURVE('',#2060,#2279,#2281,.T.);
#2279 = VERTEX_POINT('',#2280);
#2280 = CARTESIAN_POINT('',(0.5,-0.37,0.74));
#2281 = LINE('',#2282,#2283);
#2282 = CARTESIAN_POINT('',(-0.5,-0.37,0.74));
#2283 = VECTOR('',#2284,1.);
#2284 = DIRECTION('',(1.,0.,0.));
#2285 = ORIENTED_EDGE('',*,*,#2286,.T.);
#2286 = EDGE_CURVE('',#2279,#2256,#2287,.T.);
#2287 = CIRCLE('',#2288,3.E-02);
#2288 = AXIS2_PLACEMENT_3D('',#2289,#2290,#2291);
#2289 = CARTESIAN_POINT('',(0.5,-0.34,0.74));
#2290 = DIRECTION('',(-1.,0.,0.));
#2291 = DIRECTION('',(0.,0.,1.));
#2292 = ORIENTED_EDGE('',*,*,#2255,.F.);
#2293 = ORIENTED_EDGE('',*,*,#2067,.F.);
#2294 = CYLINDRICAL_SURFACE('',#2295,3.E-02);
#2295 = AXIS2_PLACEMENT_3D('',#2296,#2297,#2298);
#2296 = CARTESIAN_POINT('',(-0.5,-0.34,0.74));
#2297 = DIRECTION('',(1.,0.,0.));
#2298 = DIRECTION('',(0.,-1.,0.));
#2299 = ADVANCED_FACE('',(#2300),#2311,.F.);
#2300 = FACE_BOUND('',#2301,.F.);
#2301 = EDGE_LOOP('',(#2302,#2308,#2309,#2310));
#2302 = ORIENTED_EDGE('',*,*,#2303,.F.);
#2303 = EDGE_CURVE('',#2134,#2279,#2304,.T.);
#2304 = LINE('',#2305,#2306);
#2305 = CARTESIAN_POINT('',(0.5,-0.37,3.E-02));
#2306 = VECTOR('',#2307,1.);
#2307 = DIRECTION('',(0.,0.,1.));
#2308 = ORIENTED_EDGE('',*,*,#2142,.F.);
#2309 = ORIENTED_EDGE('',*,*,#2059,.T.);
#2310 = ORIENTED_EDGE('',*,*,#2278,.T.);
#2311 = PLANE('',#2312);
#2312 = AXIS2_PLACEMENT_3D('',#2313,#2314,#2315);
#2313 = CARTESIAN_POINT('',(-0.5,-0.37,3.E-02));
#2314 = DIRECTION('',(0.,1.,0.));
#2315 = DIRECTION('',(0.,-0.,1.));
#2316 = ADVANCED_FACE('',(#2317,#2387),#2397,.F.);
#2317 = FACE_BOUND('',#2318,.F.);
#2318 = EDGE_LOOP('',(#2319,#2329,#2338,#2346,#2355,#2363,#2372,#2380));
#2319 = ORIENTED_EDGE('',*,*,#2320,.F.);
#2320 = EDGE_CURVE('',#2321,#2323,#2325,.T.);
#2321 = VERTEX_POINT('',#2322);
#2322 = CARTESIAN_POINT('',(0.5,-0.4,3.E-02));
#2323 = VERTEX_POINT('',#2324);
#2324 = CARTESIAN_POINT('',(0.5,-0.4,0.77));
#2325 = LINE('',#2326,#2327);
#2326 = CARTESIAN_POINT('',(0.5,-0.4,0.));
#2327 = VECTOR('',#2328,1.);
#2328 = DIRECTION('',(0.,0.,1.));
#2329 = ORIENTED_EDGE('',*,*,#2330,.T.);
#2330 = EDGE_CURVE('',#2321,#2331,#2333,.T.);
#2331 = VERTEX_POINT('',#2332);
#2332 = CARTESIAN_POINT('',(0.5,-0.37,0.));
#2333 = CIRCLE('',#2334,3.E-02);
#2334 = AXIS2_PLACEMENT_3D('',#2335,#2336,#2337);
#2335 = CARTESIAN_POINT('',(0.5,-0.37,3.E-02));
#2336 = DIRECTION('',(1.,0.,-0.));
#2337 = DIRECTION('',(0.,0.,1.));
#2338 = ORIENTED_EDGE('',*,*,#2339,.T.);
#2339 = EDGE_CURVE('',#2331,#2340,#2342,.T.);
#2340 = VERTEX_POINT('',#2341);
#2341 = CARTESIAN_POINT('',(0.5,0.37,0.));
#2342 = LINE('',#2343,#2344);
#2343 = CARTESIAN_POINT('',(0.5,-0.4,0.));
#2344 = VECTOR('',#2345,1.);
#2345 = DIRECTION('',(0.,1.,0.));
#2346 = ORIENTED_EDGE('',*,*,#2347,.F.);
#2347 = EDGE_CURVE('',#2348,#2340,#2350,.T.);
#2348 = VERTEX_POINT('',#2349);
#2349 = CARTESIAN_POINT('',(0.5,0.4,3.E-02));
#2350 = CIRCLE('',#2351,3.E-02);
#2351 = AXIS2_PLACEMENT_3D('',#2352,#2353,#2354);
#2352 = CARTESIAN_POINT('',(0.5,0.37,3.E-02));
#2353 = DIRECTION('',(-1.,0.,0.));
#2354 = DIRECTION('',(0.,0.,1.));
#2355 = ORIENTED_EDGE('',*,*,#2356,.T.);
#2356 = EDGE_CURVE('',#2348,#2357,#2359,.T.);
#2357 = VERTEX_POINT('',#2358);
#2358 = CARTESIAN_POINT('',(0.5,0.4,0.77));
#2359 = LINE('',#2360,#2361);
#2360 = CARTESIAN_POINT('',(0.5,0.4,0.));
#2361 = VECTOR('',#2362,1.);
#2362 = DIRECTION('',(0.,0.,1.));
#2363 = ORIENTED_EDGE('',*,*,#2364,.T.);
#2364 = EDGE_CURVE('',#2357,#2365,#2367,.T.);
#2365 = VERTEX_POINT('',#2366);
#2366 = CARTESIAN_POINT('',(0.5,0.37,0.8));
#2367 = CIRCLE('',#2368,3.E-02);
#2368 = AXIS2_PLACEMENT_3D('',#2369,#2370,#2371);
#2369 = CARTESIAN_POINT('',(0.5,0.37,0.77));
#2370 = DIRECTION('',(1.,0.,-0.));
#2371 = DIRECTION('',(0.,0.,1.));
#2372 = ORIENTED_EDGE('',*,*,#2373,.F.);
#2373 = EDGE_CURVE('',#2374,#2365,#2376,.T.);
#2374 = VERTEX_POINT('',#2375);
#2375 = CARTESIAN_POINT('',(0.5,-0.37,0.8));
#2376 = LINE('',#2377,#2378);
#2377 = CARTESIAN_POINT('',(0.5,-0.4,0.8));
#2378 = VECTOR('',#2379,1.);
#2379 = DIRECTION('',(0.,1.,0.));
#2380 = ORIENTED_EDGE('',*,*,#2381,.F.);
#2381 = EDGE_CURVE('',#2323,#2374,#2382,.T.);
#2382 = CIRCLE('',#2383,3.E-02);
#2383 = AXIS2_PLACEMENT_3D('',#2384,#2385,#2386);
#2384 = CARTESIAN_POINT('',(0.5,-0.37,0.77));
#2385 = DIRECTION('',(-1.,0.,0.));
#2386 = DIRECTION('',(0.,0.,1.));
#2387 = FACE_BOUND('',#2388,.F.);
#2388 = EDGE_LOOP('',(#2389,#2390,#2391,#2392,#2393,#2394,#2395,#2396));
#2389 = ORIENTED_EDGE('',*,*,#2133,.F.);
#2390 = ORIENTED_EDGE('',*,*,#2303,.T.);
#2391 = ORIENTED_EDGE('',*,*,#2286,.T.);
#2392 = ORIENTED_EDGE('',*,*,#2263,.T.);
#2393 = ORIENTED_EDGE('',*,*,#2238,.F.);
#2394 = ORIENTED_EDGE('',*,*,#2205,.F.);
#2395 = ORIENTED_EDGE('',*,*,#2188,.T.);
#2396 = ORIENTED_EDGE('',*,*,#2158,.F.);
#2397 = PLANE('',#2398);
#2398 = AXIS2_PLACEMENT_3D('',#2399,#2400,#2401);
#2399 = CARTESIAN_POINT('',(0.5,-0.4,0.));
#2400 = DIRECTION('',(1.,0.,0.));
#2401 = DIRECTION('',(0.,0.,1.));
#2402 = ADVANCED_FACE('',(#2403),#2428,.F.);
#2403 = FACE_BOUND('',#2404,.F.);
#2404 = EDGE_LOOP('',(#2405,#2415,#2421,#2422));
#2405 = ORIENTED_EDGE('',*,*,#2406,.F.);
#2406 = EDGE_CURVE('',#2407,#2409,#2411,.T.);
#2407 = VERTEX_POINT('',#2408);
#2408 = CARTESIAN_POINT('',(0.8,-0.4,3.E-02));
#2409 = VERTEX_POINT('',#2410);
#2410 = CARTESIAN_POINT('',(0.8,-0.4,0.77));
#2411 = LINE('',#2412,#2413);
#2412 = CARTESIAN_POINT('',(0.8,-0.4,0.));
#2413 = VECTOR('',#2414,1.);
#2414 = DIRECTION('',(0.,0.,1.));
#2415 = ORIENTED_EDGE('',*,*,#2416,.F.);
#2416 = EDGE_CURVE('',#2321,#2407,#2417,.T.);
#2417 = LINE('',#2418,#2419);
#2418 = CARTESIAN_POINT('',(0.5,-0.4,3.E-02));
#2419 = VECTOR('',#2420,1.);
#2420 = DIRECTION('',(1.,0.,0.));
#2421 = ORIENTED_EDGE('',*,*,#2320,.T.);
#2422 = ORIENTED_EDGE('',*,*,#2423,.T.);
#2423 = EDGE_CURVE('',#2323,#2409,#2424,.T.);
#2424 = LINE('',#2425,#2426);
#2425 = CARTESIAN_POINT('',(0.5,-0.4,0.77));
#2426 = VECTOR('',#2427,1.);
#2427 = DIRECTION('',(1.,0.,0.));
#2428 = PLANE('',#2429);
#2429 = AXIS2_PLACEMENT_3D('',#2430,#2431,#2432);
#2430 = CARTESIAN_POINT('',(0.5,-0.4,0.));
#2431 = DIRECTION('',(0.,1.,0.));
#2432 = DIRECTION('',(0.,-0.,1.));
#2433 = ADVANCED_FACE('',(#2434),#2453,.T.);
#2434 = FACE_BOUND('',#2435,.T.);
#2435 = EDGE_LOOP('',(#2436,#2437,#2445,#2452));
#2436 = ORIENTED_EDGE('',*,*,#2330,.T.);
#2437 = ORIENTED_EDGE('',*,*,#2438,.T.);
#2438 = EDGE_CURVE('',#2331,#2439,#2441,.T.);
#2439 = VERTEX_POINT('',#2440);
#2440 = CARTESIAN_POINT('',(0.8,-0.37,0.));
#2441 = LINE('',#2442,#2443);
#2442 = CARTESIAN_POINT('',(0.5,-0.37,0.));
#2443 = VECTOR('',#2444,1.);
#2444 = DIRECTION('',(1.,0.,0.));
#2445 = ORIENTED_EDGE('',*,*,#2446,.F.);
#2446 = EDGE_CURVE('',#2407,#2439,#2447,.T.);
#2447 = CIRCLE('',#2448,3.E-02);
#2448 = AXIS2_PLACEMENT_3D('',#2449,#2450,#2451);
#2449 = CARTESIAN_POINT('',(0.8,-0.37,3.E-02));
#2450 = DIRECTION('',(1.,0.,-0.));
#2451 = DIRECTION('',(0.,0.,1.));
#2452 = ORIENTED_EDGE('',*,*,#2416,.F.);
#2453 = CYLINDRICAL_SURFACE('',#2454,3.E-02);
#2454 = AXIS2_PLACEMENT_3D('',#2455,#2456,#2457);
#2455 = CARTESIAN_POINT('',(0.5,-0.37,3.E-02));
#2456 = DIRECTION('',(1.,0.,0.));
#2457 = DIRECTION('',(0.,-1.,0.));
#2458 = ADVANCED_FACE('',(#2459),#2478,.T.);
#2459 = FACE_BOUND('',#2460,.T.);
#2460 = EDGE_LOOP('',(#2461,#2462,#2471,#2477));
#2461 = ORIENTED_EDGE('',*,*,#2423,.T.);
#2462 = ORIENTED_EDGE('',*,*,#2463,.T.);
#2463 = EDGE_CURVE('',#2409,#2464,#2466,.T.);
#2464 = VERTEX_POINT('',#2465);
#2465 = CARTESIAN_POINT('',(0.8,-0.37,0.8));
#2466 = CIRCLE('',#2467,3.E-02);
#2467 = AXIS2_PLACEMENT_3D('',#2468,#2469,#2470);
#2468 = CARTESIAN_POINT('',(0.8,-0.37,0.77));
#2469 = DIRECTION('',(-1.,0.,0.));
#2470 = DIRECTION('',(0.,0.,1.));
#2471 = ORIENTED_EDGE('',*,*,#2472,.F.);
#2472 = EDGE_CURVE('',#2374,#2464,#2473,.T.);
#2473 = LINE('',#2474,#2475);
#2474 = CARTESIAN_POINT('',(0.5,-0.37,0.8));
#2475 = VECTOR('',#2476,1.);
#2476 = DIRECTION('',(1.,0.,0.));
#2477 = ORIENTED_EDGE('',*,*,#2381,.F.);
#2478 = CYLINDRICAL_SURFACE('',#2479,3.E-02);
#2479 = AXIS2_PLACEMENT_3D('',#2480,#2481,#2482);
#2480 = CARTESIAN_POINT('',(0.5,-0.37,0.77));
#2481 = DIRECTION('',(1.,0.,0.));
#2482 = DIRECTION('',(0.,-1.,0.));
#2483 = ADVANCED_FACE('',(#2484),#2502,.F.);
#2484 = FACE_BOUND('',#2485,.F.);
#2485 = EDGE_LOOP('',(#2486,#2487,#2488,#2496));
#2486 = ORIENTED_EDGE('',*,*,#2339,.F.);
#2487 = ORIENTED_EDGE('',*,*,#2438,.T.);
#2488 = ORIENTED_EDGE('',*,*,#2489,.T.);
#2489 = EDGE_CURVE('',#2439,#2490,#2492,.T.);
#2490 = VERTEX_POINT('',#2491);
#2491 = CARTESIAN_POINT('',(0.8,0.37,0.));
#2492 = LINE('',#2493,#2494);
#2493 = CARTESIAN_POINT('',(0.8,-0.4,0.));
#2494 = VECTOR('',#2495,1.);
#2495 = DIRECTION('',(0.,1.,0.));
#2496 = ORIENTED_EDGE('',*,*,#2497,.F.);
#2497 = EDGE_CURVE('',#2340,#2490,#2498,.T.);
#2498 = LINE('',#2499,#2500);
#2499 = CARTESIAN_POINT('',(0.5,0.37,0.));
#2500 = VECTOR('',#2501,1.);
#2501 = DIRECTION('',(1.,0.,0.));
#2502 = PLANE('',#2503);
#2503 = AXIS2_PLACEMENT_3D('',#2504,#2505,#2506);
#2504 = CARTESIAN_POINT('',(0.5,-0.4,0.));
#2505 = DIRECTION('',(0.,0.,1.));
#2506 = DIRECTION('',(1.,0.,-0.));
#2507 = ADVANCED_FACE('',(#2508),#2526,.T.);
#2508 = FACE_BOUND('',#2509,.T.);
#2509 = EDGE_LOOP('',(#2510,#2511,#2512,#2520));
#2510 = ORIENTED_EDGE('',*,*,#2373,.F.);
#2511 = ORIENTED_EDGE('',*,*,#2472,.T.);
#2512 = ORIENTED_EDGE('',*,*,#2513,.T.);
#2513 = EDGE_CURVE('',#2464,#2514,#2516,.T.);
#2514 = VERTEX_POINT('',#2515);
#2515 = CARTESIAN_POINT('',(0.8,0.37,0.8));
#2516 = LINE('',#2517,#2518);
#2517 = CARTESIAN_POINT('',(0.8,-0.4,0.8));
#2518 = VECTOR('',#2519,1.);
#2519 = DIRECTION('',(0.,1.,0.));
#2520 = ORIENTED_EDGE('',*,*,#2521,.F.);
#2521 = EDGE_CURVE('',#2365,#2514,#2522,.T.);
#2522 = LINE('',#2523,#2524);
#2523 = CARTESIAN_POINT('',(0.5,0.37,0.8));
#2524 = VECTOR('',#2525,1.);
#2525 = DIRECTION('',(1.,0.,0.));
#2526 = PLANE('',#2527);
#2527 = AXIS2_PLACEMENT_3D('',#2528,#2529,#2530);
#2528 = CARTESIAN_POINT('',(0.5,-0.4,0.8));
#2529 = DIRECTION('',(0.,0.,1.));
#2530 = DIRECTION('',(1.,0.,-0.));
#2531 = ADVANCED_FACE('',(#2532),#2551,.T.);
#2532 = FACE_BOUND('',#2533,.T.);
#2533 = EDGE_LOOP('',(#2534,#2542,#2549,#2550));
#2534 = ORIENTED_EDGE('',*,*,#2535,.T.);
#2535 = EDGE_CURVE('',#2348,#2536,#2538,.T.);
#2536 = VERTEX_POINT('',#2537);
#2537 = CARTESIAN_POINT('',(0.8,0.4,3.E-02));
#2538 = LINE('',#2539,#2540);
#2539 = CARTESIAN_POINT('',(0.5,0.4,3.E-02));
#2540 = VECTOR('',#2541,1.);
#2541 = DIRECTION('',(1.,0.,0.));
#2542 = ORIENTED_EDGE('',*,*,#2543,.T.);
#2543 = EDGE_CURVE('',#2536,#2490,#2544,.T.);
#2544 = CIRCLE('',#2545,3.E-02);
#2545 = AXIS2_PLACEMENT_3D('',#2546,#2547,#2548);
#2546 = CARTESIAN_POINT('',(0.8,0.37,3.E-02));
#2547 = DIRECTION('',(-1.,0.,0.));
#2548 = DIRECTION('',(0.,0.,1.));
#2549 = ORIENTED_EDGE('',*,*,#2497,.F.);
#2550 = ORIENTED_EDGE('',*,*,#2347,.F.);
#2551 = CYLINDRICAL_SURFACE('',#2552,3.E-02);
#2552 = AXIS2_PLACEMENT_3D('',#2553,#2554,#2555);
#2553 = CARTESIAN_POINT('',(0.5,0.37,3.E-02));
#2554 = DIRECTION('',(1.,0.,0.));
#2555 = DIRECTION('',(-0.,1.,0.));
#2556 = ADVANCED_FACE('',(#2557),#2576,.T.);
#2557 = FACE_BOUND('',#2558,.T.);
#2558 = EDGE_LOOP('',(#2559,#2560,#2561,#2570));
#2559 = ORIENTED_EDGE('',*,*,#2364,.T.);
#2560 = ORIENTED_EDGE('',*,*,#2521,.T.);
#2561 = ORIENTED_EDGE('',*,*,#2562,.F.);
#2562 = EDGE_CURVE('',#2563,#2514,#2565,.T.);
#2563 = VERTEX_POINT('',#2564);
#2564 = CARTESIAN_POINT('',(0.8,0.4,0.77));
#2565 = CIRCLE('',#2566,3.E-02);
#2566 = AXIS2_PLACEMENT_3D('',#2567,#2568,#2569);
#2567 = CARTESIAN_POINT('',(0.8,0.37,0.77));
#2568 = DIRECTION('',(1.,0.,-0.));
#2569 = DIRECTION('',(0.,0.,1.));
#2570 = ORIENTED_EDGE('',*,*,#2571,.F.);
#2571 = EDGE_CURVE('',#2357,#2563,#2572,.T.);
#2572 = LINE('',#2573,#2574);
#2573 = CARTESIAN_POINT('',(0.5,0.4,0.77));
#2574 = VECTOR('',#2575,1.);
#2575 = DIRECTION('',(1.,0.,0.));
#2576 = CYLINDRICAL_SURFACE('',#2577,3.E-02);
#2577 = AXIS2_PLACEMENT_3D('',#2578,#2579,#2580);
#2578 = CARTESIAN_POINT('',(0.5,0.37,0.77));
#2579 = DIRECTION('',(1.,0.,0.));
#2580 = DIRECTION('',(-0.,1.,0.));
#2581 = ADVANCED_FACE('',(#2582),#2593,.T.);
#2582 = FACE_BOUND('',#2583,.T.);
#2583 = EDGE_LOOP('',(#2584,#2590,#2591,#2592));
#2584 = ORIENTED_EDGE('',*,*,#2585,.F.);
#2585 = EDGE_CURVE('',#2536,#2563,#2586,.T.);
#2586 = LINE('',#2587,#2588);
#2587 = CARTESIAN_POINT('',(0.8,0.4,0.));
#2588 = VECTOR('',#2589,1.);
#2589 = DIRECTION('',(0.,0.,1.));
#2590 = ORIENTED_EDGE('',*,*,#2535,.F.);
#2591 = ORIENTED_EDGE('',*,*,#2356,.T.);
#2592 = ORIENTED_EDGE('',*,*,#2571,.T.);
#2593 = PLANE('',#2594);
#2594 = AXIS2_PLACEMENT_3D('',#2595,#2596,#2597);
#2595 = CARTESIAN_POINT('',(0.5,0.4,0.));
#2596 = DIRECTION('',(0.,1.,0.));
#2597 = DIRECTION('',(0.,-0.,1.));
#2598 = ADVANCED_FACE('',(#2599),#2609,.T.);
#2599 = FACE_BOUND('',#2600,.T.);
#2600 = EDGE_LOOP('',(#2601,#2602,#2603,#2604,#2605,#2606,#2607,#2608));
#2601 = ORIENTED_EDGE('',*,*,#2406,.F.);
#2602 = ORIENTED_EDGE('',*,*,#2446,.T.);
#2603 = ORIENTED_EDGE('',*,*,#2489,.T.);
#2604 = ORIENTED_EDGE('',*,*,#2543,.F.);
#2605 = ORIENTED_EDGE('',*,*,#2585,.T.);
#2606 = ORIENTED_EDGE('',*,*,#2562,.T.);
#2607 = ORIENTED_EDGE('',*,*,#2513,.F.);
#2608 = ORIENTED_EDGE('',*,*,#2463,.F.);
#2609 = PLANE('',#2610);
#2610 = AXIS2_PLACEMENT_3D('',#2611,#2612,#2613);
#2611 = CARTESIAN_POINT('',(0.8,-0.4,0.));
#2612 = DIRECTION('',(1.,0.,0.));
#2613 = DIRECTION('',(0.,0.,1.));
#2614 = ( GEOMETRIC_REPRESENTATION_CONTEXT(3) 
GLOBAL_UNCERTAINTY_ASSIGNED_CONTEXT((#2618)) 
GLOBAL_UNIT_ASSIGNED_CONTEXT((#2615,#2616,#2617)) REPRESENTATION_CONTEXT
('Context #1','3D Context with UNIT and UNCERTAINTY') );
#2615 = ( LENGTH_UNIT() NAMED_UNIT(*) SI_UNIT(.MILLI.,.METRE.) );
#2616 = ( NAMED_UNIT(*) PLANE_ANGLE_UNIT() SI_UNIT($,.RADIAN.) );
#2617 = ( NAMED_UNIT(*) SI_UNIT($,.STERADIAN.) SOLID_ANGLE_UNIT() );
#2618 = UNCERTAINTY_MEASURE_WITH_UNIT(LENGTH_MEASURE(1.E-07),#2615,
  'distance_accuracy_value','confusion accuracy');
#2619 = CONTEXT_DEPENDENT_SHAPE_REPRESENTATION(#2620,#2622);
#2620 = ( REPRESENTATION_RELATIONSHIP('','',#1759,#10) 
REPRESENTATION_RELATIONSHIP_WITH_TRANSFORMATION(#2621) 
SHAPE_REPRESENTATION_RELATIONSHIP() );
#2621 = ITEM_DEFINED_TRANSFORMATION('','',#11,#27);
#2622 = PRODUCT_DEFINITION_SHAPE('Placement','Placement of an item',
  #2623);
#2623 = NEXT_ASSEMBLY_USAGE_OCCURRENCE('4','C2','',#5,#1754,$);
#2624 = PRODUCT_RELATED_PRODUCT_CATEGORY('part',$,(#1756));
#2625 = CONTEXT_DEPENDENT_SHAPE_REPRESENTATION(#2626,#2628);
#2626 = ( REPRESENTATION_RELATIONSHIP('','',#1759,#10) 
REPRESENTATION_RELATIONSHIP_WITH_TRANSFORMATION(#2627) 
SHAPE_REPRESENTATION_RELATIONSHIP() );
#2627 = ITEM_DEFINED_TRANSFORMATION('','',#11,#31);
#2628 = PRODUCT_DEFINITION_SHAPE('Placement','Placement of an item',
  #2629);
#2629 = NEXT_ASSEMBLY_USAGE_OCCURRENCE('5','C7','',#5,#1754,$);
#2630 = SHAPE_DEFINITION_REPRESENTATION(#2631,#2637);
#2631 = PRODUCT_DEFINITION_SHAPE('','',#2632);
#2632 = PRODUCT_DEFINITION('design','',#2633,#2636);
#2633 = PRODUCT_DEFINITION_FORMATION('','',#2634);
#2634 = PRODUCT('VSSOP-10_3x3mm_P0.5mm','VSSOP-10_3x3mm_P0.5mm','',(
    #2635));
#2635 = PRODUCT_CONTEXT('',#2,'mechanical');
#2636 = PRODUCT_DEFINITION_CONTEXT('part definition',#2,'design');
#2637 = ADVANCED_BREP_SHAPE_REPRESENTATION('',(#11,#2638),#8042);
#2638 = MANIFOLD_SOLID_BREP('',#2639);
#2639 = CLOSED_SHELL('',(#2640,#2678,#2741,#2764,#2793,#2816,#2919,#3022
    ,#3045,#3068,#3085,#3108,#3196,#3212,#3242,#3273,#3304,#3335,#3366,
    #3397,#3428,#3459,#3490,#3521,#3538,#3555,#3586,#3617,#3648,#3679,
    #3710,#3741,#3772,#3803,#3834,#3864,#3887,#3910,#3927,#3972,#4074,
    #4097,#4120,#4143,#4246,#4284,#4333,#4425,#4450,#4534,#4556,#4648,
    #4673,#4757,#4779,#4871,#4896,#4980,#5002,#5094,#5119,#5203,#5220,
    #5305,#5330,#5407,#5492,#5517,#5594,#5611,#5703,#5728,#5812,#5834,
    #5926,#5951,#6035,#6057,#6149,#6174,#6258,#6280,#6372,#6397,#6481,
    #6498,#6517,#6536,#6555,#6574,#6620,#6636,#6655,#6674,#6693,#6712,
    #6728,#6745,#6757,#6774,#6791,#6808,#6825,#6842,#6859,#6876,#6888,
    #6905,#6922,#6939,#6956,#6973,#6990,#7007,#7019,#7036,#7053,#7070,
    #7087,#7104,#7121,#7138,#7150,#7167,#7184,#7201,#7218,#7235,#7252,
    #7269,#7281,#7298,#7315,#7332,#7349,#7366,#7383,#7395,#7412,#7429,
    #7446,#7463,#7480,#7497,#7509,#7526,#7543,#7560,#7577,#7594,#7611,
    #7628,#7640,#7657,#7674,#7691,#7708,#7725,#7742,#7759,#7771,#7788,
    #7805,#7822,#7839,#7856,#7873,#7890,#7902,#7919,#7936,#7953,#7970,
    #7987,#8004,#8021,#8033));
#2640 = ADVANCED_FACE('',(#2641),#2673,.F.);
#2641 = FACE_BOUND('',#2642,.F.);
#2642 = EDGE_LOOP('',(#2643,#2653,#2660,#2668));
#2643 = ORIENTED_EDGE('',*,*,#2644,.T.);
#2644 = EDGE_CURVE('',#2645,#2647,#2649,.T.);
#2645 = VERTEX_POINT('',#2646);
#2646 = CARTESIAN_POINT('',(-1.249517816603,1.399035633207,0.1));
#2647 = VERTEX_POINT('',#2648);
#2648 = CARTESIAN_POINT('',(1.249517816603,1.399035633207,0.1));
#2649 = LINE('',#2650,#2651);
#2650 = CARTESIAN_POINT('',(-1.249517816603,1.399035633207,0.1));
#2651 = VECTOR('',#2652,1.);
#2652 = DIRECTION('',(1.,1.110223024625E-16,0.));
#2653 = ORIENTED_EDGE('',*,*,#2654,.T.);
#2654 = EDGE_CURVE('',#2647,#2655,#2657,.T.);
#2655 = VERTEX_POINT('',#2656);
#2656 = CARTESIAN_POINT('',(1.3,1.5,0.575));
#2657 = B_SPLINE_CURVE_WITH_KNOTS('',1,(#2658,#2659),.UNSPECIFIED.,.F.,
  .F.,(2,2),(0.,1.),.PIECEWISE_BEZIER_KNOTS.);
#2658 = CARTESIAN_POINT('',(1.249517816603,1.399035633207,0.1));
#2659 = CARTESIAN_POINT('',(1.3,1.5,0.575));
#2660 = ORIENTED_EDGE('',*,*,#2661,.F.);
#2661 = EDGE_CURVE('',#2662,#2655,#2664,.T.);
#2662 = VERTEX_POINT('',#2663);
#2663 = CARTESIAN_POINT('',(-1.3,1.5,0.575));
#2664 = LINE('',#2665,#2666);
#2665 = CARTESIAN_POINT('',(-1.3,1.5,0.575));
#2666 = VECTOR('',#2667,1.);
#2667 = DIRECTION('',(1.,1.110223024625E-16,0.));
#2668 = ORIENTED_EDGE('',*,*,#2669,.F.);
#2669 = EDGE_CURVE('',#2645,#2662,#2670,.T.);
#2670 = B_SPLINE_CURVE_WITH_KNOTS('',1,(#2671,#2672),.UNSPECIFIED.,.F.,
  .F.,(2,2),(0.,1.),.PIECEWISE_BEZIER_KNOTS.);
#2671 = CARTESIAN_POINT('',(-1.249517816603,1.399035633207,0.1));
#2672 = CARTESIAN_POINT('',(-1.3,1.5,0.575));
#2673 = B_SPLINE_SURFACE_WITH_KNOTS('',1,1,(
    (#2674,#2675)
    ,(#2676,#2677
    )),.UNSPECIFIED.,.F.,.F.,.F.,(2,2),(2,2),(0.,2.6),(0.,1.),
  .PIECEWISE_BEZIER_KNOTS.);
#2674 = CARTESIAN_POINT('',(-1.249517816603,1.399035633207,0.1));
#2675 = CARTESIAN_POINT('',(-1.3,1.5,0.575));
#2676 = CARTESIAN_POINT('',(1.249517816603,1.399035633207,0.1));
#2677 = CARTESIAN_POINT('',(1.3,1.5,0.575));
#2678 = ADVANCED_FACE('',(#2679),#2736,.F.);
#2679 = FACE_BOUND('',#2680,.T.);
#2680 = EDGE_LOOP('',(#2681,#2682,#2690,#2698,#2706,#2714,#2722,#2730));
#2681 = ORIENTED_EDGE('',*,*,#2644,.T.);
#2682 = ORIENTED_EDGE('',*,*,#2683,.T.);
#2683 = EDGE_CURVE('',#2647,#2684,#2686,.T.);
#2684 = VERTEX_POINT('',#2685);
#2685 = CARTESIAN_POINT('',(1.399035633207,1.249517816603,0.1));
#2686 = LINE('',#2687,#2688);
#2687 = CARTESIAN_POINT('',(1.249517816603,1.399035633207,0.1));
#2688 = VECTOR('',#2689,1.);
#2689 = DIRECTION('',(0.707106781187,-0.707106781187,0.));
#2690 = ORIENTED_EDGE('',*,*,#2691,.T.);
#2691 = EDGE_CURVE('',#2684,#2692,#2694,.T.);
#2692 = VERTEX_POINT('',#2693);
#2693 = CARTESIAN_POINT('',(1.399035633207,-1.249517816603,0.1));
#2694 = LINE('',#2695,#2696);
#2695 = CARTESIAN_POINT('',(1.399035633207,1.249517816603,0.1));
#2696 = VECTOR('',#2697,1.);
#2697 = DIRECTION('',(1.110223024625E-16,-1.,0.));
#2698 = ORIENTED_EDGE('',*,*,#2699,.T.);
#2699 = EDGE_CURVE('',#2692,#2700,#2702,.T.);
#2700 = VERTEX_POINT('',#2701);
#2701 = CARTESIAN_POINT('',(1.249517816603,-1.399035633207,0.1));
#2702 = LINE('',#2703,#2704);
#2703 = CARTESIAN_POINT('',(1.399035633207,-1.249517816603,0.1));
#2704 = VECTOR('',#2705,1.);
#2705 = DIRECTION('',(-0.707106781187,-0.707106781187,0.));
#2706 = ORIENTED_EDGE('',*,*,#2707,.T.);
#2707 = EDGE_CURVE('',#2700,#2708,#2710,.T.);
#2708 = VERTEX_POINT('',#2709);
#2709 = CARTESIAN_POINT('',(-1.249517816603,-1.399035633207,0.1));
#2710 = LINE('',#2711,#2712);
#2711 = CARTESIAN_POINT('',(1.249517816603,-1.399035633207,0.1));
#2712 = VECTOR('',#2713,1.);
#2713 = DIRECTION('',(-1.,-1.110223024625E-16,0.));
#2714 = ORIENTED_EDGE('',*,*,#2715,.T.);
#2715 = EDGE_CURVE('',#2708,#2716,#2718,.T.);
#2716 = VERTEX_POINT('',#2717);
#2717 = CARTESIAN_POINT('',(-1.399035633207,-1.249517816603,0.1));
#2718 = LINE('',#2719,#2720);
#2719 = CARTESIAN_POINT('',(-1.249517816603,-1.399035633207,0.1));
#2720 = VECTOR('',#2721,1.);
#2721 = DIRECTION('',(-0.707106781187,0.707106781187,0.));
#2722 = ORIENTED_EDGE('',*,*,#2723,.T.);
#2723 = EDGE_CURVE('',#2716,#2724,#2726,.T.);
#2724 = VERTEX_POINT('',#2725);
#2725 = CARTESIAN_POINT('',(-1.399035633207,1.249517816603,0.1));
#2726 = LINE('',#2727,#2728);
#2727 = CARTESIAN_POINT('',(-1.399035633207,-1.249517816603,0.1));
#2728 = VECTOR('',#2729,1.);
#2729 = DIRECTION('',(-1.110223024625E-16,1.,0.));
#2730 = ORIENTED_EDGE('',*,*,#2731,.T.);
#2731 = EDGE_CURVE('',#2724,#2645,#2732,.T.);
#2732 = LINE('',#2733,#2734);
#2733 = CARTESIAN_POINT('',(-1.399035633207,1.249517816603,0.1));
#2734 = VECTOR('',#2735,1.);
#2735 = DIRECTION('',(0.707106781187,0.707106781187,0.));
#2736 = PLANE('',#2737);
#2737 = AXIS2_PLACEMENT_3D('',#2738,#2739,#2740);
#2738 = CARTESIAN_POINT('',(-1.249517816603,1.399035633207,0.1));
#2739 = DIRECTION('',(0.,0.,1.));
#2740 = DIRECTION('',(0.666128143891,-0.745837311963,0.));
#2741 = ADVANCED_FACE('',(#2742),#2759,.F.);
#2742 = FACE_BOUND('',#2743,.F.);
#2743 = EDGE_LOOP('',(#2744,#2745,#2752,#2758));
#2744 = ORIENTED_EDGE('',*,*,#2683,.T.);
#2745 = ORIENTED_EDGE('',*,*,#2746,.T.);
#2746 = EDGE_CURVE('',#2684,#2747,#2749,.T.);
#2747 = VERTEX_POINT('',#2748);
#2748 = CARTESIAN_POINT('',(1.5,1.3,0.575));
#2749 = B_SPLINE_CURVE_WITH_KNOTS('',1,(#2750,#2751),.UNSPECIFIED.,.F.,
  .F.,(2,2),(0.,1.),.PIECEWISE_BEZIER_KNOTS.);
#2750 = CARTESIAN_POINT('',(1.399035633207,1.249517816603,0.1));
#2751 = CARTESIAN_POINT('',(1.5,1.3,0.575));
#2752 = ORIENTED_EDGE('',*,*,#2753,.F.);
#2753 = EDGE_CURVE('',#2655,#2747,#2754,.T.);
#2754 = LINE('',#2755,#2756);
#2755 = CARTESIAN_POINT('',(1.3,1.5,0.575));
#2756 = VECTOR('',#2757,1.);
#2757 = DIRECTION('',(0.707106781187,-0.707106781187,0.));
#2758 = ORIENTED_EDGE('',*,*,#2654,.F.);
#2759 = B_SPLINE_SURFACE_WITH_KNOTS('',1,1,(
    (#2760,#2761)
    ,(#2762,#2763
    )),.UNSPECIFIED.,.F.,.F.,.F.,(2,2),(2,2),(0.,0.282842712475),(0.,1.)
  ,.PIECEWISE_BEZIER_KNOTS.);
#2760 = CARTESIAN_POINT('',(1.249517816603,1.399035633207,0.1));
#2761 = CARTESIAN_POINT('',(1.3,1.5,0.575));
#2762 = CARTESIAN_POINT('',(1.399035633207,1.249517816603,0.1));
#2763 = CARTESIAN_POINT('',(1.5,1.3,0.575));
#2764 = ADVANCED_FACE('',(#2765),#2788,.F.);
#2765 = FACE_BOUND('',#2766,.F.);
#2766 = EDGE_LOOP('',(#2767,#2768,#2775,#2783));
#2767 = ORIENTED_EDGE('',*,*,#2661,.T.);
#2768 = ORIENTED_EDGE('',*,*,#2769,.T.);
#2769 = EDGE_CURVE('',#2655,#2770,#2772,.T.);
#2770 = VERTEX_POINT('',#2771);
#2771 = CARTESIAN_POINT('',(1.3,1.5,0.725));
#2772 = B_SPLINE_CURVE_WITH_KNOTS('',1,(#2773,#2774),.UNSPECIFIED.,.F.,
  .F.,(2,2),(0.,1.),.PIECEWISE_BEZIER_KNOTS.);
#2773 = CARTESIAN_POINT('',(1.3,1.5,0.575));
#2774 = CARTESIAN_POINT('',(1.3,1.5,0.725));
#2775 = ORIENTED_EDGE('',*,*,#2776,.F.);
#2776 = EDGE_CURVE('',#2777,#2770,#2779,.T.);
#2777 = VERTEX_POINT('',#2778);
#2778 = CARTESIAN_POINT('',(-1.3,1.5,0.725));
#2779 = LINE('',#2780,#2781);
#2780 = CARTESIAN_POINT('',(-1.3,1.5,0.725));
#2781 = VECTOR('',#2782,1.);
#2782 = DIRECTION('',(1.,1.110223024625E-16,0.));
#2783 = ORIENTED_EDGE('',*,*,#2784,.F.);
#2784 = EDGE_CURVE('',#2662,#2777,#2785,.T.);
#2785 = B_SPLINE_CURVE_WITH_KNOTS('',1,(#2786,#2787),.UNSPECIFIED.,.F.,
  .F.,(2,2),(0.,1.),.PIECEWISE_BEZIER_KNOTS.);
#2786 = CARTESIAN_POINT('',(-1.3,1.5,0.575));
#2787 = CARTESIAN_POINT('',(-1.3,1.5,0.725));
#2788 = PLANE('',#2789);
#2789 = AXIS2_PLACEMENT_3D('',#2790,#2791,#2792);
#2790 = CARTESIAN_POINT('',(-1.3,1.5,0.725));
#2791 = DIRECTION('',(1.110223024625E-16,-1.,0.));
#2792 = DIRECTION('',(1.,1.110223024625E-16,0.));
#2793 = ADVANCED_FACE('',(#2794),#2811,.F.);
#2794 = FACE_BOUND('',#2795,.F.);
#2795 = EDGE_LOOP('',(#2796,#2797,#2798,#2806));
#2796 = ORIENTED_EDGE('',*,*,#2731,.T.);
#2797 = ORIENTED_EDGE('',*,*,#2669,.T.);
#2798 = ORIENTED_EDGE('',*,*,#2799,.F.);
#2799 = EDGE_CURVE('',#2800,#2662,#2802,.T.);
#2800 = VERTEX_POINT('',#2801);
#2801 = CARTESIAN_POINT('',(-1.5,1.3,0.575));
#2802 = LINE('',#2803,#2804);
#2803 = CARTESIAN_POINT('',(-1.5,1.3,0.575));
#2804 = VECTOR('',#2805,1.);
#2805 = DIRECTION('',(0.707106781187,0.707106781187,0.));
#2806 = ORIENTED_EDGE('',*,*,#2807,.F.);
#2807 = EDGE_CURVE('',#2724,#2800,#2808,.T.);
#2808 = B_SPLINE_CURVE_WITH_KNOTS('',1,(#2809,#2810),.UNSPECIFIED.,.F.,
  .F.,(2,2),(0.,1.),.PIECEWISE_BEZIER_KNOTS.);
#2809 = CARTESIAN_POINT('',(-1.399035633207,1.249517816603,0.1));
#2810 = CARTESIAN_POINT('',(-1.5,1.3,0.575));
#2811 = B_SPLINE_SURFACE_WITH_KNOTS('',1,1,(
    (#2812,#2813)
    ,(#2814,#2815
    )),.UNSPECIFIED.,.F.,.F.,.F.,(2,2),(2,2),(0.,0.282842712475),(0.,1.)
  ,.PIECEWISE_BEZIER_KNOTS.);
#2812 = CARTESIAN_POINT('',(-1.399035633207,1.249517816603,0.1));
#2813 = CARTESIAN_POINT('',(-1.5,1.3,0.575));
#2814 = CARTESIAN_POINT('',(-1.249517816603,1.399035633207,0.1));
#2815 = CARTESIAN_POINT('',(-1.3,1.5,0.575));
#2816 = ADVANCED_FACE('',(#2817),#2914,.F.);
#2817 = FACE_BOUND('',#2818,.F.);
#2818 = EDGE_LOOP('',(#2819,#2820,#2821,#2829,#2837,#2845,#2853,#2861,
    #2869,#2877,#2885,#2893,#2901,#2909));
#2819 = ORIENTED_EDGE('',*,*,#2723,.T.);
#2820 = ORIENTED_EDGE('',*,*,#2807,.T.);
#2821 = ORIENTED_EDGE('',*,*,#2822,.F.);
#2822 = EDGE_CURVE('',#2823,#2800,#2825,.T.);
#2823 = VERTEX_POINT('',#2824);
#2824 = CARTESIAN_POINT('',(-1.5,1.11,0.575));
#2825 = LINE('',#2826,#2827);
#2826 = CARTESIAN_POINT('',(-1.5,-1.3,0.575));
#2827 = VECTOR('',#2828,1.);
#2828 = DIRECTION('',(-1.110223024625E-16,1.,0.));
#2829 = ORIENTED_EDGE('',*,*,#2830,.F.);
#2830 = EDGE_CURVE('',#2831,#2823,#2833,.T.);
#2831 = VERTEX_POINT('',#2832);
#2832 = CARTESIAN_POINT('',(-1.5,0.89,0.575));
#2833 = LINE('',#2834,#2835);
#2834 = CARTESIAN_POINT('',(-1.5,-1.3,0.575));
#2835 = VECTOR('',#2836,1.);
#2836 = DIRECTION('',(-1.110223024625E-16,1.,0.));
#2837 = ORIENTED_EDGE('',*,*,#2838,.F.);
#2838 = EDGE_CURVE('',#2839,#2831,#2841,.T.);
#2839 = VERTEX_POINT('',#2840);
#2840 = CARTESIAN_POINT('',(-1.5,0.61,0.575));
#2841 = LINE('',#2842,#2843);
#2842 = CARTESIAN_POINT('',(-1.5,-1.3,0.575));
#2843 = VECTOR('',#2844,1.);
#2844 = DIRECTION('',(-1.110223024625E-16,1.,0.));
#2845 = ORIENTED_EDGE('',*,*,#2846,.F.);
#2846 = EDGE_CURVE('',#2847,#2839,#2849,.T.);
#2847 = VERTEX_POINT('',#2848);
#2848 = CARTESIAN_POINT('',(-1.5,0.39,0.575));
#2849 = LINE('',#2850,#2851);
#2850 = CARTESIAN_POINT('',(-1.5,-1.3,0.575));
#2851 = VECTOR('',#2852,1.);
#2852 = DIRECTION('',(-1.110223024625E-16,1.,0.));
#2853 = ORIENTED_EDGE('',*,*,#2854,.F.);
#2854 = EDGE_CURVE('',#2855,#2847,#2857,.T.);
#2855 = VERTEX_POINT('',#2856);
#2856 = CARTESIAN_POINT('',(-1.5,0.11,0.575));
#2857 = LINE('',#2858,#2859);
#2858 = CARTESIAN_POINT('',(-1.5,-1.3,0.575));
#2859 = VECTOR('',#2860,1.);
#2860 = DIRECTION('',(-1.110223024625E-16,1.,0.));
#2861 = ORIENTED_EDGE('',*,*,#2862,.F.);
#2862 = EDGE_CURVE('',#2863,#2855,#2865,.T.);
#2863 = VERTEX_POINT('',#2864);
#2864 = CARTESIAN_POINT('',(-1.5,-0.11,0.575));
#2865 = LINE('',#2866,#2867);
#2866 = CARTESIAN_POINT('',(-1.5,-1.3,0.575));
#2867 = VECTOR('',#2868,1.);
#2868 = DIRECTION('',(-1.110223024625E-16,1.,0.));
#2869 = ORIENTED_EDGE('',*,*,#2870,.F.);
#2870 = EDGE_CURVE('',#2871,#2863,#2873,.T.);
#2871 = VERTEX_POINT('',#2872);
#2872 = CARTESIAN_POINT('',(-1.5,-0.39,0.575));
#2873 = LINE('',#2874,#2875);
#2874 = CARTESIAN_POINT('',(-1.5,-1.3,0.575));
#2875 = VECTOR('',#2876,1.);
#2876 = DIRECTION('',(-1.110223024625E-16,1.,0.));
#2877 = ORIENTED_EDGE('',*,*,#2878,.F.);
#2878 = EDGE_CURVE('',#2879,#2871,#2881,.T.);
#2879 = VERTEX_POINT('',#2880);
#2880 = CARTESIAN_POINT('',(-1.5,-0.61,0.575));
#2881 = LINE('',#2882,#2883);
#2882 = CARTESIAN_POINT('',(-1.5,-1.3,0.575));
#2883 = VECTOR('',#2884,1.);
#2884 = DIRECTION('',(-1.110223024625E-16,1.,0.));
#2885 = ORIENTED_EDGE('',*,*,#2886,.F.);
#2886 = EDGE_CURVE('',#2887,#2879,#2889,.T.);
#2887 = VERTEX_POINT('',#2888);
#2888 = CARTESIAN_POINT('',(-1.5,-0.89,0.575));
#2889 = LINE('',#2890,#2891);
#2890 = CARTESIAN_POINT('',(-1.5,-1.3,0.575));
#2891 = VECTOR('',#2892,1.);
#2892 = DIRECTION('',(-1.110223024625E-16,1.,0.));
#2893 = ORIENTED_EDGE('',*,*,#2894,.F.);
#2894 = EDGE_CURVE('',#2895,#2887,#2897,.T.);
#2895 = VERTEX_POINT('',#2896);
#2896 = CARTESIAN_POINT('',(-1.5,-1.11,0.575));
#2897 = LINE('',#2898,#2899);
#2898 = CARTESIAN_POINT('',(-1.5,-1.3,0.575));
#2899 = VECTOR('',#2900,1.);
#2900 = DIRECTION('',(-1.110223024625E-16,1.,0.));
#2901 = ORIENTED_EDGE('',*,*,#2902,.F.);
#2902 = EDGE_CURVE('',#2903,#2895,#2905,.T.);
#2903 = VERTEX_POINT('',#2904);
#2904 = CARTESIAN_POINT('',(-1.5,-1.3,0.575));
#2905 = LINE('',#2906,#2907);
#2906 = CARTESIAN_POINT('',(-1.5,-1.3,0.575));
#2907 = VECTOR('',#2908,1.);
#2908 = DIRECTION('',(-1.110223024625E-16,1.,0.));
#2909 = ORIENTED_EDGE('',*,*,#2910,.F.);
#2910 = EDGE_CURVE('',#2716,#2903,#2911,.T.);
#2911 = B_SPLINE_CURVE_WITH_KNOTS('',1,(#2912,#2913),.UNSPECIFIED.,.F.,
  .F.,(2,2),(0.,1.),.PIECEWISE_BEZIER_KNOTS.);
#2912 = CARTESIAN_POINT('',(-1.399035633207,-1.249517816603,0.1));
#2913 = CARTESIAN_POINT('',(-1.5,-1.3,0.575));
#2914 = B_SPLINE_SURFACE_WITH_KNOTS('',1,1,(
    (#2915,#2916)
    ,(#2917,#2918
    )),.UNSPECIFIED.,.F.,.F.,.F.,(2,2),(2,2),(0.,2.6),(0.,1.),
  .PIECEWISE_BEZIER_KNOTS.);
#2915 = CARTESIAN_POINT('',(-1.399035633207,-1.249517816603,0.1));
#2916 = CARTESIAN_POINT('',(-1.5,-1.3,0.575));
#2917 = CARTESIAN_POINT('',(-1.399035633207,1.249517816603,0.1));
#2918 = CARTESIAN_POINT('',(-1.5,1.3,0.575));
#2919 = ADVANCED_FACE('',(#2920),#3017,.F.);
#2920 = FACE_BOUND('',#2921,.F.);
#2921 = EDGE_LOOP('',(#2922,#2923,#2930,#2938,#2946,#2954,#2962,#2970,
    #2978,#2986,#2994,#3002,#3010,#3016));
#2922 = ORIENTED_EDGE('',*,*,#2691,.T.);
#2923 = ORIENTED_EDGE('',*,*,#2924,.T.);
#2924 = EDGE_CURVE('',#2692,#2925,#2927,.T.);
#2925 = VERTEX_POINT('',#2926);
#2926 = CARTESIAN_POINT('',(1.5,-1.3,0.575));
#2927 = B_SPLINE_CURVE_WITH_KNOTS('',1,(#2928,#2929),.UNSPECIFIED.,.F.,
  .F.,(2,2),(0.,1.),.PIECEWISE_BEZIER_KNOTS.);
#2928 = CARTESIAN_POINT('',(1.399035633207,-1.249517816603,0.1));
#2929 = CARTESIAN_POINT('',(1.5,-1.3,0.575));
#2930 = ORIENTED_EDGE('',*,*,#2931,.F.);
#2931 = EDGE_CURVE('',#2932,#2925,#2934,.T.);
#2932 = VERTEX_POINT('',#2933);
#2933 = CARTESIAN_POINT('',(1.5,-1.11,0.575));
#2934 = LINE('',#2935,#2936);
#2935 = CARTESIAN_POINT('',(1.5,1.3,0.575));
#2936 = VECTOR('',#2937,1.);
#2937 = DIRECTION('',(1.110223024625E-16,-1.,0.));
#2938 = ORIENTED_EDGE('',*,*,#2939,.F.);
#2939 = EDGE_CURVE('',#2940,#2932,#2942,.T.);
#2940 = VERTEX_POINT('',#2941);
#2941 = CARTESIAN_POINT('',(1.5,-0.89,0.575));
#2942 = LINE('',#2943,#2944);
#2943 = CARTESIAN_POINT('',(1.5,1.3,0.575));
#2944 = VECTOR('',#2945,1.);
#2945 = DIRECTION('',(1.110223024625E-16,-1.,0.));
#2946 = ORIENTED_EDGE('',*,*,#2947,.F.);
#2947 = EDGE_CURVE('',#2948,#2940,#2950,.T.);
#2948 = VERTEX_POINT('',#2949);
#2949 = CARTESIAN_POINT('',(1.5,-0.61,0.575));
#2950 = LINE('',#2951,#2952);
#2951 = CARTESIAN_POINT('',(1.5,1.3,0.575));
#2952 = VECTOR('',#2953,1.);
#2953 = DIRECTION('',(1.110223024625E-16,-1.,0.));
#2954 = ORIENTED_EDGE('',*,*,#2955,.F.);
#2955 = EDGE_CURVE('',#2956,#2948,#2958,.T.);
#2956 = VERTEX_POINT('',#2957);
#2957 = CARTESIAN_POINT('',(1.5,-0.39,0.575));
#2958 = LINE('',#2959,#2960);
#2959 = CARTESIAN_POINT('',(1.5,1.3,0.575));
#2960 = VECTOR('',#2961,1.);
#2961 = DIRECTION('',(1.110223024625E-16,-1.,0.));
#2962 = ORIENTED_EDGE('',*,*,#2963,.F.);
#2963 = EDGE_CURVE('',#2964,#2956,#2966,.T.);
#2964 = VERTEX_POINT('',#2965);
#2965 = CARTESIAN_POINT('',(1.5,-0.11,0.575));
#2966 = LINE('',#2967,#2968);
#2967 = CARTESIAN_POINT('',(1.5,1.3,0.575));
#2968 = VECTOR('',#2969,1.);
#2969 = DIRECTION('',(1.110223024625E-16,-1.,0.));
#2970 = ORIENTED_EDGE('',*,*,#2971,.F.);
#2971 = EDGE_CURVE('',#2972,#2964,#2974,.T.);
#2972 = VERTEX_POINT('',#2973);
#2973 = CARTESIAN_POINT('',(1.5,0.11,0.575));
#2974 = LINE('',#2975,#2976);
#2975 = CARTESIAN_POINT('',(1.5,1.3,0.575));
#2976 = VECTOR('',#2977,1.);
#2977 = DIRECTION('',(1.110223024625E-16,-1.,0.));
#2978 = ORIENTED_EDGE('',*,*,#2979,.F.);
#2979 = EDGE_CURVE('',#2980,#2972,#2982,.T.);
#2980 = VERTEX_POINT('',#2981);
#2981 = CARTESIAN_POINT('',(1.5,0.39,0.575));
#2982 = LINE('',#2983,#2984);
#2983 = CARTESIAN_POINT('',(1.5,1.3,0.575));
#2984 = VECTOR('',#2985,1.);
#2985 = DIRECTION('',(1.110223024625E-16,-1.,0.));
#2986 = ORIENTED_EDGE('',*,*,#2987,.F.);
#2987 = EDGE_CURVE('',#2988,#2980,#2990,.T.);
#2988 = VERTEX_POINT('',#2989);
#2989 = CARTESIAN_POINT('',(1.5,0.61,0.575));
#2990 = LINE('',#2991,#2992);
#2991 = CARTESIAN_POINT('',(1.5,1.3,0.575));
#2992 = VECTOR('',#2993,1.);
#2993 = DIRECTION('',(1.110223024625E-16,-1.,0.));
#2994 = ORIENTED_EDGE('',*,*,#2995,.F.);
#2995 = EDGE_CURVE('',#2996,#2988,#2998,.T.);
#2996 = VERTEX_POINT('',#2997);
#2997 = CARTESIAN_POINT('',(1.5,0.89,0.575));
#2998 = LINE('',#2999,#3000);
#2999 = CARTESIAN_POINT('',(1.5,1.3,0.575));
#3000 = VECTOR('',#3001,1.);
#3001 = DIRECTION('',(1.110223024625E-16,-1.,0.));
#3002 = ORIENTED_EDGE('',*,*,#3003,.F.);
#3003 = EDGE_CURVE('',#3004,#2996,#3006,.T.);
#3004 = VERTEX_POINT('',#3005);
#3005 = CARTESIAN_POINT('',(1.5,1.11,0.575));
#3006 = LINE('',#3007,#3008);
#3007 = CARTESIAN_POINT('',(1.5,1.3,0.575));
#3008 = VECTOR('',#3009,1.);
#3009 = DIRECTION('',(1.110223024625E-16,-1.,0.));
#3010 = ORIENTED_EDGE('',*,*,#3011,.F.);
#3011 = EDGE_CURVE('',#2747,#3004,#3012,.T.);
#3012 = LINE('',#3013,#3014);
#3013 = CARTESIAN_POINT('',(1.5,1.3,0.575));
#3014 = VECTOR('',#3015,1.);
#3015 = DIRECTION('',(1.110223024625E-16,-1.,0.));
#3016 = ORIENTED_EDGE('',*,*,#2746,.F.);
#3017 = B_SPLINE_SURFACE_WITH_KNOTS('',1,1,(
    (#3018,#3019)
    ,(#3020,#3021
    )),.UNSPECIFIED.,.F.,.F.,.F.,(2,2),(2,2),(0.,2.6),(0.,1.),
  .PIECEWISE_BEZIER_KNOTS.);
#3018 = CARTESIAN_POINT('',(1.399035633207,1.249517816603,0.1));
#3019 = CARTESIAN_POINT('',(1.5,1.3,0.575));
#3020 = CARTESIAN_POINT('',(1.399035633207,-1.249517816603,0.1));
#3021 = CARTESIAN_POINT('',(1.5,-1.3,0.575));
#3022 = ADVANCED_FACE('',(#3023),#3040,.F.);
#3023 = FACE_BOUND('',#3024,.F.);
#3024 = EDGE_LOOP('',(#3025,#3026,#3027,#3035));
#3025 = ORIENTED_EDGE('',*,*,#2715,.T.);
#3026 = ORIENTED_EDGE('',*,*,#2910,.T.);
#3027 = ORIENTED_EDGE('',*,*,#3028,.F.);
#3028 = EDGE_CURVE('',#3029,#2903,#3031,.T.);
#3029 = VERTEX_POINT('',#3030);
#3030 = CARTESIAN_POINT('',(-1.3,-1.5,0.575));
#3031 = LINE('',#3032,#3033);
#3032 = CARTESIAN_POINT('',(-1.3,-1.5,0.575));
#3033 = VECTOR('',#3034,1.);
#3034 = DIRECTION('',(-0.707106781187,0.707106781187,0.));
#3035 = ORIENTED_EDGE('',*,*,#3036,.F.);
#3036 = EDGE_CURVE('',#2708,#3029,#3037,.T.);
#3037 = B_SPLINE_CURVE_WITH_KNOTS('',1,(#3038,#3039),.UNSPECIFIED.,.F.,
  .F.,(2,2),(0.,1.),.PIECEWISE_BEZIER_KNOTS.);
#3038 = CARTESIAN_POINT('',(-1.249517816603,-1.399035633207,0.1));
#3039 = CARTESIAN_POINT('',(-1.3,-1.5,0.575));
#3040 = B_SPLINE_SURFACE_WITH_KNOTS('',1,1,(
    (#3041,#3042)
    ,(#3043,#3044
    )),.UNSPECIFIED.,.F.,.F.,.F.,(2,2),(2,2),(0.,0.282842712475),(0.,1.)
  ,.PIECEWISE_BEZIER_KNOTS.);
#3041 = CARTESIAN_POINT('',(-1.249517816603,-1.399035633207,0.1));
#3042 = CARTESIAN_POINT('',(-1.3,-1.5,0.575));
#3043 = CARTESIAN_POINT('',(-1.399035633207,-1.249517816603,0.1));
#3044 = CARTESIAN_POINT('',(-1.5,-1.3,0.575));
#3045 = ADVANCED_FACE('',(#3046),#3063,.F.);
#3046 = FACE_BOUND('',#3047,.F.);
#3047 = EDGE_LOOP('',(#3048,#3049,#3056,#3062));
#3048 = ORIENTED_EDGE('',*,*,#2699,.T.);
#3049 = ORIENTED_EDGE('',*,*,#3050,.T.);
#3050 = EDGE_CURVE('',#2700,#3051,#3053,.T.);
#3051 = VERTEX_POINT('',#3052);
#3052 = CARTESIAN_POINT('',(1.3,-1.5,0.575));
#3053 = B_SPLINE_CURVE_WITH_KNOTS('',1,(#3054,#3055),.UNSPECIFIED.,.F.,
  .F.,(2,2),(0.,1.),.PIECEWISE_BEZIER_KNOTS.);
#3054 = CARTESIAN_POINT('',(1.249517816603,-1.399035633207,0.1));
#3055 = CARTESIAN_POINT('',(1.3,-1.5,0.575));
#3056 = ORIENTED_EDGE('',*,*,#3057,.F.);
#3057 = EDGE_CURVE('',#2925,#3051,#3058,.T.);
#3058 = LINE('',#3059,#3060);
#3059 = CARTESIAN_POINT('',(1.5,-1.3,0.575));
#3060 = VECTOR('',#3061,1.);
#3061 = DIRECTION('',(-0.707106781187,-0.707106781187,0.));
#3062 = ORIENTED_EDGE('',*,*,#2924,.F.);
#3063 = B_SPLINE_SURFACE_WITH_KNOTS('',1,1,(
    (#3064,#3065)
    ,(#3066,#3067
    )),.UNSPECIFIED.,.F.,.F.,.F.,(2,2),(2,2),(0.,0.282842712475),(0.,1.)
  ,.PIECEWISE_BEZIER_KNOTS.);
#3064 = CARTESIAN_POINT('',(1.399035633207,-1.249517816603,0.1));
#3065 = CARTESIAN_POINT('',(1.5,-1.3,0.575));
#3066 = CARTESIAN_POINT('',(1.249517816603,-1.399035633207,0.1));
#3067 = CARTESIAN_POINT('',(1.3,-1.5,0.575));
#3068 = ADVANCED_FACE('',(#3069),#3080,.F.);
#3069 = FACE_BOUND('',#3070,.F.);
#3070 = EDGE_LOOP('',(#3071,#3072,#3073,#3079));
#3071 = ORIENTED_EDGE('',*,*,#2707,.T.);
#3072 = ORIENTED_EDGE('',*,*,#3036,.T.);
#3073 = ORIENTED_EDGE('',*,*,#3074,.F.);
#3074 = EDGE_CURVE('',#3051,#3029,#3075,.T.);
#3075 = LINE('',#3076,#3077);
#3076 = CARTESIAN_POINT('',(1.3,-1.5,0.575));
#3077 = VECTOR('',#3078,1.);
#3078 = DIRECTION('',(-1.,-1.110223024625E-16,0.));
#3079 = ORIENTED_EDGE('',*,*,#3050,.F.);
#3080 = B_SPLINE_SURFACE_WITH_KNOTS('',1,1,(
    (#3081,#3082)
    ,(#3083,#3084
    )),.UNSPECIFIED.,.F.,.F.,.F.,(2,2),(2,2),(0.,2.6),(0.,1.),
  .PIECEWISE_BEZIER_KNOTS.);
#3081 = CARTESIAN_POINT('',(1.249517816603,-1.399035633207,0.1));
#3082 = CARTESIAN_POINT('',(1.3,-1.5,0.575));
#3083 = CARTESIAN_POINT('',(-1.249517816603,-1.399035633207,0.1));
#3084 = CARTESIAN_POINT('',(-1.3,-1.5,0.575));
#3085 = ADVANCED_FACE('',(#3086),#3103,.F.);
#3086 = FACE_BOUND('',#3087,.F.);
#3087 = EDGE_LOOP('',(#3088,#3089,#3096,#3102));
#3088 = ORIENTED_EDGE('',*,*,#2753,.T.);
#3089 = ORIENTED_EDGE('',*,*,#3090,.T.);
#3090 = EDGE_CURVE('',#2747,#3091,#3093,.T.);
#3091 = VERTEX_POINT('',#3092);
#3092 = CARTESIAN_POINT('',(1.5,1.3,0.725));
#3093 = B_SPLINE_CURVE_WITH_KNOTS('',1,(#3094,#3095),.UNSPECIFIED.,.F.,
  .F.,(2,2),(0.,1.),.PIECEWISE_BEZIER_KNOTS.);
#3094 = CARTESIAN_POINT('',(1.5,1.3,0.575));
#3095 = CARTESIAN_POINT('',(1.5,1.3,0.725));
#3096 = ORIENTED_EDGE('',*,*,#3097,.F.);
#3097 = EDGE_CURVE('',#2770,#3091,#3098,.T.);
#3098 = LINE('',#3099,#3100);
#3099 = CARTESIAN_POINT('',(1.3,1.5,0.725));
#3100 = VECTOR('',#3101,1.);
#3101 = DIRECTION('',(0.707106781187,-0.707106781187,0.));
#3102 = ORIENTED_EDGE('',*,*,#2769,.F.);
#3103 = PLANE('',#3104);
#3104 = AXIS2_PLACEMENT_3D('',#3105,#3106,#3107);
#3105 = CARTESIAN_POINT('',(1.3,1.5,0.725));
#3106 = DIRECTION('',(-0.707106781187,-0.707106781187,0.));
#3107 = DIRECTION('',(0.707106781187,-0.707106781187,0.));
#3108 = ADVANCED_FACE('',(#3109),#3191,.F.);
#3109 = FACE_BOUND('',#3110,.F.);
#3110 = EDGE_LOOP('',(#3111,#3119,#3120,#3121,#3129,#3137,#3145,#3153,
    #3161,#3169,#3177,#3185));
#3111 = ORIENTED_EDGE('',*,*,#3112,.T.);
#3112 = EDGE_CURVE('',#3113,#2777,#3115,.T.);
#3113 = VERTEX_POINT('',#3114);
#3114 = CARTESIAN_POINT('',(-1.5,1.3,0.725));
#3115 = LINE('',#3116,#3117);
#3116 = CARTESIAN_POINT('',(-1.5,1.3,0.725));
#3117 = VECTOR('',#3118,1.);
#3118 = DIRECTION('',(0.707106781187,0.707106781187,0.));
#3119 = ORIENTED_EDGE('',*,*,#2776,.T.);
#3120 = ORIENTED_EDGE('',*,*,#3097,.T.);
#3121 = ORIENTED_EDGE('',*,*,#3122,.T.);
#3122 = EDGE_CURVE('',#3091,#3123,#3125,.T.);
#3123 = VERTEX_POINT('',#3124);
#3124 = CARTESIAN_POINT('',(1.5,1.11,0.725));
#3125 = LINE('',#3126,#3127);
#3126 = CARTESIAN_POINT('',(1.5,1.3,0.725));
#3127 = VECTOR('',#3128,1.);
#3128 = DIRECTION('',(1.110223024625E-16,-1.,0.));
#3129 = ORIENTED_EDGE('',*,*,#3130,.T.);
#3130 = EDGE_CURVE('',#3123,#3131,#3133,.T.);
#3131 = VERTEX_POINT('',#3132);
#3132 = CARTESIAN_POINT('',(1.45,1.11,0.725));
#3133 = LINE('',#3134,#3135);
#3134 = CARTESIAN_POINT('',(1.55,1.11,0.725));
#3135 = VECTOR('',#3136,1.);
#3136 = DIRECTION('',(-1.,-1.110223024625E-16,0.));
#3137 = ORIENTED_EDGE('',*,*,#3138,.F.);
#3138 = EDGE_CURVE('',#3139,#3131,#3141,.T.);
#3139 = VERTEX_POINT('',#3140);
#3140 = CARTESIAN_POINT('',(1.45,1.275,0.725));
#3141 = LINE('',#3142,#3143);
#3142 = CARTESIAN_POINT('',(1.45,1.275,0.725));
#3143 = VECTOR('',#3144,1.);
#3144 = DIRECTION('',(1.110223024625E-16,-1.,0.));
#3145 = ORIENTED_EDGE('',*,*,#3146,.F.);
#3146 = EDGE_CURVE('',#3147,#3139,#3149,.T.);
#3147 = VERTEX_POINT('',#3148);
#3148 = CARTESIAN_POINT('',(1.275,1.45,0.725));
#3149 = LINE('',#3150,#3151);
#3150 = CARTESIAN_POINT('',(1.275,1.45,0.725));
#3151 = VECTOR('',#3152,1.);
#3152 = DIRECTION('',(0.707106781187,-0.707106781187,0.));
#3153 = ORIENTED_EDGE('',*,*,#3154,.F.);
#3154 = EDGE_CURVE('',#3155,#3147,#3157,.T.);
#3155 = VERTEX_POINT('',#3156);
#3156 = CARTESIAN_POINT('',(-1.275,1.45,0.725));
#3157 = LINE('',#3158,#3159);
#3158 = CARTESIAN_POINT('',(-1.275,1.45,0.725));
#3159 = VECTOR('',#3160,1.);
#3160 = DIRECTION('',(1.,1.110223024625E-16,0.));
#3161 = ORIENTED_EDGE('',*,*,#3162,.F.);
#3162 = EDGE_CURVE('',#3163,#3155,#3165,.T.);
#3163 = VERTEX_POINT('',#3164);
#3164 = CARTESIAN_POINT('',(-1.45,1.275,0.725));
#3165 = LINE('',#3166,#3167);
#3166 = CARTESIAN_POINT('',(-1.45,1.275,0.725));
#3167 = VECTOR('',#3168,1.);
#3168 = DIRECTION('',(0.707106781187,0.707106781187,0.));
#3169 = ORIENTED_EDGE('',*,*,#3170,.F.);
#3170 = EDGE_CURVE('',#3171,#3163,#3173,.T.);
#3171 = VERTEX_POINT('',#3172);
#3172 = CARTESIAN_POINT('',(-1.45,1.11,0.725));
#3173 = LINE('',#3174,#3175);
#3174 = CARTESIAN_POINT('',(-1.45,-1.275,0.725));
#3175 = VECTOR('',#3176,1.);
#3176 = DIRECTION('',(-1.110223024625E-16,1.,0.));
#3177 = ORIENTED_EDGE('',*,*,#3178,.F.);
#3178 = EDGE_CURVE('',#3179,#3171,#3181,.T.);
#3179 = VERTEX_POINT('',#3180);
#3180 = CARTESIAN_POINT('',(-1.5,1.11,0.725));
#3181 = LINE('',#3182,#3183);
#3182 = CARTESIAN_POINT('',(-1.55,1.11,0.725));
#3183 = VECTOR('',#3184,1.);
#3184 = DIRECTION('',(1.,-1.144237745222E-17,0.));
#3185 = ORIENTED_EDGE('',*,*,#3186,.T.);
#3186 = EDGE_CURVE('',#3179,#3113,#3187,.T.);
#3187 = LINE('',#3188,#3189);
#3188 = CARTESIAN_POINT('',(-1.5,-1.3,0.725));
#3189 = VECTOR('',#3190,1.);
#3190 = DIRECTION('',(-1.110223024625E-16,1.,0.));
#3191 = PLANE('',#3192);
#3192 = AXIS2_PLACEMENT_3D('',#3193,#3194,#3195);
#3193 = CARTESIAN_POINT('',(-1.527474198549E-16,1.475,0.725));
#3194 = DIRECTION('',(1.474807988425E-32,-1.897177879498E-27,-1.));
#3195 = DIRECTION('',(1.,1.199334786602E-16,1.474807988402E-32));
#3196 = ADVANCED_FACE('',(#3197),#3207,.F.);
#3197 = FACE_BOUND('',#3198,.F.);
#3198 = EDGE_LOOP('',(#3199,#3200,#3201,#3202));
#3199 = ORIENTED_EDGE('',*,*,#2799,.T.);
#3200 = ORIENTED_EDGE('',*,*,#2784,.T.);
#3201 = ORIENTED_EDGE('',*,*,#3112,.F.);
#3202 = ORIENTED_EDGE('',*,*,#3203,.F.);
#3203 = EDGE_CURVE('',#2800,#3113,#3204,.T.);
#3204 = B_SPLINE_CURVE_WITH_KNOTS('',1,(#3205,#3206),.UNSPECIFIED.,.F.,
  .F.,(2,2),(0.,1.),.PIECEWISE_BEZIER_KNOTS.);
#3205 = CARTESIAN_POINT('',(-1.5,1.3,0.575));
#3206 = CARTESIAN_POINT('',(-1.5,1.3,0.725));
#3207 = PLANE('',#3208);
#3208 = AXIS2_PLACEMENT_3D('',#3209,#3210,#3211);
#3209 = CARTESIAN_POINT('',(-1.5,1.3,0.725));
#3210 = DIRECTION('',(0.707106781187,-0.707106781187,0.));
#3211 = DIRECTION('',(0.707106781187,0.707106781187,0.));
#3212 = ADVANCED_FACE('',(#3213),#3237,.F.);
#3213 = FACE_BOUND('',#3214,.F.);
#3214 = EDGE_LOOP('',(#3215,#3222,#3223,#3231));
#3215 = ORIENTED_EDGE('',*,*,#3216,.F.);
#3216 = EDGE_CURVE('',#2903,#3217,#3219,.T.);
#3217 = VERTEX_POINT('',#3218);
#3218 = CARTESIAN_POINT('',(-1.5,-1.3,0.725));
#3219 = B_SPLINE_CURVE_WITH_KNOTS('',1,(#3220,#3221),.UNSPECIFIED.,.F.,
  .F.,(2,2),(0.,1.),.PIECEWISE_BEZIER_KNOTS.);
#3220 = CARTESIAN_POINT('',(-1.5,-1.3,0.575));
#3221 = CARTESIAN_POINT('',(-1.5,-1.3,0.725));
#3222 = ORIENTED_EDGE('',*,*,#2902,.T.);
#3223 = ORIENTED_EDGE('',*,*,#3224,.T.);
#3224 = EDGE_CURVE('',#2895,#3225,#3227,.T.);
#3225 = VERTEX_POINT('',#3226);
#3226 = CARTESIAN_POINT('',(-1.5,-1.11,0.725));
#3227 = LINE('',#3228,#3229);
#3228 = CARTESIAN_POINT('',(-1.5,-1.11,0.504274345616));
#3229 = VECTOR('',#3230,1.);
#3230 = DIRECTION('',(0.,0.,1.));
#3231 = ORIENTED_EDGE('',*,*,#3232,.F.);
#3232 = EDGE_CURVE('',#3217,#3225,#3233,.T.);
#3233 = LINE('',#3234,#3235);
#3234 = CARTESIAN_POINT('',(-1.5,-1.3,0.725));
#3235 = VECTOR('',#3236,1.);
#3236 = DIRECTION('',(-1.110223024625E-16,1.,0.));
#3237 = PLANE('',#3238);
#3238 = AXIS2_PLACEMENT_3D('',#3239,#3240,#3241);
#3239 = CARTESIAN_POINT('',(-1.5,-1.3,0.725));
#3240 = DIRECTION('',(1.,1.110223024625E-16,0.));
#3241 = DIRECTION('',(-1.110223024625E-16,1.,0.));
#3242 = ADVANCED_FACE('',(#3243),#3268,.F.);
#3243 = FACE_BOUND('',#3244,.F.);
#3244 = EDGE_LOOP('',(#3245,#3253,#3254,#3262));
#3245 = ORIENTED_EDGE('',*,*,#3246,.F.);
#3246 = EDGE_CURVE('',#2895,#3247,#3249,.T.);
#3247 = VERTEX_POINT('',#3248);
#3248 = CARTESIAN_POINT('',(-1.55,-1.11,0.575));
#3249 = LINE('',#3250,#3251);
#3250 = CARTESIAN_POINT('',(-1.4,-1.11,0.575));
#3251 = VECTOR('',#3252,1.);
#3252 = DIRECTION('',(-1.,1.144237745222E-17,0.));
#3253 = ORIENTED_EDGE('',*,*,#2894,.T.);
#3254 = ORIENTED_EDGE('',*,*,#3255,.T.);
#3255 = EDGE_CURVE('',#2887,#3256,#3258,.T.);
#3256 = VERTEX_POINT('',#3257);
#3257 = CARTESIAN_POINT('',(-1.55,-0.89,0.575));
#3258 = LINE('',#3259,#3260);
#3259 = CARTESIAN_POINT('',(-1.4,-0.89,0.575));
#3260 = VECTOR('',#3261,1.);
#3261 = DIRECTION('',(-1.,1.144237745222E-17,0.));
#3262 = ORIENTED_EDGE('',*,*,#3263,.F.);
#3263 = EDGE_CURVE('',#3247,#3256,#3264,.T.);
#3264 = LINE('',#3265,#3266);
#3265 = CARTESIAN_POINT('',(-1.55,-1.11,0.575));
#3266 = VECTOR('',#3267,1.);
#3267 = DIRECTION('',(1.144237745222E-17,1.,0.));
#3268 = PLANE('',#3269);
#3269 = AXIS2_PLACEMENT_3D('',#3270,#3271,#3272);
#3270 = CARTESIAN_POINT('',(-1.4,-1.11,0.575));
#3271 = DIRECTION('',(0.,0.,1.));
#3272 = DIRECTION('',(-1.,1.144237745222E-17,0.));
#3273 = ADVANCED_FACE('',(#3274),#3299,.F.);
#3274 = FACE_BOUND('',#3275,.F.);
#3275 = EDGE_LOOP('',(#3276,#3284,#3285,#3293));
#3276 = ORIENTED_EDGE('',*,*,#3277,.F.);
#3277 = EDGE_CURVE('',#2887,#3278,#3280,.T.);
#3278 = VERTEX_POINT('',#3279);
#3279 = CARTESIAN_POINT('',(-1.5,-0.89,0.725));
#3280 = LINE('',#3281,#3282);
#3281 = CARTESIAN_POINT('',(-1.5,-0.89,0.504274345616));
#3282 = VECTOR('',#3283,1.);
#3283 = DIRECTION('',(0.,0.,1.));
#3284 = ORIENTED_EDGE('',*,*,#2886,.T.);
#3285 = ORIENTED_EDGE('',*,*,#3286,.T.);
#3286 = EDGE_CURVE('',#2879,#3287,#3289,.T.);
#3287 = VERTEX_POINT('',#3288);
#3288 = CARTESIAN_POINT('',(-1.5,-0.61,0.725));
#3289 = LINE('',#3290,#3291);
#3290 = CARTESIAN_POINT('',(-1.5,-0.61,0.504274345616));
#3291 = VECTOR('',#3292,1.);
#3292 = DIRECTION('',(0.,0.,1.));
#3293 = ORIENTED_EDGE('',*,*,#3294,.F.);
#3294 = EDGE_CURVE('',#3278,#3287,#3295,.T.);
#3295 = LINE('',#3296,#3297);
#3296 = CARTESIAN_POINT('',(-1.5,-1.3,0.725));
#3297 = VECTOR('',#3298,1.);
#3298 = DIRECTION('',(-1.110223024625E-16,1.,0.));
#3299 = PLANE('',#3300);
#3300 = AXIS2_PLACEMENT_3D('',#3301,#3302,#3303);
#3301 = CARTESIAN_POINT('',(-1.5,-1.3,0.725));
#3302 = DIRECTION('',(1.,1.110223024625E-16,0.));
#3303 = DIRECTION('',(-1.110223024625E-16,1.,0.));
#3304 = ADVANCED_FACE('',(#3305),#3330,.F.);
#3305 = FACE_BOUND('',#3306,.F.);
#3306 = EDGE_LOOP('',(#3307,#3315,#3316,#3324));
#3307 = ORIENTED_EDGE('',*,*,#3308,.F.);
#3308 = EDGE_CURVE('',#2879,#3309,#3311,.T.);
#3309 = VERTEX_POINT('',#3310);
#3310 = CARTESIAN_POINT('',(-1.55,-0.61,0.575));
#3311 = LINE('',#3312,#3313);
#3312 = CARTESIAN_POINT('',(-1.4,-0.61,0.575));
#3313 = VECTOR('',#3314,1.);
#3314 = DIRECTION('',(-1.,1.144237745222E-17,0.));
#3315 = ORIENTED_EDGE('',*,*,#2878,.T.);
#3316 = ORIENTED_EDGE('',*,*,#3317,.T.);
#3317 = EDGE_CURVE('',#2871,#3318,#3320,.T.);
#3318 = VERTEX_POINT('',#3319);
#3319 = CARTESIAN_POINT('',(-1.55,-0.39,0.575));
#3320 = LINE('',#3321,#3322);
#3321 = CARTESIAN_POINT('',(-1.4,-0.39,0.575));
#3322 = VECTOR('',#3323,1.);
#3323 = DIRECTION('',(-1.,1.144237745222E-17,0.));
#3324 = ORIENTED_EDGE('',*,*,#3325,.F.);
#3325 = EDGE_CURVE('',#3309,#3318,#3326,.T.);
#3326 = LINE('',#3327,#3328);
#3327 = CARTESIAN_POINT('',(-1.55,-0.61,0.575));
#3328 = VECTOR('',#3329,1.);
#3329 = DIRECTION('',(1.144237745222E-17,1.,0.));
#3330 = PLANE('',#3331);
#3331 = AXIS2_PLACEMENT_3D('',#3332,#3333,#3334);
#3332 = CARTESIAN_POINT('',(-1.4,-0.61,0.575));
#3333 = DIRECTION('',(0.,0.,1.));
#3334 = DIRECTION('',(-1.,1.144237745222E-17,0.));
#3335 = ADVANCED_FACE('',(#3336),#3361,.F.);
#3336 = FACE_BOUND('',#3337,.F.);
#3337 = EDGE_LOOP('',(#3338,#3346,#3347,#3355));
#3338 = ORIENTED_EDGE('',*,*,#3339,.F.);
#3339 = EDGE_CURVE('',#2871,#3340,#3342,.T.);
#3340 = VERTEX_POINT('',#3341);
#3341 = CARTESIAN_POINT('',(-1.5,-0.39,0.725));
#3342 = LINE('',#3343,#3344);
#3343 = CARTESIAN_POINT('',(-1.5,-0.39,0.504274345616));
#3344 = VECTOR('',#3345,1.);
#3345 = DIRECTION('',(0.,0.,1.));
#3346 = ORIENTED_EDGE('',*,*,#2870,.T.);
#3347 = ORIENTED_EDGE('',*,*,#3348,.T.);
#3348 = EDGE_CURVE('',#2863,#3349,#3351,.T.);
#3349 = VERTEX_POINT('',#3350);
#3350 = CARTESIAN_POINT('',(-1.5,-0.11,0.725));
#3351 = LINE('',#3352,#3353);
#3352 = CARTESIAN_POINT('',(-1.5,-0.11,0.504274345616));
#3353 = VECTOR('',#3354,1.);
#3354 = DIRECTION('',(0.,0.,1.));
#3355 = ORIENTED_EDGE('',*,*,#3356,.F.);
#3356 = EDGE_CURVE('',#3340,#3349,#3357,.T.);
#3357 = LINE('',#3358,#3359);
#3358 = CARTESIAN_POINT('',(-1.5,-1.3,0.725));
#3359 = VECTOR('',#3360,1.);
#3360 = DIRECTION('',(-1.110223024625E-16,1.,0.));
#3361 = PLANE('',#3362);
#3362 = AXIS2_PLACEMENT_3D('',#3363,#3364,#3365);
#3363 = CARTESIAN_POINT('',(-1.5,-1.3,0.725));
#3364 = DIRECTION('',(1.,1.110223024625E-16,0.));
#3365 = DIRECTION('',(-1.110223024625E-16,1.,0.));
#3366 = ADVANCED_FACE('',(#3367),#3392,.F.);
#3367 = FACE_BOUND('',#3368,.F.);
#3368 = EDGE_LOOP('',(#3369,#3377,#3378,#3386));
#3369 = ORIENTED_EDGE('',*,*,#3370,.F.);
#3370 = EDGE_CURVE('',#2863,#3371,#3373,.T.);
#3371 = VERTEX_POINT('',#3372);
#3372 = CARTESIAN_POINT('',(-1.55,-0.11,0.575));
#3373 = LINE('',#3374,#3375);
#3374 = CARTESIAN_POINT('',(-1.4,-0.11,0.575));
#3375 = VECTOR('',#3376,1.);
#3376 = DIRECTION('',(-1.,1.144237745222E-17,0.));
#3377 = ORIENTED_EDGE('',*,*,#2862,.T.);
#3378 = ORIENTED_EDGE('',*,*,#3379,.T.);
#3379 = EDGE_CURVE('',#2855,#3380,#3382,.T.);
#3380 = VERTEX_POINT('',#3381);
#3381 = CARTESIAN_POINT('',(-1.55,0.11,0.575));
#3382 = LINE('',#3383,#3384);
#3383 = CARTESIAN_POINT('',(-1.4,0.11,0.575));
#3384 = VECTOR('',#3385,1.);
#3385 = DIRECTION('',(-1.,1.144237745222E-17,0.));
#3386 = ORIENTED_EDGE('',*,*,#3387,.F.);
#3387 = EDGE_CURVE('',#3371,#3380,#3388,.T.);
#3388 = LINE('',#3389,#3390);
#3389 = CARTESIAN_POINT('',(-1.55,-0.11,0.575));
#3390 = VECTOR('',#3391,1.);
#3391 = DIRECTION('',(1.144237745222E-17,1.,0.));
#3392 = PLANE('',#3393);
#3393 = AXIS2_PLACEMENT_3D('',#3394,#3395,#3396);
#3394 = CARTESIAN_POINT('',(-1.4,-0.11,0.575));
#3395 = DIRECTION('',(0.,0.,1.));
#3396 = DIRECTION('',(-1.,1.144237745222E-17,0.));
#3397 = ADVANCED_FACE('',(#3398),#3423,.F.);
#3398 = FACE_BOUND('',#3399,.F.);
#3399 = EDGE_LOOP('',(#3400,#3408,#3409,#3417));
#3400 = ORIENTED_EDGE('',*,*,#3401,.F.);
#3401 = EDGE_CURVE('',#2855,#3402,#3404,.T.);
#3402 = VERTEX_POINT('',#3403);
#3403 = CARTESIAN_POINT('',(-1.5,0.11,0.725));
#3404 = LINE('',#3405,#3406);
#3405 = CARTESIAN_POINT('',(-1.5,0.11,0.504274345616));
#3406 = VECTOR('',#3407,1.);
#3407 = DIRECTION('',(0.,0.,1.));
#3408 = ORIENTED_EDGE('',*,*,#2854,.T.);
#3409 = ORIENTED_EDGE('',*,*,#3410,.T.);
#3410 = EDGE_CURVE('',#2847,#3411,#3413,.T.);
#3411 = VERTEX_POINT('',#3412);
#3412 = CARTESIAN_POINT('',(-1.5,0.39,0.725));
#3413 = LINE('',#3414,#3415);
#3414 = CARTESIAN_POINT('',(-1.5,0.39,0.504274345616));
#3415 = VECTOR('',#3416,1.);
#3416 = DIRECTION('',(0.,0.,1.));
#3417 = ORIENTED_EDGE('',*,*,#3418,.F.);
#3418 = EDGE_CURVE('',#3402,#3411,#3419,.T.);
#3419 = LINE('',#3420,#3421);
#3420 = CARTESIAN_POINT('',(-1.5,-1.3,0.725));
#3421 = VECTOR('',#3422,1.);
#3422 = DIRECTION('',(-1.110223024625E-16,1.,0.));
#3423 = PLANE('',#3424);
#3424 = AXIS2_PLACEMENT_3D('',#3425,#3426,#3427);
#3425 = CARTESIAN_POINT('',(-1.5,-1.3,0.725));
#3426 = DIRECTION('',(1.,1.110223024625E-16,0.));
#3427 = DIRECTION('',(-1.110223024625E-16,1.,0.));
#3428 = ADVANCED_FACE('',(#3429),#3454,.F.);
#3429 = FACE_BOUND('',#3430,.F.);
#3430 = EDGE_LOOP('',(#3431,#3439,#3440,#3448));
#3431 = ORIENTED_EDGE('',*,*,#3432,.F.);
#3432 = EDGE_CURVE('',#2847,#3433,#3435,.T.);
#3433 = VERTEX_POINT('',#3434);
#3434 = CARTESIAN_POINT('',(-1.55,0.39,0.575));
#3435 = LINE('',#3436,#3437);
#3436 = CARTESIAN_POINT('',(-1.4,0.39,0.575));
#3437 = VECTOR('',#3438,1.);
#3438 = DIRECTION('',(-1.,1.144237745222E-17,0.));
#3439 = ORIENTED_EDGE('',*,*,#2846,.T.);
#3440 = ORIENTED_EDGE('',*,*,#3441,.T.);
#3441 = EDGE_CURVE('',#2839,#3442,#3444,.T.);
#3442 = VERTEX_POINT('',#3443);
#3443 = CARTESIAN_POINT('',(-1.55,0.61,0.575));
#3444 = LINE('',#3445,#3446);
#3445 = CARTESIAN_POINT('',(-1.4,0.61,0.575));
#3446 = VECTOR('',#3447,1.);
#3447 = DIRECTION('',(-1.,1.144237745222E-17,0.));
#3448 = ORIENTED_EDGE('',*,*,#3449,.F.);
#3449 = EDGE_CURVE('',#3433,#3442,#3450,.T.);
#3450 = LINE('',#3451,#3452);
#3451 = CARTESIAN_POINT('',(-1.55,0.39,0.575));
#3452 = VECTOR('',#3453,1.);
#3453 = DIRECTION('',(1.144237745222E-17,1.,0.));
#3454 = PLANE('',#3455);
#3455 = AXIS2_PLACEMENT_3D('',#3456,#3457,#3458);
#3456 = CARTESIAN_POINT('',(-1.4,0.39,0.575));
#3457 = DIRECTION('',(0.,0.,1.));
#3458 = DIRECTION('',(-1.,1.144237745222E-17,0.));
#3459 = ADVANCED_FACE('',(#3460),#3485,.F.);
#3460 = FACE_BOUND('',#3461,.F.);
#3461 = EDGE_LOOP('',(#3462,#3470,#3471,#3479));
#3462 = ORIENTED_EDGE('',*,*,#3463,.F.);
#3463 = EDGE_CURVE('',#2839,#3464,#3466,.T.);
#3464 = VERTEX_POINT('',#3465);
#3465 = CARTESIAN_POINT('',(-1.5,0.61,0.725));
#3466 = LINE('',#3467,#3468);
#3467 = CARTESIAN_POINT('',(-1.5,0.61,0.504274345616));
#3468 = VECTOR('',#3469,1.);
#3469 = DIRECTION('',(0.,0.,1.));
#3470 = ORIENTED_EDGE('',*,*,#2838,.T.);
#3471 = ORIENTED_EDGE('',*,*,#3472,.T.);
#3472 = EDGE_CURVE('',#2831,#3473,#3475,.T.);
#3473 = VERTEX_POINT('',#3474);
#3474 = CARTESIAN_POINT('',(-1.5,0.89,0.725));
#3475 = LINE('',#3476,#3477);
#3476 = CARTESIAN_POINT('',(-1.5,0.89,0.504274345616));
#3477 = VECTOR('',#3478,1.);
#3478 = DIRECTION('',(0.,0.,1.));
#3479 = ORIENTED_EDGE('',*,*,#3480,.F.);
#3480 = EDGE_CURVE('',#3464,#3473,#3481,.T.);
#3481 = LINE('',#3482,#3483);
#3482 = CARTESIAN_POINT('',(-1.5,-1.3,0.725));
#3483 = VECTOR('',#3484,1.);
#3484 = DIRECTION('',(-1.110223024625E-16,1.,0.));
#3485 = PLANE('',#3486);
#3486 = AXIS2_PLACEMENT_3D('',#3487,#3488,#3489);
#3487 = CARTESIAN_POINT('',(-1.5,-1.3,0.725));
#3488 = DIRECTION('',(1.,1.110223024625E-16,0.));
#3489 = DIRECTION('',(-1.110223024625E-16,1.,0.));
#3490 = ADVANCED_FACE('',(#3491),#3516,.F.);
#3491 = FACE_BOUND('',#3492,.F.);
#3492 = EDGE_LOOP('',(#3493,#3501,#3502,#3510));
#3493 = ORIENTED_EDGE('',*,*,#3494,.F.);
#3494 = EDGE_CURVE('',#2831,#3495,#3497,.T.);
#3495 = VERTEX_POINT('',#3496);
#3496 = CARTESIAN_POINT('',(-1.55,0.89,0.575));
#3497 = LINE('',#3498,#3499);
#3498 = CARTESIAN_POINT('',(-1.4,0.89,0.575));
#3499 = VECTOR('',#3500,1.);
#3500 = DIRECTION('',(-1.,1.144237745222E-17,0.));
#3501 = ORIENTED_EDGE('',*,*,#2830,.T.);
#3502 = ORIENTED_EDGE('',*,*,#3503,.T.);
#3503 = EDGE_CURVE('',#2823,#3504,#3506,.T.);
#3504 = VERTEX_POINT('',#3505);
#3505 = CARTESIAN_POINT('',(-1.55,1.11,0.575));
#3506 = LINE('',#3507,#3508);
#3507 = CARTESIAN_POINT('',(-1.4,1.11,0.575));
#3508 = VECTOR('',#3509,1.);
#3509 = DIRECTION('',(-1.,1.144237745222E-17,0.));
#3510 = ORIENTED_EDGE('',*,*,#3511,.F.);
#3511 = EDGE_CURVE('',#3495,#3504,#3512,.T.);
#3512 = LINE('',#3513,#3514);
#3513 = CARTESIAN_POINT('',(-1.55,0.89,0.575));
#3514 = VECTOR('',#3515,1.);
#3515 = DIRECTION('',(1.144237745222E-17,1.,0.));
#3516 = PLANE('',#3517);
#3517 = AXIS2_PLACEMENT_3D('',#3518,#3519,#3520);
#3518 = CARTESIAN_POINT('',(-1.4,0.89,0.575));
#3519 = DIRECTION('',(0.,0.,1.));
#3520 = DIRECTION('',(-1.,1.144237745222E-17,0.));
#3521 = ADVANCED_FACE('',(#3522),#3533,.F.);
#3522 = FACE_BOUND('',#3523,.F.);
#3523 = EDGE_LOOP('',(#3524,#3530,#3531,#3532));
#3524 = ORIENTED_EDGE('',*,*,#3525,.F.);
#3525 = EDGE_CURVE('',#2823,#3179,#3526,.T.);
#3526 = LINE('',#3527,#3528);
#3527 = CARTESIAN_POINT('',(-1.5,1.11,0.504274345616));
#3528 = VECTOR('',#3529,1.);
#3529 = DIRECTION('',(0.,0.,1.));
#3530 = ORIENTED_EDGE('',*,*,#2822,.T.);
#3531 = ORIENTED_EDGE('',*,*,#3203,.T.);
#3532 = ORIENTED_EDGE('',*,*,#3186,.F.);
#3533 = PLANE('',#3534);
#3534 = AXIS2_PLACEMENT_3D('',#3535,#3536,#3537);
#3535 = CARTESIAN_POINT('',(-1.5,-1.3,0.725));
#3536 = DIRECTION('',(1.,1.110223024625E-16,0.));
#3537 = DIRECTION('',(-1.110223024625E-16,1.,0.));
#3538 = ADVANCED_FACE('',(#3539),#3550,.F.);
#3539 = FACE_BOUND('',#3540,.F.);
#3540 = EDGE_LOOP('',(#3541,#3542,#3543,#3549));
#3541 = ORIENTED_EDGE('',*,*,#3090,.F.);
#3542 = ORIENTED_EDGE('',*,*,#3011,.T.);
#3543 = ORIENTED_EDGE('',*,*,#3544,.T.);
#3544 = EDGE_CURVE('',#3004,#3123,#3545,.T.);
#3545 = LINE('',#3546,#3547);
#3546 = CARTESIAN_POINT('',(1.5,1.11,0.504274345616));
#3547 = VECTOR('',#3548,1.);
#3548 = DIRECTION('',(0.,0.,1.));
#3549 = ORIENTED_EDGE('',*,*,#3122,.F.);
#3550 = PLANE('',#3551);
#3551 = AXIS2_PLACEMENT_3D('',#3552,#3553,#3554);
#3552 = CARTESIAN_POINT('',(1.5,1.3,0.725));
#3553 = DIRECTION('',(-1.,-1.110223024625E-16,0.));
#3554 = DIRECTION('',(1.110223024625E-16,-1.,0.));
#3555 = ADVANCED_FACE('',(#3556),#3581,.F.);
#3556 = FACE_BOUND('',#3557,.F.);
#3557 = EDGE_LOOP('',(#3558,#3566,#3567,#3575));
#3558 = ORIENTED_EDGE('',*,*,#3559,.F.);
#3559 = EDGE_CURVE('',#3004,#3560,#3562,.T.);
#3560 = VERTEX_POINT('',#3561);
#3561 = CARTESIAN_POINT('',(1.55,1.11,0.575));
#3562 = LINE('',#3563,#3564);
#3563 = CARTESIAN_POINT('',(1.4,1.11,0.575));
#3564 = VECTOR('',#3565,1.);
#3565 = DIRECTION('',(1.,1.110223024625E-16,0.));
#3566 = ORIENTED_EDGE('',*,*,#3003,.T.);
#3567 = ORIENTED_EDGE('',*,*,#3568,.T.);
#3568 = EDGE_CURVE('',#2996,#3569,#3571,.T.);
#3569 = VERTEX_POINT('',#3570);
#3570 = CARTESIAN_POINT('',(1.55,0.89,0.575));
#3571 = LINE('',#3572,#3573);
#3572 = CARTESIAN_POINT('',(1.4,0.89,0.575));
#3573 = VECTOR('',#3574,1.);
#3574 = DIRECTION('',(1.,1.110223024625E-16,0.));
#3575 = ORIENTED_EDGE('',*,*,#3576,.F.);
#3576 = EDGE_CURVE('',#3560,#3569,#3577,.T.);
#3577 = LINE('',#3578,#3579);
#3578 = CARTESIAN_POINT('',(1.55,1.11,0.575));
#3579 = VECTOR('',#3580,1.);
#3580 = DIRECTION('',(1.110223024625E-16,-1.,0.));
#3581 = PLANE('',#3582);
#3582 = AXIS2_PLACEMENT_3D('',#3583,#3584,#3585);
#3583 = CARTESIAN_POINT('',(1.4,1.11,0.575));
#3584 = DIRECTION('',(0.,0.,1.));
#3585 = DIRECTION('',(1.,1.110223024625E-16,-0.));
#3586 = ADVANCED_FACE('',(#3587),#3612,.F.);
#3587 = FACE_BOUND('',#3588,.F.);
#3588 = EDGE_LOOP('',(#3589,#3597,#3598,#3606));
#3589 = ORIENTED_EDGE('',*,*,#3590,.F.);
#3590 = EDGE_CURVE('',#2996,#3591,#3593,.T.);
#3591 = VERTEX_POINT('',#3592);
#3592 = CARTESIAN_POINT('',(1.5,0.89,0.725));
#3593 = LINE('',#3594,#3595);
#3594 = CARTESIAN_POINT('',(1.5,0.89,0.504274345616));
#3595 = VECTOR('',#3596,1.);
#3596 = DIRECTION('',(0.,0.,1.));
#3597 = ORIENTED_EDGE('',*,*,#2995,.T.);
#3598 = ORIENTED_EDGE('',*,*,#3599,.T.);
#3599 = EDGE_CURVE('',#2988,#3600,#3602,.T.);
#3600 = VERTEX_POINT('',#3601);
#3601 = CARTESIAN_POINT('',(1.5,0.61,0.725));
#3602 = LINE('',#3603,#3604);
#3603 = CARTESIAN_POINT('',(1.5,0.61,0.504274345616));
#3604 = VECTOR('',#3605,1.);
#3605 = DIRECTION('',(0.,0.,1.));
#3606 = ORIENTED_EDGE('',*,*,#3607,.F.);
#3607 = EDGE_CURVE('',#3591,#3600,#3608,.T.);
#3608 = LINE('',#3609,#3610);
#3609 = CARTESIAN_POINT('',(1.5,1.3,0.725));
#3610 = VECTOR('',#3611,1.);
#3611 = DIRECTION('',(1.110223024625E-16,-1.,0.));
#3612 = PLANE('',#3613);
#3613 = AXIS2_PLACEMENT_3D('',#3614,#3615,#3616);
#3614 = CARTESIAN_POINT('',(1.5,1.3,0.725));
#3615 = DIRECTION('',(-1.,-1.110223024625E-16,0.));
#3616 = DIRECTION('',(1.110223024625E-16,-1.,0.));
#3617 = ADVANCED_FACE('',(#3618),#3643,.F.);
#3618 = FACE_BOUND('',#3619,.F.);
#3619 = EDGE_LOOP('',(#3620,#3628,#3629,#3637));
#3620 = ORIENTED_EDGE('',*,*,#3621,.F.);
#3621 = EDGE_CURVE('',#2988,#3622,#3624,.T.);
#3622 = VERTEX_POINT('',#3623);
#3623 = CARTESIAN_POINT('',(1.55,0.61,0.575));
#3624 = LINE('',#3625,#3626);
#3625 = CARTESIAN_POINT('',(1.4,0.61,0.575));
#3626 = VECTOR('',#3627,1.);
#3627 = DIRECTION('',(1.,1.110223024625E-16,0.));
#3628 = ORIENTED_EDGE('',*,*,#2987,.T.);
#3629 = ORIENTED_EDGE('',*,*,#3630,.T.);
#3630 = EDGE_CURVE('',#2980,#3631,#3633,.T.);
#3631 = VERTEX_POINT('',#3632);
#3632 = CARTESIAN_POINT('',(1.55,0.39,0.575));
#3633 = LINE('',#3634,#3635);
#3634 = CARTESIAN_POINT('',(1.4,0.39,0.575));
#3635 = VECTOR('',#3636,1.);
#3636 = DIRECTION('',(1.,1.110223024625E-16,0.));
#3637 = ORIENTED_EDGE('',*,*,#3638,.F.);
#3638 = EDGE_CURVE('',#3622,#3631,#3639,.T.);
#3639 = LINE('',#3640,#3641);
#3640 = CARTESIAN_POINT('',(1.55,0.61,0.575));
#3641 = VECTOR('',#3642,1.);
#3642 = DIRECTION('',(1.110223024625E-16,-1.,0.));
#3643 = PLANE('',#3644);
#3644 = AXIS2_PLACEMENT_3D('',#3645,#3646,#3647);
#3645 = CARTESIAN_POINT('',(1.4,0.61,0.575));
#3646 = DIRECTION('',(0.,0.,1.));
#3647 = DIRECTION('',(1.,1.110223024625E-16,-0.));
#3648 = ADVANCED_FACE('',(#3649),#3674,.F.);
#3649 = FACE_BOUND('',#3650,.F.);
#3650 = EDGE_LOOP('',(#3651,#3659,#3660,#3668));
#3651 = ORIENTED_EDGE('',*,*,#3652,.F.);
#3652 = EDGE_CURVE('',#2980,#3653,#3655,.T.);
#3653 = VERTEX_POINT('',#3654);
#3654 = CARTESIAN_POINT('',(1.5,0.39,0.725));
#3655 = LINE('',#3656,#3657);
#3656 = CARTESIAN_POINT('',(1.5,0.39,0.504274345616));
#3657 = VECTOR('',#3658,1.);
#3658 = DIRECTION('',(0.,0.,1.));
#3659 = ORIENTED_EDGE('',*,*,#2979,.T.);
#3660 = ORIENTED_EDGE('',*,*,#3661,.T.);
#3661 = EDGE_CURVE('',#2972,#3662,#3664,.T.);
#3662 = VERTEX_POINT('',#3663);
#3663 = CARTESIAN_POINT('',(1.5,0.11,0.725));
#3664 = LINE('',#3665,#3666);
#3665 = CARTESIAN_POINT('',(1.5,0.11,0.504274345616));
#3666 = VECTOR('',#3667,1.);
#3667 = DIRECTION('',(0.,0.,1.));
#3668 = ORIENTED_EDGE('',*,*,#3669,.F.);
#3669 = EDGE_CURVE('',#3653,#3662,#3670,.T.);
#3670 = LINE('',#3671,#3672);
#3671 = CARTESIAN_POINT('',(1.5,1.3,0.725));
#3672 = VECTOR('',#3673,1.);
#3673 = DIRECTION('',(1.110223024625E-16,-1.,0.));
#3674 = PLANE('',#3675);
#3675 = AXIS2_PLACEMENT_3D('',#3676,#3677,#3678);
#3676 = CARTESIAN_POINT('',(1.5,1.3,0.725));
#3677 = DIRECTION('',(-1.,-1.110223024625E-16,0.));
#3678 = DIRECTION('',(1.110223024625E-16,-1.,0.));
#3679 = ADVANCED_FACE('',(#3680),#3705,.F.);
#3680 = FACE_BOUND('',#3681,.F.);
#3681 = EDGE_LOOP('',(#3682,#3690,#3691,#3699));
#3682 = ORIENTED_EDGE('',*,*,#3683,.F.);
#3683 = EDGE_CURVE('',#2972,#3684,#3686,.T.);
#3684 = VERTEX_POINT('',#3685);
#3685 = CARTESIAN_POINT('',(1.55,0.11,0.575));
#3686 = LINE('',#3687,#3688);
#3687 = CARTESIAN_POINT('',(1.4,0.11,0.575));
#3688 = VECTOR('',#3689,1.);
#3689 = DIRECTION('',(1.,1.110223024625E-16,0.));
#3690 = ORIENTED_EDGE('',*,*,#2971,.T.);
#3691 = ORIENTED_EDGE('',*,*,#3692,.T.);
#3692 = EDGE_CURVE('',#2964,#3693,#3695,.T.);
#3693 = VERTEX_POINT('',#3694);
#3694 = CARTESIAN_POINT('',(1.55,-0.11,0.575));
#3695 = LINE('',#3696,#3697);
#3696 = CARTESIAN_POINT('',(1.4,-0.11,0.575));
#3697 = VECTOR('',#3698,1.);
#3698 = DIRECTION('',(1.,1.110223024625E-16,0.));
#3699 = ORIENTED_EDGE('',*,*,#3700,.F.);
#3700 = EDGE_CURVE('',#3684,#3693,#3701,.T.);
#3701 = LINE('',#3702,#3703);
#3702 = CARTESIAN_POINT('',(1.55,0.11,0.575));
#3703 = VECTOR('',#3704,1.);
#3704 = DIRECTION('',(1.110223024625E-16,-1.,0.));
#3705 = PLANE('',#3706);
#3706 = AXIS2_PLACEMENT_3D('',#3707,#3708,#3709);
#3707 = CARTESIAN_POINT('',(1.4,0.11,0.575));
#3708 = DIRECTION('',(0.,0.,1.));
#3709 = DIRECTION('',(1.,1.110223024625E-16,-0.));
#3710 = ADVANCED_FACE('',(#3711),#3736,.F.);
#3711 = FACE_BOUND('',#3712,.F.);
#3712 = EDGE_LOOP('',(#3713,#3721,#3722,#3730));
#3713 = ORIENTED_EDGE('',*,*,#3714,.F.);
#3714 = EDGE_CURVE('',#2964,#3715,#3717,.T.);
#3715 = VERTEX_POINT('',#3716);
#3716 = CARTESIAN_POINT('',(1.5,-0.11,0.725));
#3717 = LINE('',#3718,#3719);
#3718 = CARTESIAN_POINT('',(1.5,-0.11,0.504274345616));
#3719 = VECTOR('',#3720,1.);
#3720 = DIRECTION('',(0.,0.,1.));
#3721 = ORIENTED_EDGE('',*,*,#2963,.T.);
#3722 = ORIENTED_EDGE('',*,*,#3723,.T.);
#3723 = EDGE_CURVE('',#2956,#3724,#3726,.T.);
#3724 = VERTEX_POINT('',#3725);
#3725 = CARTESIAN_POINT('',(1.5,-0.39,0.725));
#3726 = LINE('',#3727,#3728);
#3727 = CARTESIAN_POINT('',(1.5,-0.39,0.504274345616));
#3728 = VECTOR('',#3729,1.);
#3729 = DIRECTION('',(0.,0.,1.));
#3730 = ORIENTED_EDGE('',*,*,#3731,.F.);
#3731 = EDGE_CURVE('',#3715,#3724,#3732,.T.);
#3732 = LINE('',#3733,#3734);
#3733 = CARTESIAN_POINT('',(1.5,1.3,0.725));
#3734 = VECTOR('',#3735,1.);
#3735 = DIRECTION('',(1.110223024625E-16,-1.,0.));
#3736 = PLANE('',#3737);
#3737 = AXIS2_PLACEMENT_3D('',#3738,#3739,#3740);
#3738 = CARTESIAN_POINT('',(1.5,1.3,0.725));
#3739 = DIRECTION('',(-1.,-1.110223024625E-16,0.));
#3740 = DIRECTION('',(1.110223024625E-16,-1.,0.));
#3741 = ADVANCED_FACE('',(#3742),#3767,.F.);
#3742 = FACE_BOUND('',#3743,.F.);
#3743 = EDGE_LOOP('',(#3744,#3752,#3753,#3761));
#3744 = ORIENTED_EDGE('',*,*,#3745,.F.);
#3745 = EDGE_CURVE('',#2956,#3746,#3748,.T.);
#3746 = VERTEX_POINT('',#3747);
#3747 = CARTESIAN_POINT('',(1.55,-0.39,0.575));
#3748 = LINE('',#3749,#3750);
#3749 = CARTESIAN_POINT('',(1.4,-0.39,0.575));
#3750 = VECTOR('',#3751,1.);
#3751 = DIRECTION('',(1.,1.110223024625E-16,0.));
#3752 = ORIENTED_EDGE('',*,*,#2955,.T.);
#3753 = ORIENTED_EDGE('',*,*,#3754,.T.);
#3754 = EDGE_CURVE('',#2948,#3755,#3757,.T.);
#3755 = VERTEX_POINT('',#3756);
#3756 = CARTESIAN_POINT('',(1.55,-0.61,0.575));
#3757 = LINE('',#3758,#3759);
#3758 = CARTESIAN_POINT('',(1.4,-0.61,0.575));
#3759 = VECTOR('',#3760,1.);
#3760 = DIRECTION('',(1.,1.110223024625E-16,0.));
#3761 = ORIENTED_EDGE('',*,*,#3762,.F.);
#3762 = EDGE_CURVE('',#3746,#3755,#3763,.T.);
#3763 = LINE('',#3764,#3765);
#3764 = CARTESIAN_POINT('',(1.55,-0.39,0.575));
#3765 = VECTOR('',#3766,1.);
#3766 = DIRECTION('',(1.110223024625E-16,-1.,0.));
#3767 = PLANE('',#3768);
#3768 = AXIS2_PLACEMENT_3D('',#3769,#3770,#3771);
#3769 = CARTESIAN_POINT('',(1.4,-0.39,0.575));
#3770 = DIRECTION('',(0.,0.,1.));
#3771 = DIRECTION('',(1.,1.110223024625E-16,-0.));
#3772 = ADVANCED_FACE('',(#3773),#3798,.F.);
#3773 = FACE_BOUND('',#3774,.F.);
#3774 = EDGE_LOOP('',(#3775,#3783,#3784,#3792));
#3775 = ORIENTED_EDGE('',*,*,#3776,.F.);
#3776 = EDGE_CURVE('',#2948,#3777,#3779,.T.);
#3777 = VERTEX_POINT('',#3778);
#3778 = CARTESIAN_POINT('',(1.5,-0.61,0.725));
#3779 = LINE('',#3780,#3781);
#3780 = CARTESIAN_POINT('',(1.5,-0.61,0.504274345616));
#3781 = VECTOR('',#3782,1.);
#3782 = DIRECTION('',(0.,0.,1.));
#3783 = ORIENTED_EDGE('',*,*,#2947,.T.);
#3784 = ORIENTED_EDGE('',*,*,#3785,.T.);
#3785 = EDGE_CURVE('',#2940,#3786,#3788,.T.);
#3786 = VERTEX_POINT('',#3787);
#3787 = CARTESIAN_POINT('',(1.5,-0.89,0.725));
#3788 = LINE('',#3789,#3790);
#3789 = CARTESIAN_POINT('',(1.5,-0.89,0.504274345616));
#3790 = VECTOR('',#3791,1.);
#3791 = DIRECTION('',(0.,0.,1.));
#3792 = ORIENTED_EDGE('',*,*,#3793,.F.);
#3793 = EDGE_CURVE('',#3777,#3786,#3794,.T.);
#3794 = LINE('',#3795,#3796);
#3795 = CARTESIAN_POINT('',(1.5,1.3,0.725));
#3796 = VECTOR('',#3797,1.);
#3797 = DIRECTION('',(1.110223024625E-16,-1.,0.));
#3798 = PLANE('',#3799);
#3799 = AXIS2_PLACEMENT_3D('',#3800,#3801,#3802);
#3800 = CARTESIAN_POINT('',(1.5,1.3,0.725));
#3801 = DIRECTION('',(-1.,-1.110223024625E-16,0.));
#3802 = DIRECTION('',(1.110223024625E-16,-1.,0.));
#3803 = ADVANCED_FACE('',(#3804),#3829,.F.);
#3804 = FACE_BOUND('',#3805,.F.);
#3805 = EDGE_LOOP('',(#3806,#3814,#3815,#3823));
#3806 = ORIENTED_EDGE('',*,*,#3807,.F.);
#3807 = EDGE_CURVE('',#2940,#3808,#3810,.T.);
#3808 = VERTEX_POINT('',#3809);
#3809 = CARTESIAN_POINT('',(1.55,-0.89,0.575));
#3810 = LINE('',#3811,#3812);
#3811 = CARTESIAN_POINT('',(1.4,-0.89,0.575));
#3812 = VECTOR('',#3813,1.);
#3813 = DIRECTION('',(1.,1.110223024625E-16,0.));
#3814 = ORIENTED_EDGE('',*,*,#2939,.T.);
#3815 = ORIENTED_EDGE('',*,*,#3816,.T.);
#3816 = EDGE_CURVE('',#2932,#3817,#3819,.T.);
#3817 = VERTEX_POINT('',#3818);
#3818 = CARTESIAN_POINT('',(1.55,-1.11,0.575));
#3819 = LINE('',#3820,#3821);
#3820 = CARTESIAN_POINT('',(1.4,-1.11,0.575));
#3821 = VECTOR('',#3822,1.);
#3822 = DIRECTION('',(1.,1.110223024625E-16,0.));
#3823 = ORIENTED_EDGE('',*,*,#3824,.F.);
#3824 = EDGE_CURVE('',#3808,#3817,#3825,.T.);
#3825 = LINE('',#3826,#3827);
#3826 = CARTESIAN_POINT('',(1.55,-0.89,0.575));
#3827 = VECTOR('',#3828,1.);
#3828 = DIRECTION('',(1.110223024625E-16,-1.,0.));
#3829 = PLANE('',#3830);
#3830 = AXIS2_PLACEMENT_3D('',#3831,#3832,#3833);
#3831 = CARTESIAN_POINT('',(1.4,-0.89,0.575));
#3832 = DIRECTION('',(0.,0.,1.));
#3833 = DIRECTION('',(1.,1.110223024625E-16,-0.));
#3834 = ADVANCED_FACE('',(#3835),#3859,.F.);
#3835 = FACE_BOUND('',#3836,.F.);
#3836 = EDGE_LOOP('',(#3837,#3845,#3846,#3853));
#3837 = ORIENTED_EDGE('',*,*,#3838,.F.);
#3838 = EDGE_CURVE('',#2932,#3839,#3841,.T.);
#3839 = VERTEX_POINT('',#3840);
#3840 = CARTESIAN_POINT('',(1.5,-1.11,0.725));
#3841 = LINE('',#3842,#3843);
#3842 = CARTESIAN_POINT('',(1.5,-1.11,0.504274345616));
#3843 = VECTOR('',#3844,1.);
#3844 = DIRECTION('',(0.,0.,1.));
#3845 = ORIENTED_EDGE('',*,*,#2931,.T.);
#3846 = ORIENTED_EDGE('',*,*,#3847,.T.);
#3847 = EDGE_CURVE('',#2925,#3848,#3850,.T.);
#3848 = VERTEX_POINT('',#3849);
#3849 = CARTESIAN_POINT('',(1.5,-1.3,0.725));
#3850 = B_SPLINE_CURVE_WITH_KNOTS('',1,(#3851,#3852),.UNSPECIFIED.,.F.,
  .F.,(2,2),(0.,1.),.PIECEWISE_BEZIER_KNOTS.);
#3851 = CARTESIAN_POINT('',(1.5,-1.3,0.575));
#3852 = CARTESIAN_POINT('',(1.5,-1.3,0.725));
#3853 = ORIENTED_EDGE('',*,*,#3854,.F.);
#3854 = EDGE_CURVE('',#3839,#3848,#3855,.T.);
#3855 = LINE('',#3856,#3857);
#3856 = CARTESIAN_POINT('',(1.5,1.3,0.725));
#3857 = VECTOR('',#3858,1.);
#3858 = DIRECTION('',(1.110223024625E-16,-1.,0.));
#3859 = PLANE('',#3860);
#3860 = AXIS2_PLACEMENT_3D('',#3861,#3862,#3863);
#3861 = CARTESIAN_POINT('',(1.5,1.3,0.725));
#3862 = DIRECTION('',(-1.,-1.110223024625E-16,0.));
#3863 = DIRECTION('',(1.110223024625E-16,-1.,0.));
#3864 = ADVANCED_FACE('',(#3865),#3882,.F.);
#3865 = FACE_BOUND('',#3866,.F.);
#3866 = EDGE_LOOP('',(#3867,#3868,#3869,#3877));
#3867 = ORIENTED_EDGE('',*,*,#3028,.T.);
#3868 = ORIENTED_EDGE('',*,*,#3216,.T.);
#3869 = ORIENTED_EDGE('',*,*,#3870,.F.);
#3870 = EDGE_CURVE('',#3871,#3217,#3873,.T.);
#3871 = VERTEX_POINT('',#3872);
#3872 = CARTESIAN_POINT('',(-1.3,-1.5,0.725));
#3873 = LINE('',#3874,#3875);
#3874 = CARTESIAN_POINT('',(-1.3,-1.5,0.725));
#3875 = VECTOR('',#3876,1.);
#3876 = DIRECTION('',(-0.707106781187,0.707106781187,0.));
#3877 = ORIENTED_EDGE('',*,*,#3878,.F.);
#3878 = EDGE_CURVE('',#3029,#3871,#3879,.T.);
#3879 = B_SPLINE_CURVE_WITH_KNOTS('',1,(#3880,#3881),.UNSPECIFIED.,.F.,
  .F.,(2,2),(0.,1.),.PIECEWISE_BEZIER_KNOTS.);
#3880 = CARTESIAN_POINT('',(-1.3,-1.5,0.575));
#3881 = CARTESIAN_POINT('',(-1.3,-1.5,0.725));
#3882 = PLANE('',#3883);
#3883 = AXIS2_PLACEMENT_3D('',#3884,#3885,#3886);
#3884 = CARTESIAN_POINT('',(-1.3,-1.5,0.725));
#3885 = DIRECTION('',(0.707106781187,0.707106781187,0.));
#3886 = DIRECTION('',(-0.707106781187,0.707106781187,0.));
#3887 = ADVANCED_FACE('',(#3888),#3905,.F.);
#3888 = FACE_BOUND('',#3889,.F.);
#3889 = EDGE_LOOP('',(#3890,#3891,#3898,#3904));
#3890 = ORIENTED_EDGE('',*,*,#3057,.T.);
#3891 = ORIENTED_EDGE('',*,*,#3892,.T.);
#3892 = EDGE_CURVE('',#3051,#3893,#3895,.T.);
#3893 = VERTEX_POINT('',#3894);
#3894 = CARTESIAN_POINT('',(1.3,-1.5,0.725));
#3895 = B_SPLINE_CURVE_WITH_KNOTS('',1,(#3896,#3897),.UNSPECIFIED.,.F.,
  .F.,(2,2),(0.,1.),.PIECEWISE_BEZIER_KNOTS.);
#3896 = CARTESIAN_POINT('',(1.3,-1.5,0.575));
#3897 = CARTESIAN_POINT('',(1.3,-1.5,0.725));
#3898 = ORIENTED_EDGE('',*,*,#3899,.F.);
#3899 = EDGE_CURVE('',#3848,#3893,#3900,.T.);
#3900 = LINE('',#3901,#3902);
#3901 = CARTESIAN_POINT('',(1.5,-1.3,0.725));
#3902 = VECTOR('',#3903,1.);
#3903 = DIRECTION('',(-0.707106781187,-0.707106781187,0.));
#3904 = ORIENTED_EDGE('',*,*,#3847,.F.);
#3905 = PLANE('',#3906);
#3906 = AXIS2_PLACEMENT_3D('',#3907,#3908,#3909);
#3907 = CARTESIAN_POINT('',(1.5,-1.3,0.725));
#3908 = DIRECTION('',(-0.707106781187,0.707106781187,0.));
#3909 = DIRECTION('',(-0.707106781187,-0.707106781187,0.));
#3910 = ADVANCED_FACE('',(#3911),#3922,.F.);
#3911 = FACE_BOUND('',#3912,.F.);
#3912 = EDGE_LOOP('',(#3913,#3914,#3915,#3921));
#3913 = ORIENTED_EDGE('',*,*,#3074,.T.);
#3914 = ORIENTED_EDGE('',*,*,#3878,.T.);
#3915 = ORIENTED_EDGE('',*,*,#3916,.F.);
#3916 = EDGE_CURVE('',#3893,#3871,#3917,.T.);
#3917 = LINE('',#3918,#3919);
#3918 = CARTESIAN_POINT('',(1.3,-1.5,0.725));
#3919 = VECTOR('',#3920,1.);
#3920 = DIRECTION('',(-1.,-1.110223024625E-16,0.));
#3921 = ORIENTED_EDGE('',*,*,#3892,.F.);
#3922 = PLANE('',#3923);
#3923 = AXIS2_PLACEMENT_3D('',#3924,#3925,#3926);
#3924 = CARTESIAN_POINT('',(1.3,-1.5,0.725));
#3925 = DIRECTION('',(-1.110223024625E-16,1.,0.));
#3926 = DIRECTION('',(-1.,-1.110223024625E-16,0.));
#3927 = ADVANCED_FACE('',(#3928),#3967,.F.);
#3928 = FACE_BOUND('',#3929,.F.);
#3929 = EDGE_LOOP('',(#3930,#3938,#3946,#3952,#3953,#3961));
#3930 = ORIENTED_EDGE('',*,*,#3931,.F.);
#3931 = EDGE_CURVE('',#3932,#3473,#3934,.T.);
#3932 = VERTEX_POINT('',#3933);
#3933 = CARTESIAN_POINT('',(-1.55,0.89,0.725));
#3934 = LINE('',#3935,#3936);
#3935 = CARTESIAN_POINT('',(-1.55,0.89,0.725));
#3936 = VECTOR('',#3937,1.);
#3937 = DIRECTION('',(1.,-1.144237745222E-17,0.));
#3938 = ORIENTED_EDGE('',*,*,#3939,.T.);
#3939 = EDGE_CURVE('',#3932,#3940,#3942,.T.);
#3940 = VERTEX_POINT('',#3941);
#3941 = CARTESIAN_POINT('',(-1.55,1.11,0.725));
#3942 = LINE('',#3943,#3944);
#3943 = CARTESIAN_POINT('',(-1.55,0.89,0.725));
#3944 = VECTOR('',#3945,1.);
#3945 = DIRECTION('',(1.144237745222E-17,1.,0.));
#3946 = ORIENTED_EDGE('',*,*,#3947,.T.);
#3947 = EDGE_CURVE('',#3940,#3179,#3948,.T.);
#3948 = LINE('',#3949,#3950);
#3949 = CARTESIAN_POINT('',(-1.55,1.11,0.725));
#3950 = VECTOR('',#3951,1.);
#3951 = DIRECTION('',(1.,-1.144237745222E-17,0.));
#3952 = ORIENTED_EDGE('',*,*,#3178,.T.);
#3953 = ORIENTED_EDGE('',*,*,#3954,.F.);
#3954 = EDGE_CURVE('',#3955,#3171,#3957,.T.);
#3955 = VERTEX_POINT('',#3956);
#3956 = CARTESIAN_POINT('',(-1.45,0.89,0.725));
#3957 = LINE('',#3958,#3959);
#3958 = CARTESIAN_POINT('',(-1.45,-1.275,0.725));
#3959 = VECTOR('',#3960,1.);
#3960 = DIRECTION('',(-1.110223024625E-16,1.,0.));
#3961 = ORIENTED_EDGE('',*,*,#3962,.F.);
#3962 = EDGE_CURVE('',#3473,#3955,#3963,.T.);
#3963 = LINE('',#3964,#3965);
#3964 = CARTESIAN_POINT('',(-1.55,0.89,0.725));
#3965 = VECTOR('',#3966,1.);
#3966 = DIRECTION('',(1.,-1.144237745222E-17,0.));
#3967 = PLANE('',#3968);
#3968 = AXIS2_PLACEMENT_3D('',#3969,#3970,#3971);
#3969 = CARTESIAN_POINT('',(-1.55,0.89,0.725));
#3970 = DIRECTION('',(0.,0.,-1.));
#3971 = DIRECTION('',(1.,-1.144237745222E-17,0.));
#3972 = ADVANCED_FACE('',(#3973),#4069,.F.);
#3973 = FACE_BOUND('',#3974,.F.);
#3974 = EDGE_LOOP('',(#3975,#3985,#3993,#4001,#4009,#4017,#4025,#4033,
    #4041,#4047,#4048,#4049,#4056,#4064));
#3975 = ORIENTED_EDGE('',*,*,#3976,.T.);
#3976 = EDGE_CURVE('',#3977,#3979,#3981,.T.);
#3977 = VERTEX_POINT('',#3978);
#3978 = CARTESIAN_POINT('',(-1.45,-1.275,0.725));
#3979 = VERTEX_POINT('',#3980);
#3980 = CARTESIAN_POINT('',(-1.45,-1.11,0.725));
#3981 = LINE('',#3982,#3983);
#3982 = CARTESIAN_POINT('',(-1.45,-1.275,0.725));
#3983 = VECTOR('',#3984,1.);
#3984 = DIRECTION('',(-1.110223024625E-16,1.,0.));
#3985 = ORIENTED_EDGE('',*,*,#3986,.T.);
#3986 = EDGE_CURVE('',#3979,#3987,#3989,.T.);
#3987 = VERTEX_POINT('',#3988);
#3988 = CARTESIAN_POINT('',(-1.45,-0.89,0.725));
#3989 = LINE('',#3990,#3991);
#3990 = CARTESIAN_POINT('',(-1.45,-1.275,0.725));
#3991 = VECTOR('',#3992,1.);
#3992 = DIRECTION('',(-1.110223024625E-16,1.,0.));
#3993 = ORIENTED_EDGE('',*,*,#3994,.T.);
#3994 = EDGE_CURVE('',#3987,#3995,#3997,.T.);
#3995 = VERTEX_POINT('',#3996);
#3996 = CARTESIAN_POINT('',(-1.45,-0.61,0.725));
#3997 = LINE('',#3998,#3999);
#3998 = CARTESIAN_POINT('',(-1.45,-1.275,0.725));
#3999 = VECTOR('',#4000,1.);
#4000 = DIRECTION('',(-1.110223024625E-16,1.,0.));
#4001 = ORIENTED_EDGE('',*,*,#4002,.T.);
#4002 = EDGE_CURVE('',#3995,#4003,#4005,.T.);
#4003 = VERTEX_POINT('',#4004);
#4004 = CARTESIAN_POINT('',(-1.45,-0.39,0.725));
#4005 = LINE('',#4006,#4007);
#4006 = CARTESIAN_POINT('',(-1.45,-1.275,0.725));
#4007 = VECTOR('',#4008,1.);
#4008 = DIRECTION('',(-1.110223024625E-16,1.,0.));
#4009 = ORIENTED_EDGE('',*,*,#4010,.T.);
#4010 = EDGE_CURVE('',#4003,#4011,#4013,.T.);
#4011 = VERTEX_POINT('',#4012);
#4012 = CARTESIAN_POINT('',(-1.45,-0.11,0.725));
#4013 = LINE('',#4014,#4015);
#4014 = CARTESIAN_POINT('',(-1.45,-1.275,0.725));
#4015 = VECTOR('',#4016,1.);
#4016 = DIRECTION('',(-1.110223024625E-16,1.,0.));
#4017 = ORIENTED_EDGE('',*,*,#4018,.T.);
#4018 = EDGE_CURVE('',#4011,#4019,#4021,.T.);
#4019 = VERTEX_POINT('',#4020);
#4020 = CARTESIAN_POINT('',(-1.45,0.11,0.725));
#4021 = LINE('',#4022,#4023);
#4022 = CARTESIAN_POINT('',(-1.45,-1.275,0.725));
#4023 = VECTOR('',#4024,1.);
#4024 = DIRECTION('',(-1.110223024625E-16,1.,0.));
#4025 = ORIENTED_EDGE('',*,*,#4026,.T.);
#4026 = EDGE_CURVE('',#4019,#4027,#4029,.T.);
#4027 = VERTEX_POINT('',#4028);
#4028 = CARTESIAN_POINT('',(-1.45,0.39,0.725));
#4029 = LINE('',#4030,#4031);
#4030 = CARTESIAN_POINT('',(-1.45,-1.275,0.725));
#4031 = VECTOR('',#4032,1.);
#4032 = DIRECTION('',(-1.110223024625E-16,1.,0.));
#4033 = ORIENTED_EDGE('',*,*,#4034,.T.);
#4034 = EDGE_CURVE('',#4027,#4035,#4037,.T.);
#4035 = VERTEX_POINT('',#4036);
#4036 = CARTESIAN_POINT('',(-1.45,0.61,0.725));
#4037 = LINE('',#4038,#4039);
#4038 = CARTESIAN_POINT('',(-1.45,-1.275,0.725));
#4039 = VECTOR('',#4040,1.);
#4040 = DIRECTION('',(-1.110223024625E-16,1.,0.));
#4041 = ORIENTED_EDGE('',*,*,#4042,.T.);
#4042 = EDGE_CURVE('',#4035,#3955,#4043,.T.);
#4043 = LINE('',#4044,#4045);
#4044 = CARTESIAN_POINT('',(-1.45,-1.275,0.725));
#4045 = VECTOR('',#4046,1.);
#4046 = DIRECTION('',(-1.110223024625E-16,1.,0.));
#4047 = ORIENTED_EDGE('',*,*,#3954,.T.);
#4048 = ORIENTED_EDGE('',*,*,#3170,.T.);
#4049 = ORIENTED_EDGE('',*,*,#4050,.T.);
#4050 = EDGE_CURVE('',#3163,#4051,#4053,.T.);
#4051 = VERTEX_POINT('',#4052);
#4052 = CARTESIAN_POINT('',(-1.349035633207,1.224517816603,1.2));
#4053 = B_SPLINE_CURVE_WITH_KNOTS('',1,(#4054,#4055),.UNSPECIFIED.,.F.,
  .F.,(2,2),(0.,1.),.PIECEWISE_BEZIER_KNOTS.);
#4054 = CARTESIAN_POINT('',(-1.45,1.275,0.725));
#4055 = CARTESIAN_POINT('',(-1.349035633207,1.224517816603,1.2));
#4056 = ORIENTED_EDGE('',*,*,#4057,.F.);
#4057 = EDGE_CURVE('',#4058,#4051,#4060,.T.);
#4058 = VERTEX_POINT('',#4059);
#4059 = CARTESIAN_POINT('',(-1.349035633207,-1.224517816603,1.2));
#4060 = LINE('',#4061,#4062);
#4061 = CARTESIAN_POINT('',(-1.349035633207,-1.224517816603,1.2));
#4062 = VECTOR('',#4063,1.);
#4063 = DIRECTION('',(-1.110223024625E-16,1.,0.));
#4064 = ORIENTED_EDGE('',*,*,#4065,.F.);
#4065 = EDGE_CURVE('',#3977,#4058,#4066,.T.);
#4066 = B_SPLINE_CURVE_WITH_KNOTS('',1,(#4067,#4068),.UNSPECIFIED.,.F.,
  .F.,(2,2),(0.,1.),.PIECEWISE_BEZIER_KNOTS.);
#4067 = CARTESIAN_POINT('',(-1.45,-1.275,0.725));
#4068 = CARTESIAN_POINT('',(-1.349035633207,-1.224517816603,1.2));
#4069 = B_SPLINE_SURFACE_WITH_KNOTS('',1,1,(
    (#4070,#4071)
    ,(#4072,#4073
    )),.UNSPECIFIED.,.F.,.F.,.F.,(2,2),(2,2),(0.,2.55),(0.,1.),
  .PIECEWISE_BEZIER_KNOTS.);
#4070 = CARTESIAN_POINT('',(-1.45,-1.275,0.725));
#4071 = CARTESIAN_POINT('',(-1.349035633207,-1.224517816603,1.2));
#4072 = CARTESIAN_POINT('',(-1.45,1.275,0.725));
#4073 = CARTESIAN_POINT('',(-1.349035633207,1.224517816603,1.2));
#4074 = ADVANCED_FACE('',(#4075),#4092,.F.);
#4075 = FACE_BOUND('',#4076,.F.);
#4076 = EDGE_LOOP('',(#4077,#4078,#4085,#4091));
#4077 = ORIENTED_EDGE('',*,*,#3162,.T.);
#4078 = ORIENTED_EDGE('',*,*,#4079,.T.);
#4079 = EDGE_CURVE('',#3155,#4080,#4082,.T.);
#4080 = VERTEX_POINT('',#4081);
#4081 = CARTESIAN_POINT('',(-1.224517816603,1.349035633207,1.2));
#4082 = B_SPLINE_CURVE_WITH_KNOTS('',1,(#4083,#4084),.UNSPECIFIED.,.F.,
  .F.,(2,2),(0.,1.),.PIECEWISE_BEZIER_KNOTS.);
#4083 = CARTESIAN_POINT('',(-1.275,1.45,0.725));
#4084 = CARTESIAN_POINT('',(-1.224517816603,1.349035633207,1.2));
#4085 = ORIENTED_EDGE('',*,*,#4086,.F.);
#4086 = EDGE_CURVE('',#4051,#4080,#4087,.T.);
#4087 = LINE('',#4088,#4089);
#4088 = CARTESIAN_POINT('',(-1.349035633207,1.224517816603,1.2));
#4089 = VECTOR('',#4090,1.);
#4090 = DIRECTION('',(0.707106781187,0.707106781187,0.));
#4091 = ORIENTED_EDGE('',*,*,#4050,.F.);
#4092 = B_SPLINE_SURFACE_WITH_KNOTS('',1,1,(
    (#4093,#4094)
    ,(#4095,#4096
    )),.UNSPECIFIED.,.F.,.F.,.F.,(2,2),(2,2),(0.,0.247487373415),(0.,1.)
  ,.PIECEWISE_BEZIER_KNOTS.);
#4093 = CARTESIAN_POINT('',(-1.45,1.275,0.725));
#4094 = CARTESIAN_POINT('',(-1.349035633207,1.224517816603,1.2));
#4095 = CARTESIAN_POINT('',(-1.275,1.45,0.725));
#4096 = CARTESIAN_POINT('',(-1.224517816603,1.349035633207,1.2));
#4097 = ADVANCED_FACE('',(#4098),#4115,.F.);
#4098 = FACE_BOUND('',#4099,.F.);
#4099 = EDGE_LOOP('',(#4100,#4101,#4108,#4114));
#4100 = ORIENTED_EDGE('',*,*,#3154,.T.);
#4101 = ORIENTED_EDGE('',*,*,#4102,.T.);
#4102 = EDGE_CURVE('',#3147,#4103,#4105,.T.);
#4103 = VERTEX_POINT('',#4104);
#4104 = CARTESIAN_POINT('',(1.224517816603,1.349035633207,1.2));
#4105 = B_SPLINE_CURVE_WITH_KNOTS('',1,(#4106,#4107),.UNSPECIFIED.,.F.,
  .F.,(2,2),(0.,1.),.PIECEWISE_BEZIER_KNOTS.);
#4106 = CARTESIAN_POINT('',(1.275,1.45,0.725));
#4107 = CARTESIAN_POINT('',(1.224517816603,1.349035633207,1.2));
#4108 = ORIENTED_EDGE('',*,*,#4109,.F.);
#4109 = EDGE_CURVE('',#4080,#4103,#4110,.T.);
#4110 = LINE('',#4111,#4112);
#4111 = CARTESIAN_POINT('',(-1.224517816603,1.349035633207,1.2));
#4112 = VECTOR('',#4113,1.);
#4113 = DIRECTION('',(1.,1.110223024625E-16,0.));
#4114 = ORIENTED_EDGE('',*,*,#4079,.F.);
#4115 = B_SPLINE_SURFACE_WITH_KNOTS('',1,1,(
    (#4116,#4117)
    ,(#4118,#4119
    )),.UNSPECIFIED.,.F.,.F.,.F.,(2,2),(2,2),(0.,2.55),(0.,1.),
  .PIECEWISE_BEZIER_KNOTS.);
#4116 = CARTESIAN_POINT('',(-1.275,1.45,0.725));
#4117 = CARTESIAN_POINT('',(-1.224517816603,1.349035633207,1.2));
#4118 = CARTESIAN_POINT('',(1.275,1.45,0.725));
#4119 = CARTESIAN_POINT('',(1.224517816603,1.349035633207,1.2));
#4120 = ADVANCED_FACE('',(#4121),#4138,.F.);
#4121 = FACE_BOUND('',#4122,.F.);
#4122 = EDGE_LOOP('',(#4123,#4124,#4131,#4137));
#4123 = ORIENTED_EDGE('',*,*,#3146,.T.);
#4124 = ORIENTED_EDGE('',*,*,#4125,.T.);
#4125 = EDGE_CURVE('',#3139,#4126,#4128,.T.);
#4126 = VERTEX_POINT('',#4127);
#4127 = CARTESIAN_POINT('',(1.349035633207,1.224517816603,1.2));
#4128 = B_SPLINE_CURVE_WITH_KNOTS('',1,(#4129,#4130),.UNSPECIFIED.,.F.,
  .F.,(2,2),(0.,1.),.PIECEWISE_BEZIER_KNOTS.);
#4129 = CARTESIAN_POINT('',(1.45,1.275,0.725));
#4130 = CARTESIAN_POINT('',(1.349035633207,1.224517816603,1.2));
#4131 = ORIENTED_EDGE('',*,*,#4132,.F.);
#4132 = EDGE_CURVE('',#4103,#4126,#4133,.T.);
#4133 = LINE('',#4134,#4135);
#4134 = CARTESIAN_POINT('',(1.224517816603,1.349035633207,1.2));
#4135 = VECTOR('',#4136,1.);
#4136 = DIRECTION('',(0.707106781187,-0.707106781187,0.));
#4137 = ORIENTED_EDGE('',*,*,#4102,.F.);
#4138 = B_SPLINE_SURFACE_WITH_KNOTS('',1,1,(
    (#4139,#4140)
    ,(#4141,#4142
    )),.UNSPECIFIED.,.F.,.F.,.F.,(2,2),(2,2),(0.,0.247487373415),(0.,1.)
  ,.PIECEWISE_BEZIER_KNOTS.);
#4139 = CARTESIAN_POINT('',(1.275,1.45,0.725));
#4140 = CARTESIAN_POINT('',(1.224517816603,1.349035633207,1.2));
#4141 = CARTESIAN_POINT('',(1.45,1.275,0.725));
#4142 = CARTESIAN_POINT('',(1.349035633207,1.224517816603,1.2));
#4143 = ADVANCED_FACE('',(#4144),#4241,.F.);
#4144 = FACE_BOUND('',#4145,.F.);
#4145 = EDGE_LOOP('',(#4146,#4147,#4155,#4163,#4171,#4179,#4187,#4195,
    #4203,#4211,#4219,#4227,#4234,#4240));
#4146 = ORIENTED_EDGE('',*,*,#3138,.T.);
#4147 = ORIENTED_EDGE('',*,*,#4148,.T.);
#4148 = EDGE_CURVE('',#3131,#4149,#4151,.T.);
#4149 = VERTEX_POINT('',#4150);
#4150 = CARTESIAN_POINT('',(1.45,0.89,0.725));
#4151 = LINE('',#4152,#4153);
#4152 = CARTESIAN_POINT('',(1.45,1.275,0.725));
#4153 = VECTOR('',#4154,1.);
#4154 = DIRECTION('',(1.110223024625E-16,-1.,0.));
#4155 = ORIENTED_EDGE('',*,*,#4156,.T.);
#4156 = EDGE_CURVE('',#4149,#4157,#4159,.T.);
#4157 = VERTEX_POINT('',#4158);
#4158 = CARTESIAN_POINT('',(1.45,0.61,0.725));
#4159 = LINE('',#4160,#4161);
#4160 = CARTESIAN_POINT('',(1.45,1.275,0.725));
#4161 = VECTOR('',#4162,1.);
#4162 = DIRECTION('',(1.110223024625E-16,-1.,0.));
#4163 = ORIENTED_EDGE('',*,*,#4164,.T.);
#4164 = EDGE_CURVE('',#4157,#4165,#4167,.T.);
#4165 = VERTEX_POINT('',#4166);
#4166 = CARTESIAN_POINT('',(1.45,0.39,0.725));
#4167 = LINE('',#4168,#4169);
#4168 = CARTESIAN_POINT('',(1.45,1.275,0.725));
#4169 = VECTOR('',#4170,1.);
#4170 = DIRECTION('',(1.110223024625E-16,-1.,0.));
#4171 = ORIENTED_EDGE('',*,*,#4172,.T.);
#4172 = EDGE_CURVE('',#4165,#4173,#4175,.T.);
#4173 = VERTEX_POINT('',#4174);
#4174 = CARTESIAN_POINT('',(1.45,0.11,0.725));
#4175 = LINE('',#4176,#4177);
#4176 = CARTESIAN_POINT('',(1.45,1.275,0.725));
#4177 = VECTOR('',#4178,1.);
#4178 = DIRECTION('',(1.110223024625E-16,-1.,0.));
#4179 = ORIENTED_EDGE('',*,*,#4180,.T.);
#4180 = EDGE_CURVE('',#4173,#4181,#4183,.T.);
#4181 = VERTEX_POINT('',#4182);
#4182 = CARTESIAN_POINT('',(1.45,-0.11,0.725));
#4183 = LINE('',#4184,#4185);
#4184 = CARTESIAN_POINT('',(1.45,1.275,0.725));
#4185 = VECTOR('',#4186,1.);
#4186 = DIRECTION('',(1.110223024625E-16,-1.,0.));
#4187 = ORIENTED_EDGE('',*,*,#4188,.T.);
#4188 = EDGE_CURVE('',#4181,#4189,#4191,.T.);
#4189 = VERTEX_POINT('',#4190);
#4190 = CARTESIAN_POINT('',(1.45,-0.39,0.725));
#4191 = LINE('',#4192,#4193);
#4192 = CARTESIAN_POINT('',(1.45,1.275,0.725));
#4193 = VECTOR('',#4194,1.);
#4194 = DIRECTION('',(1.110223024625E-16,-1.,0.));
#4195 = ORIENTED_EDGE('',*,*,#4196,.T.);
#4196 = EDGE_CURVE('',#4189,#4197,#4199,.T.);
#4197 = VERTEX_POINT('',#4198);
#4198 = CARTESIAN_POINT('',(1.45,-0.61,0.725));
#4199 = LINE('',#4200,#4201);
#4200 = CARTESIAN_POINT('',(1.45,1.275,0.725));
#4201 = VECTOR('',#4202,1.);
#4202 = DIRECTION('',(1.110223024625E-16,-1.,0.));
#4203 = ORIENTED_EDGE('',*,*,#4204,.T.);
#4204 = EDGE_CURVE('',#4197,#4205,#4207,.T.);
#4205 = VERTEX_POINT('',#4206);
#4206 = CARTESIAN_POINT('',(1.45,-0.89,0.725));
#4207 = LINE('',#4208,#4209);
#4208 = CARTESIAN_POINT('',(1.45,1.275,0.725));
#4209 = VECTOR('',#4210,1.);
#4210 = DIRECTION('',(1.110223024625E-16,-1.,0.));
#4211 = ORIENTED_EDGE('',*,*,#4212,.T.);
#4212 = EDGE_CURVE('',#4205,#4213,#4215,.T.);
#4213 = VERTEX_POINT('',#4214);
#4214 = CARTESIAN_POINT('',(1.45,-1.11,0.725));
#4215 = LINE('',#4216,#4217);
#4216 = CARTESIAN_POINT('',(1.45,1.275,0.725));
#4217 = VECTOR('',#4218,1.);
#4218 = DIRECTION('',(1.110223024625E-16,-1.,0.));
#4219 = ORIENTED_EDGE('',*,*,#4220,.T.);
#4220 = EDGE_CURVE('',#4213,#4221,#4223,.T.);
#4221 = VERTEX_POINT('',#4222);
#4222 = CARTESIAN_POINT('',(1.45,-1.275,0.725));
#4223 = LINE('',#4224,#4225);
#4224 = CARTESIAN_POINT('',(1.45,1.275,0.725));
#4225 = VECTOR('',#4226,1.);
#4226 = DIRECTION('',(1.110223024625E-16,-1.,0.));
#4227 = ORIENTED_EDGE('',*,*,#4228,.T.);
#4228 = EDGE_CURVE('',#4221,#4229,#4231,.T.);
#4229 = VERTEX_POINT('',#4230);
#4230 = CARTESIAN_POINT('',(1.349035633207,-1.224517816603,1.2));
#4231 = B_SPLINE_CURVE_WITH_KNOTS('',1,(#4232,#4233),.UNSPECIFIED.,.F.,
  .F.,(2,2),(0.,1.),.PIECEWISE_BEZIER_KNOTS.);
#4232 = CARTESIAN_POINT('',(1.45,-1.275,0.725));
#4233 = CARTESIAN_POINT('',(1.349035633207,-1.224517816603,1.2));
#4234 = ORIENTED_EDGE('',*,*,#4235,.F.);
#4235 = EDGE_CURVE('',#4126,#4229,#4236,.T.);
#4236 = LINE('',#4237,#4238);
#4237 = CARTESIAN_POINT('',(1.349035633207,1.224517816603,1.2));
#4238 = VECTOR('',#4239,1.);
#4239 = DIRECTION('',(1.110223024625E-16,-1.,0.));
#4240 = ORIENTED_EDGE('',*,*,#4125,.F.);
#4241 = B_SPLINE_SURFACE_WITH_KNOTS('',1,1,(
    (#4242,#4243)
    ,(#4244,#4245
    )),.UNSPECIFIED.,.F.,.F.,.F.,(2,2),(2,2),(0.,2.55),(0.,1.),
  .PIECEWISE_BEZIER_KNOTS.);
#4242 = CARTESIAN_POINT('',(1.45,1.275,0.725));
#4243 = CARTESIAN_POINT('',(1.349035633207,1.224517816603,1.2));
#4244 = CARTESIAN_POINT('',(1.45,-1.275,0.725));
#4245 = CARTESIAN_POINT('',(1.349035633207,-1.224517816603,1.2));
#4246 = ADVANCED_FACE('',(#4247),#4279,.F.);
#4247 = FACE_BOUND('',#4248,.F.);
#4248 = EDGE_LOOP('',(#4249,#4257,#4265,#4271,#4277,#4278));
#4249 = ORIENTED_EDGE('',*,*,#4250,.F.);
#4250 = EDGE_CURVE('',#4251,#3123,#4253,.T.);
#4251 = VERTEX_POINT('',#4252);
#4252 = CARTESIAN_POINT('',(1.55,1.11,0.725));
#4253 = LINE('',#4254,#4255);
#4254 = CARTESIAN_POINT('',(1.55,1.11,0.725));
#4255 = VECTOR('',#4256,1.);
#4256 = DIRECTION('',(-1.,-1.110223024625E-16,0.));
#4257 = ORIENTED_EDGE('',*,*,#4258,.T.);
#4258 = EDGE_CURVE('',#4251,#4259,#4261,.T.);
#4259 = VERTEX_POINT('',#4260);
#4260 = CARTESIAN_POINT('',(1.55,0.89,0.725));
#4261 = LINE('',#4262,#4263);
#4262 = CARTESIAN_POINT('',(1.55,1.11,0.725));
#4263 = VECTOR('',#4264,1.);
#4264 = DIRECTION('',(1.110223024625E-16,-1.,0.));
#4265 = ORIENTED_EDGE('',*,*,#4266,.T.);
#4266 = EDGE_CURVE('',#4259,#3591,#4267,.T.);
#4267 = LINE('',#4268,#4269);
#4268 = CARTESIAN_POINT('',(1.55,0.89,0.725));
#4269 = VECTOR('',#4270,1.);
#4270 = DIRECTION('',(-1.,-1.110223024625E-16,0.));
#4271 = ORIENTED_EDGE('',*,*,#4272,.T.);
#4272 = EDGE_CURVE('',#3591,#4149,#4273,.T.);
#4273 = LINE('',#4274,#4275);
#4274 = CARTESIAN_POINT('',(1.55,0.89,0.725));
#4275 = VECTOR('',#4276,1.);
#4276 = DIRECTION('',(-1.,-1.110223024625E-16,0.));
#4277 = ORIENTED_EDGE('',*,*,#4148,.F.);
#4278 = ORIENTED_EDGE('',*,*,#3130,.F.);
#4279 = PLANE('',#4280);
#4280 = AXIS2_PLACEMENT_3D('',#4281,#4282,#4283);
#4281 = CARTESIAN_POINT('',(1.55,1.11,0.725));
#4282 = DIRECTION('',(0.,0.,-1.));
#4283 = DIRECTION('',(-1.,-1.110223024625E-16,-0.));
#4284 = ADVANCED_FACE('',(#4285),#4328,.F.);
#4285 = FACE_BOUND('',#4286,.F.);
#4286 = EDGE_LOOP('',(#4287,#4288,#4294,#4295,#4303,#4311,#4317,#4318,
    #4324,#4325,#4326,#4327));
#4287 = ORIENTED_EDGE('',*,*,#3232,.T.);
#4288 = ORIENTED_EDGE('',*,*,#4289,.T.);
#4289 = EDGE_CURVE('',#3225,#3979,#4290,.T.);
#4290 = LINE('',#4291,#4292);
#4291 = CARTESIAN_POINT('',(-1.55,-1.11,0.725));
#4292 = VECTOR('',#4293,1.);
#4293 = DIRECTION('',(1.,-1.144237745222E-17,0.));
#4294 = ORIENTED_EDGE('',*,*,#3976,.F.);
#4295 = ORIENTED_EDGE('',*,*,#4296,.F.);
#4296 = EDGE_CURVE('',#4297,#3977,#4299,.T.);
#4297 = VERTEX_POINT('',#4298);
#4298 = CARTESIAN_POINT('',(-1.275,-1.45,0.725));
#4299 = LINE('',#4300,#4301);
#4300 = CARTESIAN_POINT('',(-1.275,-1.45,0.725));
#4301 = VECTOR('',#4302,1.);
#4302 = DIRECTION('',(-0.707106781187,0.707106781187,0.));
#4303 = ORIENTED_EDGE('',*,*,#4304,.F.);
#4304 = EDGE_CURVE('',#4305,#4297,#4307,.T.);
#4305 = VERTEX_POINT('',#4306);
#4306 = CARTESIAN_POINT('',(1.275,-1.45,0.725));
#4307 = LINE('',#4308,#4309);
#4308 = CARTESIAN_POINT('',(1.275,-1.45,0.725));
#4309 = VECTOR('',#4310,1.);
#4310 = DIRECTION('',(-1.,-1.110223024625E-16,0.));
#4311 = ORIENTED_EDGE('',*,*,#4312,.F.);
#4312 = EDGE_CURVE('',#4221,#4305,#4313,.T.);
#4313 = LINE('',#4314,#4315);
#4314 = CARTESIAN_POINT('',(1.45,-1.275,0.725));
#4315 = VECTOR('',#4316,1.);
#4316 = DIRECTION('',(-0.707106781187,-0.707106781187,0.));
#4317 = ORIENTED_EDGE('',*,*,#4220,.F.);
#4318 = ORIENTED_EDGE('',*,*,#4319,.F.);
#4319 = EDGE_CURVE('',#3839,#4213,#4320,.T.);
#4320 = LINE('',#4321,#4322);
#4321 = CARTESIAN_POINT('',(1.55,-1.11,0.725));
#4322 = VECTOR('',#4323,1.);
#4323 = DIRECTION('',(-1.,-1.110223024625E-16,0.));
#4324 = ORIENTED_EDGE('',*,*,#3854,.T.);
#4325 = ORIENTED_EDGE('',*,*,#3899,.T.);
#4326 = ORIENTED_EDGE('',*,*,#3916,.T.);
#4327 = ORIENTED_EDGE('',*,*,#3870,.T.);
#4328 = PLANE('',#4329);
#4329 = AXIS2_PLACEMENT_3D('',#4330,#4331,#4332);
#4330 = CARTESIAN_POINT('',(-1.527474198549E-16,1.475,0.725));
#4331 = DIRECTION('',(1.474807988425E-32,-1.897177879498E-27,-1.));
#4332 = DIRECTION('',(1.,1.199334786602E-16,1.474807988402E-32));
#4333 = ADVANCED_FACE('',(#4334),#4420,.F.);
#4334 = FACE_BOUND('',#4335,.F.);
#4335 = EDGE_LOOP('',(#4336,#4337,#4338,#4347,#4355,#4364,#4372,#4380,
    #4388,#4397,#4405,#4414));
#4336 = ORIENTED_EDGE('',*,*,#3224,.F.);
#4337 = ORIENTED_EDGE('',*,*,#3246,.T.);
#4338 = ORIENTED_EDGE('',*,*,#4339,.T.);
#4339 = EDGE_CURVE('',#3247,#4340,#4342,.T.);
#4340 = VERTEX_POINT('',#4341);
#4341 = CARTESIAN_POINT('',(-1.599240387651,-1.11,0.533682408883));
#4342 = CIRCLE('',#4343,5.E-02);
#4343 = AXIS2_PLACEMENT_3D('',#4344,#4345,#4346);
#4344 = CARTESIAN_POINT('',(-1.55,-1.11,0.525));
#4345 = DIRECTION('',(-1.144237745222E-17,-1.,0.));
#4346 = DIRECTION('',(0.,0.,1.));
#4347 = ORIENTED_EDGE('',*,*,#4348,.T.);
#4348 = EDGE_CURVE('',#4340,#4349,#4351,.T.);
#4349 = VERTEX_POINT('',#4350);
#4350 = CARTESIAN_POINT('',(-1.660344718128,-1.11,0.165270364467));
#4351 = LINE('',#4352,#4353);
#4352 = CARTESIAN_POINT('',(-1.599240387651,-1.11,0.533682408883));
#4353 = VECTOR('',#4354,1.);
#4354 = DIRECTION('',(-0.163623369545,1.872240354333E-18,-0.986522880089
    ));
#4355 = ORIENTED_EDGE('',*,*,#4356,.T.);
#4356 = EDGE_CURVE('',#4349,#4357,#4359,.T.);
#4357 = VERTEX_POINT('',#4358);
#4358 = CARTESIAN_POINT('',(-1.85730626873,-1.11,0.));
#4359 = CIRCLE('',#4360,0.2);
#4360 = AXIS2_PLACEMENT_3D('',#4361,#4362,#4363);
#4361 = CARTESIAN_POINT('',(-1.85730626873,-1.11,0.2));
#4362 = DIRECTION('',(1.144237745222E-17,1.,2.764587543882E-33));
#4363 = DIRECTION('',(0.984807753012,-1.126854202784E-17,-0.173648177667
    ));
#4364 = ORIENTED_EDGE('',*,*,#4365,.T.);
#4365 = EDGE_CURVE('',#4357,#4366,#4368,.T.);
#4366 = VERTEX_POINT('',#4367);
#4367 = CARTESIAN_POINT('',(-2.45,-1.11,0.));
#4368 = LINE('',#4369,#4370);
#4369 = CARTESIAN_POINT('',(-1.85730626873,-1.11,0.));
#4370 = VECTOR('',#4371,1.);
#4371 = DIRECTION('',(-1.,1.144237745222E-17,0.));
#4372 = ORIENTED_EDGE('',*,*,#4373,.T.);
#4373 = EDGE_CURVE('',#4366,#4374,#4376,.T.);
#4374 = VERTEX_POINT('',#4375);
#4375 = CARTESIAN_POINT('',(-2.45,-1.11,0.15));
#4376 = LINE('',#4377,#4378);
#4377 = CARTESIAN_POINT('',(-2.45,-1.11,0.));
#4378 = VECTOR('',#4379,1.);
#4379 = DIRECTION('',(0.,0.,1.));
#4380 = ORIENTED_EDGE('',*,*,#4381,.T.);
#4381 = EDGE_CURVE('',#4374,#4382,#4384,.T.);
#4382 = VERTEX_POINT('',#4383);
#4383 = CARTESIAN_POINT('',(-1.85730626873,-1.11,0.15));
#4384 = LINE('',#4385,#4386);
#4385 = CARTESIAN_POINT('',(-2.45,-1.11,0.15));
#4386 = VECTOR('',#4387,1.);
#4387 = DIRECTION('',(1.,-1.144237745222E-17,0.));
#4388 = ORIENTED_EDGE('',*,*,#4389,.T.);
#4389 = EDGE_CURVE('',#4382,#4390,#4392,.T.);
#4390 = VERTEX_POINT('',#4391);
#4391 = CARTESIAN_POINT('',(-1.80806588108,-1.11,0.191317591117));
#4392 = CIRCLE('',#4393,5.E-02);
#4393 = AXIS2_PLACEMENT_3D('',#4394,#4395,#4396);
#4394 = CARTESIAN_POINT('',(-1.85730626873,-1.11,0.2));
#4395 = DIRECTION('',(-1.144237745222E-17,-1.,-0.));
#4396 = DIRECTION('',(0.,0.,-1.));
#4397 = ORIENTED_EDGE('',*,*,#4398,.T.);
#4398 = EDGE_CURVE('',#4390,#4399,#4401,.T.);
#4399 = VERTEX_POINT('',#4400);
#4400 = CARTESIAN_POINT('',(-1.746961550602,-1.11,0.559729635533));
#4401 = LINE('',#4402,#4403);
#4402 = CARTESIAN_POINT('',(-1.80806588108,-1.11,0.191317591117));
#4403 = VECTOR('',#4404,1.);
#4404 = DIRECTION('',(0.163623369545,-1.872240354333E-18,0.986522880089)
  );
#4405 = ORIENTED_EDGE('',*,*,#4406,.T.);
#4406 = EDGE_CURVE('',#4399,#4407,#4409,.T.);
#4407 = VERTEX_POINT('',#4408);
#4408 = CARTESIAN_POINT('',(-1.55,-1.11,0.725));
#4409 = CIRCLE('',#4410,0.2);
#4410 = AXIS2_PLACEMENT_3D('',#4411,#4412,#4413);
#4411 = CARTESIAN_POINT('',(-1.55,-1.11,0.525));
#4412 = DIRECTION('',(1.144237745222E-17,1.,-2.92542467909E-33));
#4413 = DIRECTION('',(-0.984807753012,1.126854202784E-17,0.173648177667)
  );
#4414 = ORIENTED_EDGE('',*,*,#4415,.T.);
#4415 = EDGE_CURVE('',#4407,#3225,#4416,.T.);
#4416 = LINE('',#4417,#4418);
#4417 = CARTESIAN_POINT('',(-1.55,-1.11,0.725));
#4418 = VECTOR('',#4419,1.);
#4419 = DIRECTION('',(1.,-1.144237745222E-17,0.));
#4420 = PLANE('',#4421);
#4421 = AXIS2_PLACEMENT_3D('',#4422,#4423,#4424);
#4422 = CARTESIAN_POINT('',(-1.868421083099,-1.11,0.283548691232));
#4423 = DIRECTION('',(1.144237745222E-17,1.,0.));
#4424 = DIRECTION('',(0.,-0.,1.));
#4425 = ADVANCED_FACE('',(#4426),#4445,.F.);
#4426 = FACE_BOUND('',#4427,.F.);
#4427 = EDGE_LOOP('',(#4428,#4429,#4438,#4444));
#4428 = ORIENTED_EDGE('',*,*,#3263,.T.);
#4429 = ORIENTED_EDGE('',*,*,#4430,.T.);
#4430 = EDGE_CURVE('',#3256,#4431,#4433,.T.);
#4431 = VERTEX_POINT('',#4432);
#4432 = CARTESIAN_POINT('',(-1.599240387651,-0.89,0.533682408883));
#4433 = CIRCLE('',#4434,5.E-02);
#4434 = AXIS2_PLACEMENT_3D('',#4435,#4436,#4437);
#4435 = CARTESIAN_POINT('',(-1.55,-0.89,0.525));
#4436 = DIRECTION('',(-1.144237745222E-17,-1.,0.));
#4437 = DIRECTION('',(0.,0.,1.));
#4438 = ORIENTED_EDGE('',*,*,#4439,.F.);
#4439 = EDGE_CURVE('',#4340,#4431,#4440,.T.);
#4440 = LINE('',#4441,#4442);
#4441 = CARTESIAN_POINT('',(-1.599240387651,-1.11,0.533682408883));
#4442 = VECTOR('',#4443,1.);
#4443 = DIRECTION('',(1.144237745222E-17,1.,0.));
#4444 = ORIENTED_EDGE('',*,*,#4339,.F.);
#4445 = CYLINDRICAL_SURFACE('',#4446,5.E-02);
#4446 = AXIS2_PLACEMENT_3D('',#4447,#4448,#4449);
#4447 = CARTESIAN_POINT('',(-1.55,-1.11,0.525));
#4448 = DIRECTION('',(-1.144237745222E-17,-1.,0.));
#4449 = DIRECTION('',(0.,0.,1.));
#4450 = ADVANCED_FACE('',(#4451),#4529,.T.);
#4451 = FACE_BOUND('',#4452,.T.);
#4452 = EDGE_LOOP('',(#4453,#4454,#4455,#4456,#4464,#4473,#4481,#4489,
    #4497,#4506,#4514,#4523));
#4453 = ORIENTED_EDGE('',*,*,#3277,.F.);
#4454 = ORIENTED_EDGE('',*,*,#3255,.T.);
#4455 = ORIENTED_EDGE('',*,*,#4430,.T.);
#4456 = ORIENTED_EDGE('',*,*,#4457,.T.);
#4457 = EDGE_CURVE('',#4431,#4458,#4460,.T.);
#4458 = VERTEX_POINT('',#4459);
#4459 = CARTESIAN_POINT('',(-1.660344718128,-0.89,0.165270364467));
#4460 = LINE('',#4461,#4462);
#4461 = CARTESIAN_POINT('',(-1.599240387651,-0.89,0.533682408883));
#4462 = VECTOR('',#4463,1.);
#4463 = DIRECTION('',(-0.163623369545,1.872240354333E-18,-0.986522880089
    ));
#4464 = ORIENTED_EDGE('',*,*,#4465,.T.);
#4465 = EDGE_CURVE('',#4458,#4466,#4468,.T.);
#4466 = VERTEX_POINT('',#4467);
#4467 = CARTESIAN_POINT('',(-1.85730626873,-0.89,0.));
#4468 = CIRCLE('',#4469,0.2);
#4469 = AXIS2_PLACEMENT_3D('',#4470,#4471,#4472);
#4470 = CARTESIAN_POINT('',(-1.85730626873,-0.89,0.2));
#4471 = DIRECTION('',(1.144237745222E-17,1.,2.764587543882E-33));
#4472 = DIRECTION('',(0.984807753012,-1.126854202784E-17,-0.173648177667
    ));
#4473 = ORIENTED_EDGE('',*,*,#4474,.T.);
#4474 = EDGE_CURVE('',#4466,#4475,#4477,.T.);
#4475 = VERTEX_POINT('',#4476);
#4476 = CARTESIAN_POINT('',(-2.45,-0.89,0.));
#4477 = LINE('',#4478,#4479);
#4478 = CARTESIAN_POINT('',(-1.85730626873,-0.89,0.));
#4479 = VECTOR('',#4480,1.);
#4480 = DIRECTION('',(-1.,1.144237745222E-17,0.));
#4481 = ORIENTED_EDGE('',*,*,#4482,.T.);
#4482 = EDGE_CURVE('',#4475,#4483,#4485,.T.);
#4483 = VERTEX_POINT('',#4484);
#4484 = CARTESIAN_POINT('',(-2.45,-0.89,0.15));
#4485 = LINE('',#4486,#4487);
#4486 = CARTESIAN_POINT('',(-2.45,-0.89,0.));
#4487 = VECTOR('',#4488,1.);
#4488 = DIRECTION('',(0.,0.,1.));
#4489 = ORIENTED_EDGE('',*,*,#4490,.T.);
#4490 = EDGE_CURVE('',#4483,#4491,#4493,.T.);
#4491 = VERTEX_POINT('',#4492);
#4492 = CARTESIAN_POINT('',(-1.85730626873,-0.89,0.15));
#4493 = LINE('',#4494,#4495);
#4494 = CARTESIAN_POINT('',(-2.45,-0.89,0.15));
#4495 = VECTOR('',#4496,1.);
#4496 = DIRECTION('',(1.,-1.144237745222E-17,0.));
#4497 = ORIENTED_EDGE('',*,*,#4498,.T.);
#4498 = EDGE_CURVE('',#4491,#4499,#4501,.T.);
#4499 = VERTEX_POINT('',#4500);
#4500 = CARTESIAN_POINT('',(-1.80806588108,-0.89,0.191317591117));
#4501 = CIRCLE('',#4502,5.E-02);
#4502 = AXIS2_PLACEMENT_3D('',#4503,#4504,#4505);
#4503 = CARTESIAN_POINT('',(-1.85730626873,-0.89,0.2));
#4504 = DIRECTION('',(-1.144237745222E-17,-1.,-0.));
#4505 = DIRECTION('',(0.,0.,-1.));
#4506 = ORIENTED_EDGE('',*,*,#4507,.T.);
#4507 = EDGE_CURVE('',#4499,#4508,#4510,.T.);
#4508 = VERTEX_POINT('',#4509);
#4509 = CARTESIAN_POINT('',(-1.746961550602,-0.89,0.559729635533));
#4510 = LINE('',#4511,#4512);
#4511 = CARTESIAN_POINT('',(-1.80806588108,-0.89,0.191317591117));
#4512 = VECTOR('',#4513,1.);
#4513 = DIRECTION('',(0.163623369545,-1.872240354333E-18,0.986522880089)
  );
#4514 = ORIENTED_EDGE('',*,*,#4515,.T.);
#4515 = EDGE_CURVE('',#4508,#4516,#4518,.T.);
#4516 = VERTEX_POINT('',#4517);
#4517 = CARTESIAN_POINT('',(-1.55,-0.89,0.725));
#4518 = CIRCLE('',#4519,0.2);
#4519 = AXIS2_PLACEMENT_3D('',#4520,#4521,#4522);
#4520 = CARTESIAN_POINT('',(-1.55,-0.89,0.525));
#4521 = DIRECTION('',(1.144237745222E-17,1.,-2.92542467909E-33));
#4522 = DIRECTION('',(-0.984807753012,1.126854202784E-17,0.173648177667)
  );
#4523 = ORIENTED_EDGE('',*,*,#4524,.T.);
#4524 = EDGE_CURVE('',#4516,#3278,#4525,.T.);
#4525 = LINE('',#4526,#4527);
#4526 = CARTESIAN_POINT('',(-1.55,-0.89,0.725));
#4527 = VECTOR('',#4528,1.);
#4528 = DIRECTION('',(1.,-1.144237745222E-17,0.));
#4529 = PLANE('',#4530);
#4530 = AXIS2_PLACEMENT_3D('',#4531,#4532,#4533);
#4531 = CARTESIAN_POINT('',(-1.868421083099,-0.89,0.283548691232));
#4532 = DIRECTION('',(1.144237745222E-17,1.,0.));
#4533 = DIRECTION('',(0.,-0.,1.));
#4534 = ADVANCED_FACE('',(#4535),#4551,.F.);
#4535 = FACE_BOUND('',#4536,.F.);
#4536 = EDGE_LOOP('',(#4537,#4538,#4544,#4545));
#4537 = ORIENTED_EDGE('',*,*,#3294,.T.);
#4538 = ORIENTED_EDGE('',*,*,#4539,.T.);
#4539 = EDGE_CURVE('',#3287,#3995,#4540,.T.);
#4540 = LINE('',#4541,#4542);
#4541 = CARTESIAN_POINT('',(-1.55,-0.61,0.725));
#4542 = VECTOR('',#4543,1.);
#4543 = DIRECTION('',(1.,-1.144237745222E-17,0.));
#4544 = ORIENTED_EDGE('',*,*,#3994,.F.);
#4545 = ORIENTED_EDGE('',*,*,#4546,.F.);
#4546 = EDGE_CURVE('',#3278,#3987,#4547,.T.);
#4547 = LINE('',#4548,#4549);
#4548 = CARTESIAN_POINT('',(-1.55,-0.89,0.725));
#4549 = VECTOR('',#4550,1.);
#4550 = DIRECTION('',(1.,-1.144237745222E-17,0.));
#4551 = PLANE('',#4552);
#4552 = AXIS2_PLACEMENT_3D('',#4553,#4554,#4555);
#4553 = CARTESIAN_POINT('',(-1.527474198549E-16,1.475,0.725));
#4554 = DIRECTION('',(1.474807988425E-32,-1.897177879498E-27,-1.));
#4555 = DIRECTION('',(1.,1.199334786602E-16,1.474807988402E-32));
#4556 = ADVANCED_FACE('',(#4557),#4643,.F.);
#4557 = FACE_BOUND('',#4558,.F.);
#4558 = EDGE_LOOP('',(#4559,#4560,#4561,#4570,#4578,#4587,#4595,#4603,
    #4611,#4620,#4628,#4637));
#4559 = ORIENTED_EDGE('',*,*,#3286,.F.);
#4560 = ORIENTED_EDGE('',*,*,#3308,.T.);
#4561 = ORIENTED_EDGE('',*,*,#4562,.T.);
#4562 = EDGE_CURVE('',#3309,#4563,#4565,.T.);
#4563 = VERTEX_POINT('',#4564);
#4564 = CARTESIAN_POINT('',(-1.599240387651,-0.61,0.533682408883));
#4565 = CIRCLE('',#4566,5.E-02);
#4566 = AXIS2_PLACEMENT_3D('',#4567,#4568,#4569);
#4567 = CARTESIAN_POINT('',(-1.55,-0.61,0.525));
#4568 = DIRECTION('',(-1.144237745222E-17,-1.,0.));
#4569 = DIRECTION('',(0.,0.,1.));
#4570 = ORIENTED_EDGE('',*,*,#4571,.T.);
#4571 = EDGE_CURVE('',#4563,#4572,#4574,.T.);
#4572 = VERTEX_POINT('',#4573);
#4573 = CARTESIAN_POINT('',(-1.660344718128,-0.61,0.165270364467));
#4574 = LINE('',#4575,#4576);
#4575 = CARTESIAN_POINT('',(-1.599240387651,-0.61,0.533682408883));
#4576 = VECTOR('',#4577,1.);
#4577 = DIRECTION('',(-0.163623369545,1.872240354333E-18,-0.986522880089
    ));
#4578 = ORIENTED_EDGE('',*,*,#4579,.T.);
#4579 = EDGE_CURVE('',#4572,#4580,#4582,.T.);
#4580 = VERTEX_POINT('',#4581);
#4581 = CARTESIAN_POINT('',(-1.85730626873,-0.61,0.));
#4582 = CIRCLE('',#4583,0.2);
#4583 = AXIS2_PLACEMENT_3D('',#4584,#4585,#4586);
#4584 = CARTESIAN_POINT('',(-1.85730626873,-0.61,0.2));
#4585 = DIRECTION('',(1.144237745222E-17,1.,2.764587543882E-33));
#4586 = DIRECTION('',(0.984807753012,-1.126854202784E-17,-0.173648177667
    ));
#4587 = ORIENTED_EDGE('',*,*,#4588,.T.);
#4588 = EDGE_CURVE('',#4580,#4589,#4591,.T.);
#4589 = VERTEX_POINT('',#4590);
#4590 = CARTESIAN_POINT('',(-2.45,-0.61,0.));
#4591 = LINE('',#4592,#4593);
#4592 = CARTESIAN_POINT('',(-1.85730626873,-0.61,0.));
#4593 = VECTOR('',#4594,1.);
#4594 = DIRECTION('',(-1.,1.144237745222E-17,0.));
#4595 = ORIENTED_EDGE('',*,*,#4596,.T.);
#4596 = EDGE_CURVE('',#4589,#4597,#4599,.T.);
#4597 = VERTEX_POINT('',#4598);
#4598 = CARTESIAN_POINT('',(-2.45,-0.61,0.15));
#4599 = LINE('',#4600,#4601);
#4600 = CARTESIAN_POINT('',(-2.45,-0.61,0.));
#4601 = VECTOR('',#4602,1.);
#4602 = DIRECTION('',(0.,0.,1.));
#4603 = ORIENTED_EDGE('',*,*,#4604,.T.);
#4604 = EDGE_CURVE('',#4597,#4605,#4607,.T.);
#4605 = VERTEX_POINT('',#4606);
#4606 = CARTESIAN_POINT('',(-1.85730626873,-0.61,0.15));
#4607 = LINE('',#4608,#4609);
#4608 = CARTESIAN_POINT('',(-2.45,-0.61,0.15));
#4609 = VECTOR('',#4610,1.);
#4610 = DIRECTION('',(1.,-1.144237745222E-17,0.));
#4611 = ORIENTED_EDGE('',*,*,#4612,.T.);
#4612 = EDGE_CURVE('',#4605,#4613,#4615,.T.);
#4613 = VERTEX_POINT('',#4614);
#4614 = CARTESIAN_POINT('',(-1.80806588108,-0.61,0.191317591117));
#4615 = CIRCLE('',#4616,5.E-02);
#4616 = AXIS2_PLACEMENT_3D('',#4617,#4618,#4619);
#4617 = CARTESIAN_POINT('',(-1.85730626873,-0.61,0.2));
#4618 = DIRECTION('',(-1.144237745222E-17,-1.,-0.));
#4619 = DIRECTION('',(0.,0.,-1.));
#4620 = ORIENTED_EDGE('',*,*,#4621,.T.);
#4621 = EDGE_CURVE('',#4613,#4622,#4624,.T.);
#4622 = VERTEX_POINT('',#4623);
#4623 = CARTESIAN_POINT('',(-1.746961550602,-0.61,0.559729635533));
#4624 = LINE('',#4625,#4626);
#4625 = CARTESIAN_POINT('',(-1.80806588108,-0.61,0.191317591117));
#4626 = VECTOR('',#4627,1.);
#4627 = DIRECTION('',(0.163623369545,-1.872240354333E-18,0.986522880089)
  );
#4628 = ORIENTED_EDGE('',*,*,#4629,.T.);
#4629 = EDGE_CURVE('',#4622,#4630,#4632,.T.);
#4630 = VERTEX_POINT('',#4631);
#4631 = CARTESIAN_POINT('',(-1.55,-0.61,0.725));
#4632 = CIRCLE('',#4633,0.2);
#4633 = AXIS2_PLACEMENT_3D('',#4634,#4635,#4636);
#4634 = CARTESIAN_POINT('',(-1.55,-0.61,0.525));
#4635 = DIRECTION('',(1.144237745222E-17,1.,-2.92542467909E-33));
#4636 = DIRECTION('',(-0.984807753012,1.126854202784E-17,0.173648177667)
  );
#4637 = ORIENTED_EDGE('',*,*,#4638,.T.);
#4638 = EDGE_CURVE('',#4630,#3287,#4639,.T.);
#4639 = LINE('',#4640,#4641);
#4640 = CARTESIAN_POINT('',(-1.55,-0.61,0.725));
#4641 = VECTOR('',#4642,1.);
#4642 = DIRECTION('',(1.,-1.144237745222E-17,0.));
#4643 = PLANE('',#4644);
#4644 = AXIS2_PLACEMENT_3D('',#4645,#4646,#4647);
#4645 = CARTESIAN_POINT('',(-1.868421083099,-0.61,0.283548691232));
#4646 = DIRECTION('',(1.144237745222E-17,1.,0.));
#4647 = DIRECTION('',(0.,-0.,1.));
#4648 = ADVANCED_FACE('',(#4649),#4668,.F.);
#4649 = FACE_BOUND('',#4650,.F.);
#4650 = EDGE_LOOP('',(#4651,#4652,#4661,#4667));
#4651 = ORIENTED_EDGE('',*,*,#3325,.T.);
#4652 = ORIENTED_EDGE('',*,*,#4653,.T.);
#4653 = EDGE_CURVE('',#3318,#4654,#4656,.T.);
#4654 = VERTEX_POINT('',#4655);
#4655 = CARTESIAN_POINT('',(-1.599240387651,-0.39,0.533682408883));
#4656 = CIRCLE('',#4657,5.E-02);
#4657 = AXIS2_PLACEMENT_3D('',#4658,#4659,#4660);
#4658 = CARTESIAN_POINT('',(-1.55,-0.39,0.525));
#4659 = DIRECTION('',(-1.144237745222E-17,-1.,0.));
#4660 = DIRECTION('',(0.,0.,1.));
#4661 = ORIENTED_EDGE('',*,*,#4662,.F.);
#4662 = EDGE_CURVE('',#4563,#4654,#4663,.T.);
#4663 = LINE('',#4664,#4665);
#4664 = CARTESIAN_POINT('',(-1.599240387651,-0.61,0.533682408883));
#4665 = VECTOR('',#4666,1.);
#4666 = DIRECTION('',(1.144237745222E-17,1.,0.));
#4667 = ORIENTED_EDGE('',*,*,#4562,.F.);
#4668 = CYLINDRICAL_SURFACE('',#4669,5.E-02);
#4669 = AXIS2_PLACEMENT_3D('',#4670,#4671,#4672);
#4670 = CARTESIAN_POINT('',(-1.55,-0.61,0.525));
#4671 = DIRECTION('',(-1.144237745222E-17,-1.,0.));
#4672 = DIRECTION('',(0.,0.,1.));
#4673 = ADVANCED_FACE('',(#4674),#4752,.T.);
#4674 = FACE_BOUND('',#4675,.T.);
#4675 = EDGE_LOOP('',(#4676,#4677,#4678,#4679,#4687,#4696,#4704,#4712,
    #4720,#4729,#4737,#4746));
#4676 = ORIENTED_EDGE('',*,*,#3339,.F.);
#4677 = ORIENTED_EDGE('',*,*,#3317,.T.);
#4678 = ORIENTED_EDGE('',*,*,#4653,.T.);
#4679 = ORIENTED_EDGE('',*,*,#4680,.T.);
#4680 = EDGE_CURVE('',#4654,#4681,#4683,.T.);
#4681 = VERTEX_POINT('',#4682);
#4682 = CARTESIAN_POINT('',(-1.660344718128,-0.39,0.165270364467));
#4683 = LINE('',#4684,#4685);
#4684 = CARTESIAN_POINT('',(-1.599240387651,-0.39,0.533682408883));
#4685 = VECTOR('',#4686,1.);
#4686 = DIRECTION('',(-0.163623369545,1.872240354333E-18,-0.986522880089
    ));
#4687 = ORIENTED_EDGE('',*,*,#4688,.T.);
#4688 = EDGE_CURVE('',#4681,#4689,#4691,.T.);
#4689 = VERTEX_POINT('',#4690);
#4690 = CARTESIAN_POINT('',(-1.85730626873,-0.39,0.));
#4691 = CIRCLE('',#4692,0.2);
#4692 = AXIS2_PLACEMENT_3D('',#4693,#4694,#4695);
#4693 = CARTESIAN_POINT('',(-1.85730626873,-0.39,0.2));
#4694 = DIRECTION('',(1.144237745222E-17,1.,2.764587543882E-33));
#4695 = DIRECTION('',(0.984807753012,-1.126854202784E-17,-0.173648177667
    ));
#4696 = ORIENTED_EDGE('',*,*,#4697,.T.);
#4697 = EDGE_CURVE('',#4689,#4698,#4700,.T.);
#4698 = VERTEX_POINT('',#4699);
#4699 = CARTESIAN_POINT('',(-2.45,-0.39,0.));
#4700 = LINE('',#4701,#4702);
#4701 = CARTESIAN_POINT('',(-1.85730626873,-0.39,0.));
#4702 = VECTOR('',#4703,1.);
#4703 = DIRECTION('',(-1.,1.144237745222E-17,0.));
#4704 = ORIENTED_EDGE('',*,*,#4705,.T.);
#4705 = EDGE_CURVE('',#4698,#4706,#4708,.T.);
#4706 = VERTEX_POINT('',#4707);
#4707 = CARTESIAN_POINT('',(-2.45,-0.39,0.15));
#4708 = LINE('',#4709,#4710);
#4709 = CARTESIAN_POINT('',(-2.45,-0.39,0.));
#4710 = VECTOR('',#4711,1.);
#4711 = DIRECTION('',(0.,0.,1.));
#4712 = ORIENTED_EDGE('',*,*,#4713,.T.);
#4713 = EDGE_CURVE('',#4706,#4714,#4716,.T.);
#4714 = VERTEX_POINT('',#4715);
#4715 = CARTESIAN_POINT('',(-1.85730626873,-0.39,0.15));
#4716 = LINE('',#4717,#4718);
#4717 = CARTESIAN_POINT('',(-2.45,-0.39,0.15));
#4718 = VECTOR('',#4719,1.);
#4719 = DIRECTION('',(1.,-1.144237745222E-17,0.));
#4720 = ORIENTED_EDGE('',*,*,#4721,.T.);
#4721 = EDGE_CURVE('',#4714,#4722,#4724,.T.);
#4722 = VERTEX_POINT('',#4723);
#4723 = CARTESIAN_POINT('',(-1.80806588108,-0.39,0.191317591117));
#4724 = CIRCLE('',#4725,5.E-02);
#4725 = AXIS2_PLACEMENT_3D('',#4726,#4727,#4728);
#4726 = CARTESIAN_POINT('',(-1.85730626873,-0.39,0.2));
#4727 = DIRECTION('',(-1.144237745222E-17,-1.,-0.));
#4728 = DIRECTION('',(0.,0.,-1.));
#4729 = ORIENTED_EDGE('',*,*,#4730,.T.);
#4730 = EDGE_CURVE('',#4722,#4731,#4733,.T.);
#4731 = VERTEX_POINT('',#4732);
#4732 = CARTESIAN_POINT('',(-1.746961550602,-0.39,0.559729635533));
#4733 = LINE('',#4734,#4735);
#4734 = CARTESIAN_POINT('',(-1.80806588108,-0.39,0.191317591117));
#4735 = VECTOR('',#4736,1.);
#4736 = DIRECTION('',(0.163623369545,-1.872240354333E-18,0.986522880089)
  );
#4737 = ORIENTED_EDGE('',*,*,#4738,.T.);
#4738 = EDGE_CURVE('',#4731,#4739,#4741,.T.);
#4739 = VERTEX_POINT('',#4740);
#4740 = CARTESIAN_POINT('',(-1.55,-0.39,0.725));
#4741 = CIRCLE('',#4742,0.2);
#4742 = AXIS2_PLACEMENT_3D('',#4743,#4744,#4745);
#4743 = CARTESIAN_POINT('',(-1.55,-0.39,0.525));
#4744 = DIRECTION('',(1.144237745222E-17,1.,-2.92542467909E-33));
#4745 = DIRECTION('',(-0.984807753012,1.126854202784E-17,0.173648177667)
  );
#4746 = ORIENTED_EDGE('',*,*,#4747,.T.);
#4747 = EDGE_CURVE('',#4739,#3340,#4748,.T.);
#4748 = LINE('',#4749,#4750);
#4749 = CARTESIAN_POINT('',(-1.55,-0.39,0.725));
#4750 = VECTOR('',#4751,1.);
#4751 = DIRECTION('',(1.,-1.144237745222E-17,0.));
#4752 = PLANE('',#4753);
#4753 = AXIS2_PLACEMENT_3D('',#4754,#4755,#4756);
#4754 = CARTESIAN_POINT('',(-1.868421083099,-0.39,0.283548691232));
#4755 = DIRECTION('',(1.144237745222E-17,1.,0.));
#4756 = DIRECTION('',(0.,-0.,1.));
#4757 = ADVANCED_FACE('',(#4758),#4774,.F.);
#4758 = FACE_BOUND('',#4759,.F.);
#4759 = EDGE_LOOP('',(#4760,#4761,#4767,#4768));
#4760 = ORIENTED_EDGE('',*,*,#3356,.T.);
#4761 = ORIENTED_EDGE('',*,*,#4762,.T.);
#4762 = EDGE_CURVE('',#3349,#4011,#4763,.T.);
#4763 = LINE('',#4764,#4765);
#4764 = CARTESIAN_POINT('',(-1.55,-0.11,0.725));
#4765 = VECTOR('',#4766,1.);
#4766 = DIRECTION('',(1.,-1.144237745222E-17,0.));
#4767 = ORIENTED_EDGE('',*,*,#4010,.F.);
#4768 = ORIENTED_EDGE('',*,*,#4769,.F.);
#4769 = EDGE_CURVE('',#3340,#4003,#4770,.T.);
#4770 = LINE('',#4771,#4772);
#4771 = CARTESIAN_POINT('',(-1.55,-0.39,0.725));
#4772 = VECTOR('',#4773,1.);
#4773 = DIRECTION('',(1.,-1.144237745222E-17,0.));
#4774 = PLANE('',#4775);
#4775 = AXIS2_PLACEMENT_3D('',#4776,#4777,#4778);
#4776 = CARTESIAN_POINT('',(-1.527474198549E-16,1.475,0.725));
#4777 = DIRECTION('',(1.474807988425E-32,-1.897177879498E-27,-1.));
#4778 = DIRECTION('',(1.,1.199334786602E-16,1.474807988402E-32));
#4779 = ADVANCED_FACE('',(#4780),#4866,.F.);
#4780 = FACE_BOUND('',#4781,.F.);
#4781 = EDGE_LOOP('',(#4782,#4783,#4784,#4793,#4801,#4810,#4818,#4826,
    #4834,#4843,#4851,#4860));
#4782 = ORIENTED_EDGE('',*,*,#3348,.F.);
#4783 = ORIENTED_EDGE('',*,*,#3370,.T.);
#4784 = ORIENTED_EDGE('',*,*,#4785,.T.);
#4785 = EDGE_CURVE('',#3371,#4786,#4788,.T.);
#4786 = VERTEX_POINT('',#4787);
#4787 = CARTESIAN_POINT('',(-1.599240387651,-0.11,0.533682408883));
#4788 = CIRCLE('',#4789,5.E-02);
#4789 = AXIS2_PLACEMENT_3D('',#4790,#4791,#4792);
#4790 = CARTESIAN_POINT('',(-1.55,-0.11,0.525));
#4791 = DIRECTION('',(-1.144237745222E-17,-1.,0.));
#4792 = DIRECTION('',(0.,0.,1.));
#4793 = ORIENTED_EDGE('',*,*,#4794,.T.);
#4794 = EDGE_CURVE('',#4786,#4795,#4797,.T.);
#4795 = VERTEX_POINT('',#4796);
#4796 = CARTESIAN_POINT('',(-1.660344718128,-0.11,0.165270364467));
#4797 = LINE('',#4798,#4799);
#4798 = CARTESIAN_POINT('',(-1.599240387651,-0.11,0.533682408883));
#4799 = VECTOR('',#4800,1.);
#4800 = DIRECTION('',(-0.163623369545,1.872240354333E-18,-0.986522880089
    ));
#4801 = ORIENTED_EDGE('',*,*,#4802,.T.);
#4802 = EDGE_CURVE('',#4795,#4803,#4805,.T.);
#4803 = VERTEX_POINT('',#4804);
#4804 = CARTESIAN_POINT('',(-1.85730626873,-0.11,0.));
#4805 = CIRCLE('',#4806,0.2);
#4806 = AXIS2_PLACEMENT_3D('',#4807,#4808,#4809);
#4807 = CARTESIAN_POINT('',(-1.85730626873,-0.11,0.2));
#4808 = DIRECTION('',(1.144237745222E-17,1.,2.764587543882E-33));
#4809 = DIRECTION('',(0.984807753012,-1.126854202784E-17,-0.173648177667
    ));
#4810 = ORIENTED_EDGE('',*,*,#4811,.T.);
#4811 = EDGE_CURVE('',#4803,#4812,#4814,.T.);
#4812 = VERTEX_POINT('',#4813);
#4813 = CARTESIAN_POINT('',(-2.45,-0.11,0.));
#4814 = LINE('',#4815,#4816);
#4815 = CARTESIAN_POINT('',(-1.85730626873,-0.11,0.));
#4816 = VECTOR('',#4817,1.);
#4817 = DIRECTION('',(-1.,1.144237745222E-17,0.));
#4818 = ORIENTED_EDGE('',*,*,#4819,.T.);
#4819 = EDGE_CURVE('',#4812,#4820,#4822,.T.);
#4820 = VERTEX_POINT('',#4821);
#4821 = CARTESIAN_POINT('',(-2.45,-0.11,0.15));
#4822 = LINE('',#4823,#4824);
#4823 = CARTESIAN_POINT('',(-2.45,-0.11,0.));
#4824 = VECTOR('',#4825,1.);
#4825 = DIRECTION('',(0.,0.,1.));
#4826 = ORIENTED_EDGE('',*,*,#4827,.T.);
#4827 = EDGE_CURVE('',#4820,#4828,#4830,.T.);
#4828 = VERTEX_POINT('',#4829);
#4829 = CARTESIAN_POINT('',(-1.85730626873,-0.11,0.15));
#4830 = LINE('',#4831,#4832);
#4831 = CARTESIAN_POINT('',(-2.45,-0.11,0.15));
#4832 = VECTOR('',#4833,1.);
#4833 = DIRECTION('',(1.,-1.144237745222E-17,0.));
#4834 = ORIENTED_EDGE('',*,*,#4835,.T.);
#4835 = EDGE_CURVE('',#4828,#4836,#4838,.T.);
#4836 = VERTEX_POINT('',#4837);
#4837 = CARTESIAN_POINT('',(-1.80806588108,-0.11,0.191317591117));
#4838 = CIRCLE('',#4839,5.E-02);
#4839 = AXIS2_PLACEMENT_3D('',#4840,#4841,#4842);
#4840 = CARTESIAN_POINT('',(-1.85730626873,-0.11,0.2));
#4841 = DIRECTION('',(-1.144237745222E-17,-1.,-0.));
#4842 = DIRECTION('',(0.,0.,-1.));
#4843 = ORIENTED_EDGE('',*,*,#4844,.T.);
#4844 = EDGE_CURVE('',#4836,#4845,#4847,.T.);
#4845 = VERTEX_POINT('',#4846);
#4846 = CARTESIAN_POINT('',(-1.746961550602,-0.11,0.559729635533));
#4847 = LINE('',#4848,#4849);
#4848 = CARTESIAN_POINT('',(-1.80806588108,-0.11,0.191317591117));
#4849 = VECTOR('',#4850,1.);
#4850 = DIRECTION('',(0.163623369545,-1.872240354333E-18,0.986522880089)
  );
#4851 = ORIENTED_EDGE('',*,*,#4852,.T.);
#4852 = EDGE_CURVE('',#4845,#4853,#4855,.T.);
#4853 = VERTEX_POINT('',#4854);
#4854 = CARTESIAN_POINT('',(-1.55,-0.11,0.725));
#4855 = CIRCLE('',#4856,0.2);
#4856 = AXIS2_PLACEMENT_3D('',#4857,#4858,#4859);
#4857 = CARTESIAN_POINT('',(-1.55,-0.11,0.525));
#4858 = DIRECTION('',(1.144237745222E-17,1.,-2.92542467909E-33));
#4859 = DIRECTION('',(-0.984807753012,1.126854202784E-17,0.173648177667)
  );
#4860 = ORIENTED_EDGE('',*,*,#4861,.T.);
#4861 = EDGE_CURVE('',#4853,#3349,#4862,.T.);
#4862 = LINE('',#4863,#4864);
#4863 = CARTESIAN_POINT('',(-1.55,-0.11,0.725));
#4864 = VECTOR('',#4865,1.);
#4865 = DIRECTION('',(1.,-1.144237745222E-17,0.));
#4866 = PLANE('',#4867);
#4867 = AXIS2_PLACEMENT_3D('',#4868,#4869,#4870);
#4868 = CARTESIAN_POINT('',(-1.868421083099,-0.11,0.283548691232));
#4869 = DIRECTION('',(1.144237745222E-17,1.,0.));
#4870 = DIRECTION('',(0.,-0.,1.));
#4871 = ADVANCED_FACE('',(#4872),#4891,.F.);
#4872 = FACE_BOUND('',#4873,.F.);
#4873 = EDGE_LOOP('',(#4874,#4875,#4884,#4890));
#4874 = ORIENTED_EDGE('',*,*,#3387,.T.);
#4875 = ORIENTED_EDGE('',*,*,#4876,.T.);
#4876 = EDGE_CURVE('',#3380,#4877,#4879,.T.);
#4877 = VERTEX_POINT('',#4878);
#4878 = CARTESIAN_POINT('',(-1.599240387651,0.11,0.533682408883));
#4879 = CIRCLE('',#4880,5.E-02);
#4880 = AXIS2_PLACEMENT_3D('',#4881,#4882,#4883);
#4881 = CARTESIAN_POINT('',(-1.55,0.11,0.525));
#4882 = DIRECTION('',(-1.144237745222E-17,-1.,0.));
#4883 = DIRECTION('',(0.,0.,1.));
#4884 = ORIENTED_EDGE('',*,*,#4885,.F.);
#4885 = EDGE_CURVE('',#4786,#4877,#4886,.T.);
#4886 = LINE('',#4887,#4888);
#4887 = CARTESIAN_POINT('',(-1.599240387651,-0.11,0.533682408883));
#4888 = VECTOR('',#4889,1.);
#4889 = DIRECTION('',(1.144237745222E-17,1.,0.));
#4890 = ORIENTED_EDGE('',*,*,#4785,.F.);
#4891 = CYLINDRICAL_SURFACE('',#4892,5.E-02);
#4892 = AXIS2_PLACEMENT_3D('',#4893,#4894,#4895);
#4893 = CARTESIAN_POINT('',(-1.55,-0.11,0.525));
#4894 = DIRECTION('',(-1.144237745222E-17,-1.,0.));
#4895 = DIRECTION('',(0.,0.,1.));
#4896 = ADVANCED_FACE('',(#4897),#4975,.T.);
#4897 = FACE_BOUND('',#4898,.T.);
#4898 = EDGE_LOOP('',(#4899,#4900,#4901,#4902,#4910,#4919,#4927,#4935,
    #4943,#4952,#4960,#4969));
#4899 = ORIENTED_EDGE('',*,*,#3401,.F.);
#4900 = ORIENTED_EDGE('',*,*,#3379,.T.);
#4901 = ORIENTED_EDGE('',*,*,#4876,.T.);
#4902 = ORIENTED_EDGE('',*,*,#4903,.T.);
#4903 = EDGE_CURVE('',#4877,#4904,#4906,.T.);
#4904 = VERTEX_POINT('',#4905);
#4905 = CARTESIAN_POINT('',(-1.660344718128,0.11,0.165270364467));
#4906 = LINE('',#4907,#4908);
#4907 = CARTESIAN_POINT('',(-1.599240387651,0.11,0.533682408883));
#4908 = VECTOR('',#4909,1.);
#4909 = DIRECTION('',(-0.163623369545,1.872240354333E-18,-0.986522880089
    ));
#4910 = ORIENTED_EDGE('',*,*,#4911,.T.);
#4911 = EDGE_CURVE('',#4904,#4912,#4914,.T.);
#4912 = VERTEX_POINT('',#4913);
#4913 = CARTESIAN_POINT('',(-1.85730626873,0.11,0.));
#4914 = CIRCLE('',#4915,0.2);
#4915 = AXIS2_PLACEMENT_3D('',#4916,#4917,#4918);
#4916 = CARTESIAN_POINT('',(-1.85730626873,0.11,0.2));
#4917 = DIRECTION('',(1.144237745222E-17,1.,2.764587543882E-33));
#4918 = DIRECTION('',(0.984807753012,-1.126854202784E-17,-0.173648177667
    ));
#4919 = ORIENTED_EDGE('',*,*,#4920,.T.);
#4920 = EDGE_CURVE('',#4912,#4921,#4923,.T.);
#4921 = VERTEX_POINT('',#4922);
#4922 = CARTESIAN_POINT('',(-2.45,0.11,0.));
#4923 = LINE('',#4924,#4925);
#4924 = CARTESIAN_POINT('',(-1.85730626873,0.11,0.));
#4925 = VECTOR('',#4926,1.);
#4926 = DIRECTION('',(-1.,1.144237745222E-17,0.));
#4927 = ORIENTED_EDGE('',*,*,#4928,.T.);
#4928 = EDGE_CURVE('',#4921,#4929,#4931,.T.);
#4929 = VERTEX_POINT('',#4930);
#4930 = CARTESIAN_POINT('',(-2.45,0.11,0.15));
#4931 = LINE('',#4932,#4933);
#4932 = CARTESIAN_POINT('',(-2.45,0.11,0.));
#4933 = VECTOR('',#4934,1.);
#4934 = DIRECTION('',(0.,0.,1.));
#4935 = ORIENTED_EDGE('',*,*,#4936,.T.);
#4936 = EDGE_CURVE('',#4929,#4937,#4939,.T.);
#4937 = VERTEX_POINT('',#4938);
#4938 = CARTESIAN_POINT('',(-1.85730626873,0.11,0.15));
#4939 = LINE('',#4940,#4941);
#4940 = CARTESIAN_POINT('',(-2.45,0.11,0.15));
#4941 = VECTOR('',#4942,1.);
#4942 = DIRECTION('',(1.,-1.144237745222E-17,0.));
#4943 = ORIENTED_EDGE('',*,*,#4944,.T.);
#4944 = EDGE_CURVE('',#4937,#4945,#4947,.T.);
#4945 = VERTEX_POINT('',#4946);
#4946 = CARTESIAN_POINT('',(-1.80806588108,0.11,0.191317591117));
#4947 = CIRCLE('',#4948,5.E-02);
#4948 = AXIS2_PLACEMENT_3D('',#4949,#4950,#4951);
#4949 = CARTESIAN_POINT('',(-1.85730626873,0.11,0.2));
#4950 = DIRECTION('',(-1.144237745222E-17,-1.,-0.));
#4951 = DIRECTION('',(0.,0.,-1.));
#4952 = ORIENTED_EDGE('',*,*,#4953,.T.);
#4953 = EDGE_CURVE('',#4945,#4954,#4956,.T.);
#4954 = VERTEX_POINT('',#4955);
#4955 = CARTESIAN_POINT('',(-1.746961550602,0.11,0.559729635533));
#4956 = LINE('',#4957,#4958);
#4957 = CARTESIAN_POINT('',(-1.80806588108,0.11,0.191317591117));
#4958 = VECTOR('',#4959,1.);
#4959 = DIRECTION('',(0.163623369545,-1.872240354333E-18,0.986522880089)
  );
#4960 = ORIENTED_EDGE('',*,*,#4961,.T.);
#4961 = EDGE_CURVE('',#4954,#4962,#4964,.T.);
#4962 = VERTEX_POINT('',#4963);
#4963 = CARTESIAN_POINT('',(-1.55,0.11,0.725));
#4964 = CIRCLE('',#4965,0.2);
#4965 = AXIS2_PLACEMENT_3D('',#4966,#4967,#4968);
#4966 = CARTESIAN_POINT('',(-1.55,0.11,0.525));
#4967 = DIRECTION('',(1.144237745222E-17,1.,-2.92542467909E-33));
#4968 = DIRECTION('',(-0.984807753012,1.126854202784E-17,0.173648177667)
  );
#4969 = ORIENTED_EDGE('',*,*,#4970,.T.);
#4970 = EDGE_CURVE('',#4962,#3402,#4971,.T.);
#4971 = LINE('',#4972,#4973);
#4972 = CARTESIAN_POINT('',(-1.55,0.11,0.725));
#4973 = VECTOR('',#4974,1.);
#4974 = DIRECTION('',(1.,-1.144237745222E-17,0.));
#4975 = PLANE('',#4976);
#4976 = AXIS2_PLACEMENT_3D('',#4977,#4978,#4979);
#4977 = CARTESIAN_POINT('',(-1.868421083099,0.11,0.283548691232));
#4978 = DIRECTION('',(1.144237745222E-17,1.,0.));
#4979 = DIRECTION('',(0.,-0.,1.));
#4980 = ADVANCED_FACE('',(#4981),#4997,.F.);
#4981 = FACE_BOUND('',#4982,.F.);
#4982 = EDGE_LOOP('',(#4983,#4984,#4990,#4991));
#4983 = ORIENTED_EDGE('',*,*,#3418,.T.);
#4984 = ORIENTED_EDGE('',*,*,#4985,.T.);
#4985 = EDGE_CURVE('',#3411,#4027,#4986,.T.);
#4986 = LINE('',#4987,#4988);
#4987 = CARTESIAN_POINT('',(-1.55,0.39,0.725));
#4988 = VECTOR('',#4989,1.);
#4989 = DIRECTION('',(1.,-1.144237745222E-17,0.));
#4990 = ORIENTED_EDGE('',*,*,#4026,.F.);
#4991 = ORIENTED_EDGE('',*,*,#4992,.F.);
#4992 = EDGE_CURVE('',#3402,#4019,#4993,.T.);
#4993 = LINE('',#4994,#4995);
#4994 = CARTESIAN_POINT('',(-1.55,0.11,0.725));
#4995 = VECTOR('',#4996,1.);
#4996 = DIRECTION('',(1.,-1.144237745222E-17,0.));
#4997 = PLANE('',#4998);
#4998 = AXIS2_PLACEMENT_3D('',#4999,#5000,#5001);
#4999 = CARTESIAN_POINT('',(-1.527474198549E-16,1.475,0.725));
#5000 = DIRECTION('',(1.474807988425E-32,-1.897177879498E-27,-1.));
#5001 = DIRECTION('',(1.,1.199334786602E-16,1.474807988402E-32));
#5002 = ADVANCED_FACE('',(#5003),#5089,.F.);
#5003 = FACE_BOUND('',#5004,.F.);
#5004 = EDGE_LOOP('',(#5005,#5006,#5007,#5016,#5024,#5033,#5041,#5049,
    #5057,#5066,#5074,#5083));
#5005 = ORIENTED_EDGE('',*,*,#3410,.F.);
#5006 = ORIENTED_EDGE('',*,*,#3432,.T.);
#5007 = ORIENTED_EDGE('',*,*,#5008,.T.);
#5008 = EDGE_CURVE('',#3433,#5009,#5011,.T.);
#5009 = VERTEX_POINT('',#5010);
#5010 = CARTESIAN_POINT('',(-1.599240387651,0.39,0.533682408883));
#5011 = CIRCLE('',#5012,5.E-02);
#5012 = AXIS2_PLACEMENT_3D('',#5013,#5014,#5015);
#5013 = CARTESIAN_POINT('',(-1.55,0.39,0.525));
#5014 = DIRECTION('',(-1.144237745222E-17,-1.,0.));
#5015 = DIRECTION('',(0.,0.,1.));
#5016 = ORIENTED_EDGE('',*,*,#5017,.T.);
#5017 = EDGE_CURVE('',#5009,#5018,#5020,.T.);
#5018 = VERTEX_POINT('',#5019);
#5019 = CARTESIAN_POINT('',(-1.660344718128,0.39,0.165270364467));
#5020 = LINE('',#5021,#5022);
#5021 = CARTESIAN_POINT('',(-1.599240387651,0.39,0.533682408883));
#5022 = VECTOR('',#5023,1.);
#5023 = DIRECTION('',(-0.163623369545,1.872240354333E-18,-0.986522880089
    ));
#5024 = ORIENTED_EDGE('',*,*,#5025,.T.);
#5025 = EDGE_CURVE('',#5018,#5026,#5028,.T.);
#5026 = VERTEX_POINT('',#5027);
#5027 = CARTESIAN_POINT('',(-1.85730626873,0.39,0.));
#5028 = CIRCLE('',#5029,0.2);
#5029 = AXIS2_PLACEMENT_3D('',#5030,#5031,#5032);
#5030 = CARTESIAN_POINT('',(-1.85730626873,0.39,0.2));
#5031 = DIRECTION('',(1.144237745222E-17,1.,2.764587543882E-33));
#5032 = DIRECTION('',(0.984807753012,-1.126854202784E-17,-0.173648177667
    ));
#5033 = ORIENTED_EDGE('',*,*,#5034,.T.);
#5034 = EDGE_CURVE('',#5026,#5035,#5037,.T.);
#5035 = VERTEX_POINT('',#5036);
#5036 = CARTESIAN_POINT('',(-2.45,0.39,0.));
#5037 = LINE('',#5038,#5039);
#5038 = CARTESIAN_POINT('',(-1.85730626873,0.39,0.));
#5039 = VECTOR('',#5040,1.);
#5040 = DIRECTION('',(-1.,1.144237745222E-17,0.));
#5041 = ORIENTED_EDGE('',*,*,#5042,.T.);
#5042 = EDGE_CURVE('',#5035,#5043,#5045,.T.);
#5043 = VERTEX_POINT('',#5044);
#5044 = CARTESIAN_POINT('',(-2.45,0.39,0.15));
#5045 = LINE('',#5046,#5047);
#5046 = CARTESIAN_POINT('',(-2.45,0.39,0.));
#5047 = VECTOR('',#5048,1.);
#5048 = DIRECTION('',(0.,0.,1.));
#5049 = ORIENTED_EDGE('',*,*,#5050,.T.);
#5050 = EDGE_CURVE('',#5043,#5051,#5053,.T.);
#5051 = VERTEX_POINT('',#5052);
#5052 = CARTESIAN_POINT('',(-1.85730626873,0.39,0.15));
#5053 = LINE('',#5054,#5055);
#5054 = CARTESIAN_POINT('',(-2.45,0.39,0.15));
#5055 = VECTOR('',#5056,1.);
#5056 = DIRECTION('',(1.,-1.144237745222E-17,0.));
#5057 = ORIENTED_EDGE('',*,*,#5058,.T.);
#5058 = EDGE_CURVE('',#5051,#5059,#5061,.T.);
#5059 = VERTEX_POINT('',#5060);
#5060 = CARTESIAN_POINT('',(-1.80806588108,0.39,0.191317591117));
#5061 = CIRCLE('',#5062,5.E-02);
#5062 = AXIS2_PLACEMENT_3D('',#5063,#5064,#5065);
#5063 = CARTESIAN_POINT('',(-1.85730626873,0.39,0.2));
#5064 = DIRECTION('',(-1.144237745222E-17,-1.,-0.));
#5065 = DIRECTION('',(0.,0.,-1.));
#5066 = ORIENTED_EDGE('',*,*,#5067,.T.);
#5067 = EDGE_CURVE('',#5059,#5068,#5070,.T.);
#5068 = VERTEX_POINT('',#5069);
#5069 = CARTESIAN_POINT('',(-1.746961550602,0.39,0.559729635533));
#5070 = LINE('',#5071,#5072);
#5071 = CARTESIAN_POINT('',(-1.80806588108,0.39,0.191317591117));
#5072 = VECTOR('',#5073,1.);
#5073 = DIRECTION('',(0.163623369545,-1.872240354333E-18,0.986522880089)
  );
#5074 = ORIENTED_EDGE('',*,*,#5075,.T.);
#5075 = EDGE_CURVE('',#5068,#5076,#5078,.T.);
#5076 = VERTEX_POINT('',#5077);
#5077 = CARTESIAN_POINT('',(-1.55,0.39,0.725));
#5078 = CIRCLE('',#5079,0.2);
#5079 = AXIS2_PLACEMENT_3D('',#5080,#5081,#5082);
#5080 = CARTESIAN_POINT('',(-1.55,0.39,0.525));
#5081 = DIRECTION('',(1.144237745222E-17,1.,-2.92542467909E-33));
#5082 = DIRECTION('',(-0.984807753012,1.126854202784E-17,0.173648177667)
  );
#5083 = ORIENTED_EDGE('',*,*,#5084,.T.);
#5084 = EDGE_CURVE('',#5076,#3411,#5085,.T.);
#5085 = LINE('',#5086,#5087);
#5086 = CARTESIAN_POINT('',(-1.55,0.39,0.725));
#5087 = VECTOR('',#5088,1.);
#5088 = DIRECTION('',(1.,-1.144237745222E-17,0.));
#5089 = PLANE('',#5090);
#5090 = AXIS2_PLACEMENT_3D('',#5091,#5092,#5093);
#5091 = CARTESIAN_POINT('',(-1.868421083099,0.39,0.283548691232));
#5092 = DIRECTION('',(1.144237745222E-17,1.,0.));
#5093 = DIRECTION('',(0.,-0.,1.));
#5094 = ADVANCED_FACE('',(#5095),#5114,.F.);
#5095 = FACE_BOUND('',#5096,.F.);
#5096 = EDGE_LOOP('',(#5097,#5098,#5107,#5113));
#5097 = ORIENTED_EDGE('',*,*,#3449,.T.);
#5098 = ORIENTED_EDGE('',*,*,#5099,.T.);
#5099 = EDGE_CURVE('',#3442,#5100,#5102,.T.);
#5100 = VERTEX_POINT('',#5101);
#5101 = CARTESIAN_POINT('',(-1.599240387651,0.61,0.533682408883));
#5102 = CIRCLE('',#5103,5.E-02);
#5103 = AXIS2_PLACEMENT_3D('',#5104,#5105,#5106);
#5104 = CARTESIAN_POINT('',(-1.55,0.61,0.525));
#5105 = DIRECTION('',(-1.144237745222E-17,-1.,0.));
#5106 = DIRECTION('',(0.,0.,1.));
#5107 = ORIENTED_EDGE('',*,*,#5108,.F.);
#5108 = EDGE_CURVE('',#5009,#5100,#5109,.T.);
#5109 = LINE('',#5110,#5111);
#5110 = CARTESIAN_POINT('',(-1.599240387651,0.39,0.533682408883));
#5111 = VECTOR('',#5112,1.);
#5112 = DIRECTION('',(1.144237745222E-17,1.,0.));
#5113 = ORIENTED_EDGE('',*,*,#5008,.F.);
#5114 = CYLINDRICAL_SURFACE('',#5115,5.E-02);
#5115 = AXIS2_PLACEMENT_3D('',#5116,#5117,#5118);
#5116 = CARTESIAN_POINT('',(-1.55,0.39,0.525));
#5117 = DIRECTION('',(-1.144237745222E-17,-1.,0.));
#5118 = DIRECTION('',(0.,0.,1.));
#5119 = ADVANCED_FACE('',(#5120),#5198,.T.);
#5120 = FACE_BOUND('',#5121,.T.);
#5121 = EDGE_LOOP('',(#5122,#5123,#5124,#5125,#5133,#5142,#5150,#5158,
    #5166,#5175,#5183,#5192));
#5122 = ORIENTED_EDGE('',*,*,#3463,.F.);
#5123 = ORIENTED_EDGE('',*,*,#3441,.T.);
#5124 = ORIENTED_EDGE('',*,*,#5099,.T.);
#5125 = ORIENTED_EDGE('',*,*,#5126,.T.);
#5126 = EDGE_CURVE('',#5100,#5127,#5129,.T.);
#5127 = VERTEX_POINT('',#5128);
#5128 = CARTESIAN_POINT('',(-1.660344718128,0.61,0.165270364467));
#5129 = LINE('',#5130,#5131);
#5130 = CARTESIAN_POINT('',(-1.599240387651,0.61,0.533682408883));
#5131 = VECTOR('',#5132,1.);
#5132 = DIRECTION('',(-0.163623369545,1.872240354333E-18,-0.986522880089
    ));
#5133 = ORIENTED_EDGE('',*,*,#5134,.T.);
#5134 = EDGE_CURVE('',#5127,#5135,#5137,.T.);
#5135 = VERTEX_POINT('',#5136);
#5136 = CARTESIAN_POINT('',(-1.85730626873,0.61,0.));
#5137 = CIRCLE('',#5138,0.2);
#5138 = AXIS2_PLACEMENT_3D('',#5139,#5140,#5141);
#5139 = CARTESIAN_POINT('',(-1.85730626873,0.61,0.2));
#5140 = DIRECTION('',(1.144237745222E-17,1.,2.764587543882E-33));
#5141 = DIRECTION('',(0.984807753012,-1.126854202784E-17,-0.173648177667
    ));
#5142 = ORIENTED_EDGE('',*,*,#5143,.T.);
#5143 = EDGE_CURVE('',#5135,#5144,#5146,.T.);
#5144 = VERTEX_POINT('',#5145);
#5145 = CARTESIAN_POINT('',(-2.45,0.61,0.));
#5146 = LINE('',#5147,#5148);
#5147 = CARTESIAN_POINT('',(-1.85730626873,0.61,0.));
#5148 = VECTOR('',#5149,1.);
#5149 = DIRECTION('',(-1.,1.144237745222E-17,0.));
#5150 = ORIENTED_EDGE('',*,*,#5151,.T.);
#5151 = EDGE_CURVE('',#5144,#5152,#5154,.T.);
#5152 = VERTEX_POINT('',#5153);
#5153 = CARTESIAN_POINT('',(-2.45,0.61,0.15));
#5154 = LINE('',#5155,#5156);
#5155 = CARTESIAN_POINT('',(-2.45,0.61,0.));
#5156 = VECTOR('',#5157,1.);
#5157 = DIRECTION('',(0.,0.,1.));
#5158 = ORIENTED_EDGE('',*,*,#5159,.T.);
#5159 = EDGE_CURVE('',#5152,#5160,#5162,.T.);
#5160 = VERTEX_POINT('',#5161);
#5161 = CARTESIAN_POINT('',(-1.85730626873,0.61,0.15));
#5162 = LINE('',#5163,#5164);
#5163 = CARTESIAN_POINT('',(-2.45,0.61,0.15));
#5164 = VECTOR('',#5165,1.);
#5165 = DIRECTION('',(1.,-1.144237745222E-17,0.));
#5166 = ORIENTED_EDGE('',*,*,#5167,.T.);
#5167 = EDGE_CURVE('',#5160,#5168,#5170,.T.);
#5168 = VERTEX_POINT('',#5169);
#5169 = CARTESIAN_POINT('',(-1.80806588108,0.61,0.191317591117));
#5170 = CIRCLE('',#5171,5.E-02);
#5171 = AXIS2_PLACEMENT_3D('',#5172,#5173,#5174);
#5172 = CARTESIAN_POINT('',(-1.85730626873,0.61,0.2));
#5173 = DIRECTION('',(-1.144237745222E-17,-1.,-0.));
#5174 = DIRECTION('',(0.,0.,-1.));
#5175 = ORIENTED_EDGE('',*,*,#5176,.T.);
#5176 = EDGE_CURVE('',#5168,#5177,#5179,.T.);
#5177 = VERTEX_POINT('',#5178);
#5178 = CARTESIAN_POINT('',(-1.746961550602,0.61,0.559729635533));
#5179 = LINE('',#5180,#5181);
#5180 = CARTESIAN_POINT('',(-1.80806588108,0.61,0.191317591117));
#5181 = VECTOR('',#5182,1.);
#5182 = DIRECTION('',(0.163623369545,-1.872240354333E-18,0.986522880089)
  );
#5183 = ORIENTED_EDGE('',*,*,#5184,.T.);
#5184 = EDGE_CURVE('',#5177,#5185,#5187,.T.);
#5185 = VERTEX_POINT('',#5186);
#5186 = CARTESIAN_POINT('',(-1.55,0.61,0.725));
#5187 = CIRCLE('',#5188,0.2);
#5188 = AXIS2_PLACEMENT_3D('',#5189,#5190,#5191);
#5189 = CARTESIAN_POINT('',(-1.55,0.61,0.525));
#5190 = DIRECTION('',(1.144237745222E-17,1.,-2.92542467909E-33));
#5191 = DIRECTION('',(-0.984807753012,1.126854202784E-17,0.173648177667)
  );
#5192 = ORIENTED_EDGE('',*,*,#5193,.T.);
#5193 = EDGE_CURVE('',#5185,#3464,#5194,.T.);
#5194 = LINE('',#5195,#5196);
#5195 = CARTESIAN_POINT('',(-1.55,0.61,0.725));
#5196 = VECTOR('',#5197,1.);
#5197 = DIRECTION('',(1.,-1.144237745222E-17,0.));
#5198 = PLANE('',#5199);
#5199 = AXIS2_PLACEMENT_3D('',#5200,#5201,#5202);
#5200 = CARTESIAN_POINT('',(-1.868421083099,0.61,0.283548691232));
#5201 = DIRECTION('',(1.144237745222E-17,1.,0.));
#5202 = DIRECTION('',(0.,-0.,1.));
#5203 = ADVANCED_FACE('',(#5204),#5215,.F.);
#5204 = FACE_BOUND('',#5205,.F.);
#5205 = EDGE_LOOP('',(#5206,#5207,#5208,#5209));
#5206 = ORIENTED_EDGE('',*,*,#3480,.T.);
#5207 = ORIENTED_EDGE('',*,*,#3962,.T.);
#5208 = ORIENTED_EDGE('',*,*,#4042,.F.);
#5209 = ORIENTED_EDGE('',*,*,#5210,.F.);
#5210 = EDGE_CURVE('',#3464,#4035,#5211,.T.);
#5211 = LINE('',#5212,#5213);
#5212 = CARTESIAN_POINT('',(-1.55,0.61,0.725));
#5213 = VECTOR('',#5214,1.);
#5214 = DIRECTION('',(1.,-1.144237745222E-17,0.));
#5215 = PLANE('',#5216);
#5216 = AXIS2_PLACEMENT_3D('',#5217,#5218,#5219);
#5217 = CARTESIAN_POINT('',(-1.527474198549E-16,1.475,0.725));
#5218 = DIRECTION('',(1.474807988425E-32,-1.897177879498E-27,-1.));
#5219 = DIRECTION('',(1.,1.199334786602E-16,1.474807988402E-32));
#5220 = ADVANCED_FACE('',(#5221),#5300,.F.);
#5221 = FACE_BOUND('',#5222,.F.);
#5222 = EDGE_LOOP('',(#5223,#5224,#5225,#5234,#5242,#5251,#5259,#5267,
    #5275,#5284,#5292,#5299));
#5223 = ORIENTED_EDGE('',*,*,#3472,.F.);
#5224 = ORIENTED_EDGE('',*,*,#3494,.T.);
#5225 = ORIENTED_EDGE('',*,*,#5226,.T.);
#5226 = EDGE_CURVE('',#3495,#5227,#5229,.T.);
#5227 = VERTEX_POINT('',#5228);
#5228 = CARTESIAN_POINT('',(-1.599240387651,0.89,0.533682408883));
#5229 = CIRCLE('',#5230,5.E-02);
#5230 = AXIS2_PLACEMENT_3D('',#5231,#5232,#5233);
#5231 = CARTESIAN_POINT('',(-1.55,0.89,0.525));
#5232 = DIRECTION('',(-1.144237745222E-17,-1.,0.));
#5233 = DIRECTION('',(0.,0.,1.));
#5234 = ORIENTED_EDGE('',*,*,#5235,.T.);
#5235 = EDGE_CURVE('',#5227,#5236,#5238,.T.);
#5236 = VERTEX_POINT('',#5237);
#5237 = CARTESIAN_POINT('',(-1.660344718128,0.89,0.165270364467));
#5238 = LINE('',#5239,#5240);
#5239 = CARTESIAN_POINT('',(-1.599240387651,0.89,0.533682408883));
#5240 = VECTOR('',#5241,1.);
#5241 = DIRECTION('',(-0.163623369545,1.872240354333E-18,-0.986522880089
    ));
#5242 = ORIENTED_EDGE('',*,*,#5243,.T.);
#5243 = EDGE_CURVE('',#5236,#5244,#5246,.T.);
#5244 = VERTEX_POINT('',#5245);
#5245 = CARTESIAN_POINT('',(-1.85730626873,0.89,0.));
#5246 = CIRCLE('',#5247,0.2);
#5247 = AXIS2_PLACEMENT_3D('',#5248,#5249,#5250);
#5248 = CARTESIAN_POINT('',(-1.85730626873,0.89,0.2));
#5249 = DIRECTION('',(1.144237745222E-17,1.,2.764587543882E-33));
#5250 = DIRECTION('',(0.984807753012,-1.126854202784E-17,-0.173648177667
    ));
#5251 = ORIENTED_EDGE('',*,*,#5252,.T.);
#5252 = EDGE_CURVE('',#5244,#5253,#5255,.T.);
#5253 = VERTEX_POINT('',#5254);
#5254 = CARTESIAN_POINT('',(-2.45,0.89,0.));
#5255 = LINE('',#5256,#5257);
#5256 = CARTESIAN_POINT('',(-1.85730626873,0.89,0.));
#5257 = VECTOR('',#5258,1.);
#5258 = DIRECTION('',(-1.,1.144237745222E-17,0.));
#5259 = ORIENTED_EDGE('',*,*,#5260,.T.);
#5260 = EDGE_CURVE('',#5253,#5261,#5263,.T.);
#5261 = VERTEX_POINT('',#5262);
#5262 = CARTESIAN_POINT('',(-2.45,0.89,0.15));
#5263 = LINE('',#5264,#5265);
#5264 = CARTESIAN_POINT('',(-2.45,0.89,0.));
#5265 = VECTOR('',#5266,1.);
#5266 = DIRECTION('',(0.,0.,1.));
#5267 = ORIENTED_EDGE('',*,*,#5268,.T.);
#5268 = EDGE_CURVE('',#5261,#5269,#5271,.T.);
#5269 = VERTEX_POINT('',#5270);
#5270 = CARTESIAN_POINT('',(-1.85730626873,0.89,0.15));
#5271 = LINE('',#5272,#5273);
#5272 = CARTESIAN_POINT('',(-2.45,0.89,0.15));
#5273 = VECTOR('',#5274,1.);
#5274 = DIRECTION('',(1.,-1.144237745222E-17,0.));
#5275 = ORIENTED_EDGE('',*,*,#5276,.T.);
#5276 = EDGE_CURVE('',#5269,#5277,#5279,.T.);
#5277 = VERTEX_POINT('',#5278);
#5278 = CARTESIAN_POINT('',(-1.80806588108,0.89,0.191317591117));
#5279 = CIRCLE('',#5280,5.E-02);
#5280 = AXIS2_PLACEMENT_3D('',#5281,#5282,#5283);
#5281 = CARTESIAN_POINT('',(-1.85730626873,0.89,0.2));
#5282 = DIRECTION('',(-1.144237745222E-17,-1.,-0.));
#5283 = DIRECTION('',(0.,0.,-1.));
#5284 = ORIENTED_EDGE('',*,*,#5285,.T.);
#5285 = EDGE_CURVE('',#5277,#5286,#5288,.T.);
#5286 = VERTEX_POINT('',#5287);
#5287 = CARTESIAN_POINT('',(-1.746961550602,0.89,0.559729635533));
#5288 = LINE('',#5289,#5290);
#5289 = CARTESIAN_POINT('',(-1.80806588108,0.89,0.191317591117));
#5290 = VECTOR('',#5291,1.);
#5291 = DIRECTION('',(0.163623369545,-1.872240354333E-18,0.986522880089)
  );
#5292 = ORIENTED_EDGE('',*,*,#5293,.T.);
#5293 = EDGE_CURVE('',#5286,#3932,#5294,.T.);
#5294 = CIRCLE('',#5295,0.2);
#5295 = AXIS2_PLACEMENT_3D('',#5296,#5297,#5298);
#5296 = CARTESIAN_POINT('',(-1.55,0.89,0.525));
#5297 = DIRECTION('',(1.144237745222E-17,1.,-2.92542467909E-33));
#5298 = DIRECTION('',(-0.984807753012,1.126854202784E-17,0.173648177667)
  );
#5299 = ORIENTED_EDGE('',*,*,#3931,.T.);
#5300 = PLANE('',#5301);
#5301 = AXIS2_PLACEMENT_3D('',#5302,#5303,#5304);
#5302 = CARTESIAN_POINT('',(-1.868421083099,0.89,0.283548691232));
#5303 = DIRECTION('',(1.144237745222E-17,1.,0.));
#5304 = DIRECTION('',(0.,-0.,1.));
#5305 = ADVANCED_FACE('',(#5306),#5325,.F.);
#5306 = FACE_BOUND('',#5307,.F.);
#5307 = EDGE_LOOP('',(#5308,#5309,#5318,#5324));
#5308 = ORIENTED_EDGE('',*,*,#3511,.T.);
#5309 = ORIENTED_EDGE('',*,*,#5310,.T.);
#5310 = EDGE_CURVE('',#3504,#5311,#5313,.T.);
#5311 = VERTEX_POINT('',#5312);
#5312 = CARTESIAN_POINT('',(-1.599240387651,1.11,0.533682408883));
#5313 = CIRCLE('',#5314,5.E-02);
#5314 = AXIS2_PLACEMENT_3D('',#5315,#5316,#5317);
#5315 = CARTESIAN_POINT('',(-1.55,1.11,0.525));
#5316 = DIRECTION('',(-1.144237745222E-17,-1.,0.));
#5317 = DIRECTION('',(0.,0.,1.));
#5318 = ORIENTED_EDGE('',*,*,#5319,.F.);
#5319 = EDGE_CURVE('',#5227,#5311,#5320,.T.);
#5320 = LINE('',#5321,#5322);
#5321 = CARTESIAN_POINT('',(-1.599240387651,0.89,0.533682408883));
#5322 = VECTOR('',#5323,1.);
#5323 = DIRECTION('',(1.144237745222E-17,1.,0.));
#5324 = ORIENTED_EDGE('',*,*,#5226,.F.);
#5325 = CYLINDRICAL_SURFACE('',#5326,5.E-02);
#5326 = AXIS2_PLACEMENT_3D('',#5327,#5328,#5329);
#5327 = CARTESIAN_POINT('',(-1.55,0.89,0.525));
#5328 = DIRECTION('',(-1.144237745222E-17,-1.,0.));
#5329 = DIRECTION('',(0.,0.,1.));
#5330 = ADVANCED_FACE('',(#5331),#5402,.T.);
#5331 = FACE_BOUND('',#5332,.T.);
#5332 = EDGE_LOOP('',(#5333,#5334,#5335,#5336,#5344,#5353,#5361,#5369,
    #5377,#5386,#5394,#5401));
#5333 = ORIENTED_EDGE('',*,*,#3525,.F.);
#5334 = ORIENTED_EDGE('',*,*,#3503,.T.);
#5335 = ORIENTED_EDGE('',*,*,#5310,.T.);
#5336 = ORIENTED_EDGE('',*,*,#5337,.T.);
#5337 = EDGE_CURVE('',#5311,#5338,#5340,.T.);
#5338 = VERTEX_POINT('',#5339);
#5339 = CARTESIAN_POINT('',(-1.660344718128,1.11,0.165270364467));
#5340 = LINE('',#5341,#5342);
#5341 = CARTESIAN_POINT('',(-1.599240387651,1.11,0.533682408883));
#5342 = VECTOR('',#5343,1.);
#5343 = DIRECTION('',(-0.163623369545,1.872240354333E-18,-0.986522880089
    ));
#5344 = ORIENTED_EDGE('',*,*,#5345,.T.);
#5345 = EDGE_CURVE('',#5338,#5346,#5348,.T.);
#5346 = VERTEX_POINT('',#5347);
#5347 = CARTESIAN_POINT('',(-1.85730626873,1.11,0.));
#5348 = CIRCLE('',#5349,0.2);
#5349 = AXIS2_PLACEMENT_3D('',#5350,#5351,#5352);
#5350 = CARTESIAN_POINT('',(-1.85730626873,1.11,0.2));
#5351 = DIRECTION('',(1.144237745222E-17,1.,2.764587543882E-33));
#5352 = DIRECTION('',(0.984807753012,-1.126854202784E-17,-0.173648177667
    ));
#5353 = ORIENTED_EDGE('',*,*,#5354,.T.);
#5354 = EDGE_CURVE('',#5346,#5355,#5357,.T.);
#5355 = VERTEX_POINT('',#5356);
#5356 = CARTESIAN_POINT('',(-2.45,1.11,0.));
#5357 = LINE('',#5358,#5359);
#5358 = CARTESIAN_POINT('',(-1.85730626873,1.11,0.));
#5359 = VECTOR('',#5360,1.);
#5360 = DIRECTION('',(-1.,1.144237745222E-17,0.));
#5361 = ORIENTED_EDGE('',*,*,#5362,.T.);
#5362 = EDGE_CURVE('',#5355,#5363,#5365,.T.);
#5363 = VERTEX_POINT('',#5364);
#5364 = CARTESIAN_POINT('',(-2.45,1.11,0.15));
#5365 = LINE('',#5366,#5367);
#5366 = CARTESIAN_POINT('',(-2.45,1.11,0.));
#5367 = VECTOR('',#5368,1.);
#5368 = DIRECTION('',(0.,0.,1.));
#5369 = ORIENTED_EDGE('',*,*,#5370,.T.);
#5370 = EDGE_CURVE('',#5363,#5371,#5373,.T.);
#5371 = VERTEX_POINT('',#5372);
#5372 = CARTESIAN_POINT('',(-1.85730626873,1.11,0.15));
#5373 = LINE('',#5374,#5375);
#5374 = CARTESIAN_POINT('',(-2.45,1.11,0.15));
#5375 = VECTOR('',#5376,1.);
#5376 = DIRECTION('',(1.,-1.144237745222E-17,0.));
#5377 = ORIENTED_EDGE('',*,*,#5378,.T.);
#5378 = EDGE_CURVE('',#5371,#5379,#5381,.T.);
#5379 = VERTEX_POINT('',#5380);
#5380 = CARTESIAN_POINT('',(-1.80806588108,1.11,0.191317591117));
#5381 = CIRCLE('',#5382,5.E-02);
#5382 = AXIS2_PLACEMENT_3D('',#5383,#5384,#5385);
#5383 = CARTESIAN_POINT('',(-1.85730626873,1.11,0.2));
#5384 = DIRECTION('',(-1.144237745222E-17,-1.,-0.));
#5385 = DIRECTION('',(0.,0.,-1.));
#5386 = ORIENTED_EDGE('',*,*,#5387,.T.);
#5387 = EDGE_CURVE('',#5379,#5388,#5390,.T.);
#5388 = VERTEX_POINT('',#5389);
#5389 = CARTESIAN_POINT('',(-1.746961550602,1.11,0.559729635533));
#5390 = LINE('',#5391,#5392);
#5391 = CARTESIAN_POINT('',(-1.80806588108,1.11,0.191317591117));
#5392 = VECTOR('',#5393,1.);
#5393 = DIRECTION('',(0.163623369545,-1.872240354333E-18,0.986522880089)
  );
#5394 = ORIENTED_EDGE('',*,*,#5395,.T.);
#5395 = EDGE_CURVE('',#5388,#3940,#5396,.T.);
#5396 = CIRCLE('',#5397,0.2);
#5397 = AXIS2_PLACEMENT_3D('',#5398,#5399,#5400);
#5398 = CARTESIAN_POINT('',(-1.55,1.11,0.525));
#5399 = DIRECTION('',(1.144237745222E-17,1.,-2.92542467909E-33));
#5400 = DIRECTION('',(-0.984807753012,1.126854202784E-17,0.173648177667)
  );
#5401 = ORIENTED_EDGE('',*,*,#3947,.T.);
#5402 = PLANE('',#5403);
#5403 = AXIS2_PLACEMENT_3D('',#5404,#5405,#5406);
#5404 = CARTESIAN_POINT('',(-1.868421083099,1.11,0.283548691232));
#5405 = DIRECTION('',(1.144237745222E-17,1.,0.));
#5406 = DIRECTION('',(0.,-0.,1.));
#5407 = ADVANCED_FACE('',(#5408),#5487,.F.);
#5408 = FACE_BOUND('',#5409,.F.);
#5409 = EDGE_LOOP('',(#5410,#5411,#5412,#5421,#5429,#5438,#5446,#5454,
    #5462,#5471,#5479,#5486));
#5410 = ORIENTED_EDGE('',*,*,#3544,.F.);
#5411 = ORIENTED_EDGE('',*,*,#3559,.T.);
#5412 = ORIENTED_EDGE('',*,*,#5413,.T.);
#5413 = EDGE_CURVE('',#3560,#5414,#5416,.T.);
#5414 = VERTEX_POINT('',#5415);
#5415 = CARTESIAN_POINT('',(1.599240387651,1.11,0.533682408883));
#5416 = CIRCLE('',#5417,5.E-02);
#5417 = AXIS2_PLACEMENT_3D('',#5418,#5419,#5420);
#5418 = CARTESIAN_POINT('',(1.55,1.11,0.525));
#5419 = DIRECTION('',(-1.110223024625E-16,1.,0.));
#5420 = DIRECTION('',(0.,0.,1.));
#5421 = ORIENTED_EDGE('',*,*,#5422,.T.);
#5422 = EDGE_CURVE('',#5414,#5423,#5425,.T.);
#5423 = VERTEX_POINT('',#5424);
#5424 = CARTESIAN_POINT('',(1.660344718128,1.11,0.165270364467));
#5425 = LINE('',#5426,#5427);
#5426 = CARTESIAN_POINT('',(1.599240387651,1.11,0.533682408883));
#5427 = VECTOR('',#5428,1.);
#5428 = DIRECTION('',(0.163623369545,1.816584322351E-17,-0.986522880089)
  );
#5429 = ORIENTED_EDGE('',*,*,#5430,.T.);
#5430 = EDGE_CURVE('',#5423,#5431,#5433,.T.);
#5431 = VERTEX_POINT('',#5432);
#5432 = CARTESIAN_POINT('',(1.85730626873,1.11,0.));
#5433 = CIRCLE('',#5434,0.2);
#5434 = AXIS2_PLACEMENT_3D('',#5435,#5436,#5437);
#5435 = CARTESIAN_POINT('',(1.85730626873,1.11,0.2));
#5436 = DIRECTION('',(1.110223024625E-16,-1.,-6.255634725081E-34));
#5437 = DIRECTION('',(-0.984807753012,-1.093356242223E-16,
    -0.173648177667));
#5438 = ORIENTED_EDGE('',*,*,#5439,.T.);
#5439 = EDGE_CURVE('',#5431,#5440,#5442,.T.);
#5440 = VERTEX_POINT('',#5441);
#5441 = CARTESIAN_POINT('',(2.45,1.11,0.));
#5442 = LINE('',#5443,#5444);
#5443 = CARTESIAN_POINT('',(1.85730626873,1.11,0.));
#5444 = VECTOR('',#5445,1.);
#5445 = DIRECTION('',(1.,1.110223024625E-16,0.));
#5446 = ORIENTED_EDGE('',*,*,#5447,.T.);
#5447 = EDGE_CURVE('',#5440,#5448,#5450,.T.);
#5448 = VERTEX_POINT('',#5449);
#5449 = CARTESIAN_POINT('',(2.45,1.11,0.15));
#5450 = LINE('',#5451,#5452);
#5451 = CARTESIAN_POINT('',(2.45,1.11,0.));
#5452 = VECTOR('',#5453,1.);
#5453 = DIRECTION('',(0.,0.,1.));
#5454 = ORIENTED_EDGE('',*,*,#5455,.T.);
#5455 = EDGE_CURVE('',#5448,#5456,#5458,.T.);
#5456 = VERTEX_POINT('',#5457);
#5457 = CARTESIAN_POINT('',(1.85730626873,1.11,0.15));
#5458 = LINE('',#5459,#5460);
#5459 = CARTESIAN_POINT('',(2.45,1.11,0.15));
#5460 = VECTOR('',#5461,1.);
#5461 = DIRECTION('',(-1.,-1.110223024625E-16,0.));
#5462 = ORIENTED_EDGE('',*,*,#5463,.T.);
#5463 = EDGE_CURVE('',#5456,#5464,#5466,.T.);
#5464 = VERTEX_POINT('',#5465);
#5465 = CARTESIAN_POINT('',(1.80806588108,1.11,0.191317591117));
#5466 = CIRCLE('',#5467,5.E-02);
#5467 = AXIS2_PLACEMENT_3D('',#5468,#5469,#5470);
#5468 = CARTESIAN_POINT('',(1.85730626873,1.11,0.2));
#5469 = DIRECTION('',(-1.110223024625E-16,1.,0.));
#5470 = DIRECTION('',(0.,0.,-1.));
#5471 = ORIENTED_EDGE('',*,*,#5472,.T.);
#5472 = EDGE_CURVE('',#5464,#5473,#5475,.T.);
#5473 = VERTEX_POINT('',#5474);
#5474 = CARTESIAN_POINT('',(1.746961550602,1.11,0.559729635533));
#5475 = LINE('',#5476,#5477);
#5476 = CARTESIAN_POINT('',(1.80806588108,1.11,0.191317591117));
#5477 = VECTOR('',#5478,1.);
#5478 = DIRECTION('',(-0.163623369545,-1.816584322351E-17,0.986522880089
    ));
#5479 = ORIENTED_EDGE('',*,*,#5480,.T.);
#5480 = EDGE_CURVE('',#5473,#4251,#5481,.T.);
#5481 = CIRCLE('',#5482,0.2);
#5482 = AXIS2_PLACEMENT_3D('',#5483,#5484,#5485);
#5483 = CARTESIAN_POINT('',(1.55,1.11,0.525));
#5484 = DIRECTION('',(1.110223024625E-16,-1.,-6.255634725081E-34));
#5485 = DIRECTION('',(0.984807753012,1.093356242223E-16,0.173648177667)
  );
#5486 = ORIENTED_EDGE('',*,*,#4250,.T.);
#5487 = PLANE('',#5488);
#5488 = AXIS2_PLACEMENT_3D('',#5489,#5490,#5491);
#5489 = CARTESIAN_POINT('',(1.868421083099,1.11,0.283548691232));
#5490 = DIRECTION('',(1.110223024625E-16,-1.,0.));
#5491 = DIRECTION('',(0.,0.,1.));
#5492 = ADVANCED_FACE('',(#5493),#5512,.F.);
#5493 = FACE_BOUND('',#5494,.F.);
#5494 = EDGE_LOOP('',(#5495,#5496,#5505,#5511));
#5495 = ORIENTED_EDGE('',*,*,#3576,.T.);
#5496 = ORIENTED_EDGE('',*,*,#5497,.T.);
#5497 = EDGE_CURVE('',#3569,#5498,#5500,.T.);
#5498 = VERTEX_POINT('',#5499);
#5499 = CARTESIAN_POINT('',(1.599240387651,0.89,0.533682408883));
#5500 = CIRCLE('',#5501,5.E-02);
#5501 = AXIS2_PLACEMENT_3D('',#5502,#5503,#5504);
#5502 = CARTESIAN_POINT('',(1.55,0.89,0.525));
#5503 = DIRECTION('',(-1.110223024625E-16,1.,0.));
#5504 = DIRECTION('',(0.,0.,1.));
#5505 = ORIENTED_EDGE('',*,*,#5506,.F.);
#5506 = EDGE_CURVE('',#5414,#5498,#5507,.T.);
#5507 = LINE('',#5508,#5509);
#5508 = CARTESIAN_POINT('',(1.599240387651,1.11,0.533682408883));
#5509 = VECTOR('',#5510,1.);
#5510 = DIRECTION('',(1.110223024625E-16,-1.,0.));
#5511 = ORIENTED_EDGE('',*,*,#5413,.F.);
#5512 = CYLINDRICAL_SURFACE('',#5513,5.E-02);
#5513 = AXIS2_PLACEMENT_3D('',#5514,#5515,#5516);
#5514 = CARTESIAN_POINT('',(1.55,1.11,0.525));
#5515 = DIRECTION('',(-1.110223024625E-16,1.,0.));
#5516 = DIRECTION('',(0.,0.,1.));
#5517 = ADVANCED_FACE('',(#5518),#5589,.T.);
#5518 = FACE_BOUND('',#5519,.T.);
#5519 = EDGE_LOOP('',(#5520,#5521,#5522,#5523,#5531,#5540,#5548,#5556,
    #5564,#5573,#5581,#5588));
#5520 = ORIENTED_EDGE('',*,*,#3590,.F.);
#5521 = ORIENTED_EDGE('',*,*,#3568,.T.);
#5522 = ORIENTED_EDGE('',*,*,#5497,.T.);
#5523 = ORIENTED_EDGE('',*,*,#5524,.T.);
#5524 = EDGE_CURVE('',#5498,#5525,#5527,.T.);
#5525 = VERTEX_POINT('',#5526);
#5526 = CARTESIAN_POINT('',(1.660344718128,0.89,0.165270364467));
#5527 = LINE('',#5528,#5529);
#5528 = CARTESIAN_POINT('',(1.599240387651,0.89,0.533682408883));
#5529 = VECTOR('',#5530,1.);
#5530 = DIRECTION('',(0.163623369545,1.816584322351E-17,-0.986522880089)
  );
#5531 = ORIENTED_EDGE('',*,*,#5532,.T.);
#5532 = EDGE_CURVE('',#5525,#5533,#5535,.T.);
#5533 = VERTEX_POINT('',#5534);
#5534 = CARTESIAN_POINT('',(1.85730626873,0.89,0.));
#5535 = CIRCLE('',#5536,0.2);
#5536 = AXIS2_PLACEMENT_3D('',#5537,#5538,#5539);
#5537 = CARTESIAN_POINT('',(1.85730626873,0.89,0.2));
#5538 = DIRECTION('',(1.110223024625E-16,-1.,-6.255634725081E-34));
#5539 = DIRECTION('',(-0.984807753012,-1.093356242223E-16,
    -0.173648177667));
#5540 = ORIENTED_EDGE('',*,*,#5541,.T.);
#5541 = EDGE_CURVE('',#5533,#5542,#5544,.T.);
#5542 = VERTEX_POINT('',#5543);
#5543 = CARTESIAN_POINT('',(2.45,0.89,0.));
#5544 = LINE('',#5545,#5546);
#5545 = CARTESIAN_POINT('',(1.85730626873,0.89,0.));
#5546 = VECTOR('',#5547,1.);
#5547 = DIRECTION('',(1.,1.110223024625E-16,0.));
#5548 = ORIENTED_EDGE('',*,*,#5549,.T.);
#5549 = EDGE_CURVE('',#5542,#5550,#5552,.T.);
#5550 = VERTEX_POINT('',#5551);
#5551 = CARTESIAN_POINT('',(2.45,0.89,0.15));
#5552 = LINE('',#5553,#5554);
#5553 = CARTESIAN_POINT('',(2.45,0.89,0.));
#5554 = VECTOR('',#5555,1.);
#5555 = DIRECTION('',(0.,0.,1.));
#5556 = ORIENTED_EDGE('',*,*,#5557,.T.);
#5557 = EDGE_CURVE('',#5550,#5558,#5560,.T.);
#5558 = VERTEX_POINT('',#5559);
#5559 = CARTESIAN_POINT('',(1.85730626873,0.89,0.15));
#5560 = LINE('',#5561,#5562);
#5561 = CARTESIAN_POINT('',(2.45,0.89,0.15));
#5562 = VECTOR('',#5563,1.);
#5563 = DIRECTION('',(-1.,-1.110223024625E-16,0.));
#5564 = ORIENTED_EDGE('',*,*,#5565,.T.);
#5565 = EDGE_CURVE('',#5558,#5566,#5568,.T.);
#5566 = VERTEX_POINT('',#5567);
#5567 = CARTESIAN_POINT('',(1.80806588108,0.89,0.191317591117));
#5568 = CIRCLE('',#5569,5.E-02);
#5569 = AXIS2_PLACEMENT_3D('',#5570,#5571,#5572);
#5570 = CARTESIAN_POINT('',(1.85730626873,0.89,0.2));
#5571 = DIRECTION('',(-1.110223024625E-16,1.,0.));
#5572 = DIRECTION('',(0.,0.,-1.));
#5573 = ORIENTED_EDGE('',*,*,#5574,.T.);
#5574 = EDGE_CURVE('',#5566,#5575,#5577,.T.);
#5575 = VERTEX_POINT('',#5576);
#5576 = CARTESIAN_POINT('',(1.746961550602,0.89,0.559729635533));
#5577 = LINE('',#5578,#5579);
#5578 = CARTESIAN_POINT('',(1.80806588108,0.89,0.191317591117));
#5579 = VECTOR('',#5580,1.);
#5580 = DIRECTION('',(-0.163623369545,-1.816584322351E-17,0.986522880089
    ));
#5581 = ORIENTED_EDGE('',*,*,#5582,.T.);
#5582 = EDGE_CURVE('',#5575,#4259,#5583,.T.);
#5583 = CIRCLE('',#5584,0.2);
#5584 = AXIS2_PLACEMENT_3D('',#5585,#5586,#5587);
#5585 = CARTESIAN_POINT('',(1.55,0.89,0.525));
#5586 = DIRECTION('',(1.110223024625E-16,-1.,-6.255634725081E-34));
#5587 = DIRECTION('',(0.984807753012,1.093356242223E-16,0.173648177667)
  );
#5588 = ORIENTED_EDGE('',*,*,#4266,.T.);
#5589 = PLANE('',#5590);
#5590 = AXIS2_PLACEMENT_3D('',#5591,#5592,#5593);
#5591 = CARTESIAN_POINT('',(1.868421083099,0.89,0.283548691232));
#5592 = DIRECTION('',(1.110223024625E-16,-1.,0.));
#5593 = DIRECTION('',(0.,0.,1.));
#5594 = ADVANCED_FACE('',(#5595),#5606,.F.);
#5595 = FACE_BOUND('',#5596,.F.);
#5596 = EDGE_LOOP('',(#5597,#5598,#5599,#5605));
#5597 = ORIENTED_EDGE('',*,*,#4272,.F.);
#5598 = ORIENTED_EDGE('',*,*,#3607,.T.);
#5599 = ORIENTED_EDGE('',*,*,#5600,.T.);
#5600 = EDGE_CURVE('',#3600,#4157,#5601,.T.);
#5601 = LINE('',#5602,#5603);
#5602 = CARTESIAN_POINT('',(1.55,0.61,0.725));
#5603 = VECTOR('',#5604,1.);
#5604 = DIRECTION('',(-1.,-1.110223024625E-16,0.));
#5605 = ORIENTED_EDGE('',*,*,#4156,.F.);
#5606 = PLANE('',#5607);
#5607 = AXIS2_PLACEMENT_3D('',#5608,#5609,#5610);
#5608 = CARTESIAN_POINT('',(-1.527474198549E-16,1.475,0.725));
#5609 = DIRECTION('',(1.474807988425E-32,-1.897177879498E-27,-1.));
#5610 = DIRECTION('',(1.,1.199334786602E-16,1.474807988402E-32));
#5611 = ADVANCED_FACE('',(#5612),#5698,.F.);
#5612 = FACE_BOUND('',#5613,.F.);
#5613 = EDGE_LOOP('',(#5614,#5615,#5616,#5625,#5633,#5642,#5650,#5658,
    #5666,#5675,#5683,#5692));
#5614 = ORIENTED_EDGE('',*,*,#3599,.F.);
#5615 = ORIENTED_EDGE('',*,*,#3621,.T.);
#5616 = ORIENTED_EDGE('',*,*,#5617,.T.);
#5617 = EDGE_CURVE('',#3622,#5618,#5620,.T.);
#5618 = VERTEX_POINT('',#5619);
#5619 = CARTESIAN_POINT('',(1.599240387651,0.61,0.533682408883));
#5620 = CIRCLE('',#5621,5.E-02);
#5621 = AXIS2_PLACEMENT_3D('',#5622,#5623,#5624);
#5622 = CARTESIAN_POINT('',(1.55,0.61,0.525));
#5623 = DIRECTION('',(-1.110223024625E-16,1.,0.));
#5624 = DIRECTION('',(0.,0.,1.));
#5625 = ORIENTED_EDGE('',*,*,#5626,.T.);
#5626 = EDGE_CURVE('',#5618,#5627,#5629,.T.);
#5627 = VERTEX_POINT('',#5628);
#5628 = CARTESIAN_POINT('',(1.660344718128,0.61,0.165270364467));
#5629 = LINE('',#5630,#5631);
#5630 = CARTESIAN_POINT('',(1.599240387651,0.61,0.533682408883));
#5631 = VECTOR('',#5632,1.);
#5632 = DIRECTION('',(0.163623369545,1.816584322351E-17,-0.986522880089)
  );
#5633 = ORIENTED_EDGE('',*,*,#5634,.T.);
#5634 = EDGE_CURVE('',#5627,#5635,#5637,.T.);
#5635 = VERTEX_POINT('',#5636);
#5636 = CARTESIAN_POINT('',(1.85730626873,0.61,0.));
#5637 = CIRCLE('',#5638,0.2);
#5638 = AXIS2_PLACEMENT_3D('',#5639,#5640,#5641);
#5639 = CARTESIAN_POINT('',(1.85730626873,0.61,0.2));
#5640 = DIRECTION('',(1.110223024625E-16,-1.,-6.255634725081E-34));
#5641 = DIRECTION('',(-0.984807753012,-1.093356242223E-16,
    -0.173648177667));
#5642 = ORIENTED_EDGE('',*,*,#5643,.T.);
#5643 = EDGE_CURVE('',#5635,#5644,#5646,.T.);
#5644 = VERTEX_POINT('',#5645);
#5645 = CARTESIAN_POINT('',(2.45,0.61,0.));
#5646 = LINE('',#5647,#5648);
#5647 = CARTESIAN_POINT('',(1.85730626873,0.61,0.));
#5648 = VECTOR('',#5649,1.);
#5649 = DIRECTION('',(1.,1.110223024625E-16,0.));
#5650 = ORIENTED_EDGE('',*,*,#5651,.T.);
#5651 = EDGE_CURVE('',#5644,#5652,#5654,.T.);
#5652 = VERTEX_POINT('',#5653);
#5653 = CARTESIAN_POINT('',(2.45,0.61,0.15));
#5654 = LINE('',#5655,#5656);
#5655 = CARTESIAN_POINT('',(2.45,0.61,0.));
#5656 = VECTOR('',#5657,1.);
#5657 = DIRECTION('',(0.,0.,1.));
#5658 = ORIENTED_EDGE('',*,*,#5659,.T.);
#5659 = EDGE_CURVE('',#5652,#5660,#5662,.T.);
#5660 = VERTEX_POINT('',#5661);
#5661 = CARTESIAN_POINT('',(1.85730626873,0.61,0.15));
#5662 = LINE('',#5663,#5664);
#5663 = CARTESIAN_POINT('',(2.45,0.61,0.15));
#5664 = VECTOR('',#5665,1.);
#5665 = DIRECTION('',(-1.,-1.110223024625E-16,0.));
#5666 = ORIENTED_EDGE('',*,*,#5667,.T.);
#5667 = EDGE_CURVE('',#5660,#5668,#5670,.T.);
#5668 = VERTEX_POINT('',#5669);
#5669 = CARTESIAN_POINT('',(1.80806588108,0.61,0.191317591117));
#5670 = CIRCLE('',#5671,5.E-02);
#5671 = AXIS2_PLACEMENT_3D('',#5672,#5673,#5674);
#5672 = CARTESIAN_POINT('',(1.85730626873,0.61,0.2));
#5673 = DIRECTION('',(-1.110223024625E-16,1.,0.));
#5674 = DIRECTION('',(0.,0.,-1.));
#5675 = ORIENTED_EDGE('',*,*,#5676,.T.);
#5676 = EDGE_CURVE('',#5668,#5677,#5679,.T.);
#5677 = VERTEX_POINT('',#5678);
#5678 = CARTESIAN_POINT('',(1.746961550602,0.61,0.559729635533));
#5679 = LINE('',#5680,#5681);
#5680 = CARTESIAN_POINT('',(1.80806588108,0.61,0.191317591117));
#5681 = VECTOR('',#5682,1.);
#5682 = DIRECTION('',(-0.163623369545,-1.816584322351E-17,0.986522880089
    ));
#5683 = ORIENTED_EDGE('',*,*,#5684,.T.);
#5684 = EDGE_CURVE('',#5677,#5685,#5687,.T.);
#5685 = VERTEX_POINT('',#5686);
#5686 = CARTESIAN_POINT('',(1.55,0.61,0.725));
#5687 = CIRCLE('',#5688,0.2);
#5688 = AXIS2_PLACEMENT_3D('',#5689,#5690,#5691);
#5689 = CARTESIAN_POINT('',(1.55,0.61,0.525));
#5690 = DIRECTION('',(1.110223024625E-16,-1.,-6.255634725081E-34));
#5691 = DIRECTION('',(0.984807753012,1.093356242223E-16,0.173648177667)
  );
#5692 = ORIENTED_EDGE('',*,*,#5693,.T.);
#5693 = EDGE_CURVE('',#5685,#3600,#5694,.T.);
#5694 = LINE('',#5695,#5696);
#5695 = CARTESIAN_POINT('',(1.55,0.61,0.725));
#5696 = VECTOR('',#5697,1.);
#5697 = DIRECTION('',(-1.,-1.110223024625E-16,0.));
#5698 = PLANE('',#5699);
#5699 = AXIS2_PLACEMENT_3D('',#5700,#5701,#5702);
#5700 = CARTESIAN_POINT('',(1.868421083099,0.61,0.283548691232));
#5701 = DIRECTION('',(1.110223024625E-16,-1.,0.));
#5702 = DIRECTION('',(0.,0.,1.));
#5703 = ADVANCED_FACE('',(#5704),#5723,.F.);
#5704 = FACE_BOUND('',#5705,.F.);
#5705 = EDGE_LOOP('',(#5706,#5707,#5716,#5722));
#5706 = ORIENTED_EDGE('',*,*,#3638,.T.);
#5707 = ORIENTED_EDGE('',*,*,#5708,.T.);
#5708 = EDGE_CURVE('',#3631,#5709,#5711,.T.);
#5709 = VERTEX_POINT('',#5710);
#5710 = CARTESIAN_POINT('',(1.599240387651,0.39,0.533682408883));
#5711 = CIRCLE('',#5712,5.E-02);
#5712 = AXIS2_PLACEMENT_3D('',#5713,#5714,#5715);
#5713 = CARTESIAN_POINT('',(1.55,0.39,0.525));
#5714 = DIRECTION('',(-1.110223024625E-16,1.,0.));
#5715 = DIRECTION('',(0.,0.,1.));
#5716 = ORIENTED_EDGE('',*,*,#5717,.F.);
#5717 = EDGE_CURVE('',#5618,#5709,#5718,.T.);
#5718 = LINE('',#5719,#5720);
#5719 = CARTESIAN_POINT('',(1.599240387651,0.61,0.533682408883));
#5720 = VECTOR('',#5721,1.);
#5721 = DIRECTION('',(1.110223024625E-16,-1.,0.));
#5722 = ORIENTED_EDGE('',*,*,#5617,.F.);
#5723 = CYLINDRICAL_SURFACE('',#5724,5.E-02);
#5724 = AXIS2_PLACEMENT_3D('',#5725,#5726,#5727);
#5725 = CARTESIAN_POINT('',(1.55,0.61,0.525));
#5726 = DIRECTION('',(-1.110223024625E-16,1.,0.));
#5727 = DIRECTION('',(0.,0.,1.));
#5728 = ADVANCED_FACE('',(#5729),#5807,.T.);
#5729 = FACE_BOUND('',#5730,.T.);
#5730 = EDGE_LOOP('',(#5731,#5732,#5733,#5734,#5742,#5751,#5759,#5767,
    #5775,#5784,#5792,#5801));
#5731 = ORIENTED_EDGE('',*,*,#3652,.F.);
#5732 = ORIENTED_EDGE('',*,*,#3630,.T.);
#5733 = ORIENTED_EDGE('',*,*,#5708,.T.);
#5734 = ORIENTED_EDGE('',*,*,#5735,.T.);
#5735 = EDGE_CURVE('',#5709,#5736,#5738,.T.);
#5736 = VERTEX_POINT('',#5737);
#5737 = CARTESIAN_POINT('',(1.660344718128,0.39,0.165270364467));
#5738 = LINE('',#5739,#5740);
#5739 = CARTESIAN_POINT('',(1.599240387651,0.39,0.533682408883));
#5740 = VECTOR('',#5741,1.);
#5741 = DIRECTION('',(0.163623369545,1.816584322351E-17,-0.986522880089)
  );
#5742 = ORIENTED_EDGE('',*,*,#5743,.T.);
#5743 = EDGE_CURVE('',#5736,#5744,#5746,.T.);
#5744 = VERTEX_POINT('',#5745);
#5745 = CARTESIAN_POINT('',(1.85730626873,0.39,0.));
#5746 = CIRCLE('',#5747,0.2);
#5747 = AXIS2_PLACEMENT_3D('',#5748,#5749,#5750);
#5748 = CARTESIAN_POINT('',(1.85730626873,0.39,0.2));
#5749 = DIRECTION('',(1.110223024625E-16,-1.,-6.255634725081E-34));
#5750 = DIRECTION('',(-0.984807753012,-1.093356242223E-16,
    -0.173648177667));
#5751 = ORIENTED_EDGE('',*,*,#5752,.T.);
#5752 = EDGE_CURVE('',#5744,#5753,#5755,.T.);
#5753 = VERTEX_POINT('',#5754);
#5754 = CARTESIAN_POINT('',(2.45,0.39,0.));
#5755 = LINE('',#5756,#5757);
#5756 = CARTESIAN_POINT('',(1.85730626873,0.39,0.));
#5757 = VECTOR('',#5758,1.);
#5758 = DIRECTION('',(1.,1.110223024625E-16,0.));
#5759 = ORIENTED_EDGE('',*,*,#5760,.T.);
#5760 = EDGE_CURVE('',#5753,#5761,#5763,.T.);
#5761 = VERTEX_POINT('',#5762);
#5762 = CARTESIAN_POINT('',(2.45,0.39,0.15));
#5763 = LINE('',#5764,#5765);
#5764 = CARTESIAN_POINT('',(2.45,0.39,0.));
#5765 = VECTOR('',#5766,1.);
#5766 = DIRECTION('',(0.,0.,1.));
#5767 = ORIENTED_EDGE('',*,*,#5768,.T.);
#5768 = EDGE_CURVE('',#5761,#5769,#5771,.T.);
#5769 = VERTEX_POINT('',#5770);
#5770 = CARTESIAN_POINT('',(1.85730626873,0.39,0.15));
#5771 = LINE('',#5772,#5773);
#5772 = CARTESIAN_POINT('',(2.45,0.39,0.15));
#5773 = VECTOR('',#5774,1.);
#5774 = DIRECTION('',(-1.,-1.110223024625E-16,0.));
#5775 = ORIENTED_EDGE('',*,*,#5776,.T.);
#5776 = EDGE_CURVE('',#5769,#5777,#5779,.T.);
#5777 = VERTEX_POINT('',#5778);
#5778 = CARTESIAN_POINT('',(1.80806588108,0.39,0.191317591117));
#5779 = CIRCLE('',#5780,5.E-02);
#5780 = AXIS2_PLACEMENT_3D('',#5781,#5782,#5783);
#5781 = CARTESIAN_POINT('',(1.85730626873,0.39,0.2));
#5782 = DIRECTION('',(-1.110223024625E-16,1.,0.));
#5783 = DIRECTION('',(0.,0.,-1.));
#5784 = ORIENTED_EDGE('',*,*,#5785,.T.);
#5785 = EDGE_CURVE('',#5777,#5786,#5788,.T.);
#5786 = VERTEX_POINT('',#5787);
#5787 = CARTESIAN_POINT('',(1.746961550602,0.39,0.559729635533));
#5788 = LINE('',#5789,#5790);
#5789 = CARTESIAN_POINT('',(1.80806588108,0.39,0.191317591117));
#5790 = VECTOR('',#5791,1.);
#5791 = DIRECTION('',(-0.163623369545,-1.816584322351E-17,0.986522880089
    ));
#5792 = ORIENTED_EDGE('',*,*,#5793,.T.);
#5793 = EDGE_CURVE('',#5786,#5794,#5796,.T.);
#5794 = VERTEX_POINT('',#5795);
#5795 = CARTESIAN_POINT('',(1.55,0.39,0.725));
#5796 = CIRCLE('',#5797,0.2);
#5797 = AXIS2_PLACEMENT_3D('',#5798,#5799,#5800);
#5798 = CARTESIAN_POINT('',(1.55,0.39,0.525));
#5799 = DIRECTION('',(1.110223024625E-16,-1.,-6.255634725081E-34));
#5800 = DIRECTION('',(0.984807753012,1.093356242223E-16,0.173648177667)
  );
#5801 = ORIENTED_EDGE('',*,*,#5802,.T.);
#5802 = EDGE_CURVE('',#5794,#3653,#5803,.T.);
#5803 = LINE('',#5804,#5805);
#5804 = CARTESIAN_POINT('',(1.55,0.39,0.725));
#5805 = VECTOR('',#5806,1.);
#5806 = DIRECTION('',(-1.,-1.110223024625E-16,0.));
#5807 = PLANE('',#5808);
#5808 = AXIS2_PLACEMENT_3D('',#5809,#5810,#5811);
#5809 = CARTESIAN_POINT('',(1.868421083099,0.39,0.283548691232));
#5810 = DIRECTION('',(1.110223024625E-16,-1.,0.));
#5811 = DIRECTION('',(0.,0.,1.));
#5812 = ADVANCED_FACE('',(#5813),#5829,.F.);
#5813 = FACE_BOUND('',#5814,.F.);
#5814 = EDGE_LOOP('',(#5815,#5821,#5822,#5828));
#5815 = ORIENTED_EDGE('',*,*,#5816,.F.);
#5816 = EDGE_CURVE('',#3653,#4165,#5817,.T.);
#5817 = LINE('',#5818,#5819);
#5818 = CARTESIAN_POINT('',(1.55,0.39,0.725));
#5819 = VECTOR('',#5820,1.);
#5820 = DIRECTION('',(-1.,-1.110223024625E-16,0.));
#5821 = ORIENTED_EDGE('',*,*,#3669,.T.);
#5822 = ORIENTED_EDGE('',*,*,#5823,.T.);
#5823 = EDGE_CURVE('',#3662,#4173,#5824,.T.);
#5824 = LINE('',#5825,#5826);
#5825 = CARTESIAN_POINT('',(1.55,0.11,0.725));
#5826 = VECTOR('',#5827,1.);
#5827 = DIRECTION('',(-1.,-1.110223024625E-16,0.));
#5828 = ORIENTED_EDGE('',*,*,#4172,.F.);
#5829 = PLANE('',#5830);
#5830 = AXIS2_PLACEMENT_3D('',#5831,#5832,#5833);
#5831 = CARTESIAN_POINT('',(-1.527474198549E-16,1.475,0.725));
#5832 = DIRECTION('',(1.474807988425E-32,-1.897177879498E-27,-1.));
#5833 = DIRECTION('',(1.,1.199334786602E-16,1.474807988402E-32));
#5834 = ADVANCED_FACE('',(#5835),#5921,.F.);
#5835 = FACE_BOUND('',#5836,.F.);
#5836 = EDGE_LOOP('',(#5837,#5838,#5839,#5848,#5856,#5865,#5873,#5881,
    #5889,#5898,#5906,#5915));
#5837 = ORIENTED_EDGE('',*,*,#3661,.F.);
#5838 = ORIENTED_EDGE('',*,*,#3683,.T.);
#5839 = ORIENTED_EDGE('',*,*,#5840,.T.);
#5840 = EDGE_CURVE('',#3684,#5841,#5843,.T.);
#5841 = VERTEX_POINT('',#5842);
#5842 = CARTESIAN_POINT('',(1.599240387651,0.11,0.533682408883));
#5843 = CIRCLE('',#5844,5.E-02);
#5844 = AXIS2_PLACEMENT_3D('',#5845,#5846,#5847);
#5845 = CARTESIAN_POINT('',(1.55,0.11,0.525));
#5846 = DIRECTION('',(-1.110223024625E-16,1.,0.));
#5847 = DIRECTION('',(0.,0.,1.));
#5848 = ORIENTED_EDGE('',*,*,#5849,.T.);
#5849 = EDGE_CURVE('',#5841,#5850,#5852,.T.);
#5850 = VERTEX_POINT('',#5851);
#5851 = CARTESIAN_POINT('',(1.660344718128,0.11,0.165270364467));
#5852 = LINE('',#5853,#5854);
#5853 = CARTESIAN_POINT('',(1.599240387651,0.11,0.533682408883));
#5854 = VECTOR('',#5855,1.);
#5855 = DIRECTION('',(0.163623369545,1.816584322351E-17,-0.986522880089)
  );
#5856 = ORIENTED_EDGE('',*,*,#5857,.T.);
#5857 = EDGE_CURVE('',#5850,#5858,#5860,.T.);
#5858 = VERTEX_POINT('',#5859);
#5859 = CARTESIAN_POINT('',(1.85730626873,0.11,0.));
#5860 = CIRCLE('',#5861,0.2);
#5861 = AXIS2_PLACEMENT_3D('',#5862,#5863,#5864);
#5862 = CARTESIAN_POINT('',(1.85730626873,0.11,0.2));
#5863 = DIRECTION('',(1.110223024625E-16,-1.,-6.255634725081E-34));
#5864 = DIRECTION('',(-0.984807753012,-1.093356242223E-16,
    -0.173648177667));
#5865 = ORIENTED_EDGE('',*,*,#5866,.T.);
#5866 = EDGE_CURVE('',#5858,#5867,#5869,.T.);
#5867 = VERTEX_POINT('',#5868);
#5868 = CARTESIAN_POINT('',(2.45,0.11,0.));
#5869 = LINE('',#5870,#5871);
#5870 = CARTESIAN_POINT('',(1.85730626873,0.11,0.));
#5871 = VECTOR('',#5872,1.);
#5872 = DIRECTION('',(1.,1.110223024625E-16,0.));
#5873 = ORIENTED_EDGE('',*,*,#5874,.T.);
#5874 = EDGE_CURVE('',#5867,#5875,#5877,.T.);
#5875 = VERTEX_POINT('',#5876);
#5876 = CARTESIAN_POINT('',(2.45,0.11,0.15));
#5877 = LINE('',#5878,#5879);
#5878 = CARTESIAN_POINT('',(2.45,0.11,0.));
#5879 = VECTOR('',#5880,1.);
#5880 = DIRECTION('',(0.,0.,1.));
#5881 = ORIENTED_EDGE('',*,*,#5882,.T.);
#5882 = EDGE_CURVE('',#5875,#5883,#5885,.T.);
#5883 = VERTEX_POINT('',#5884);
#5884 = CARTESIAN_POINT('',(1.85730626873,0.11,0.15));
#5885 = LINE('',#5886,#5887);
#5886 = CARTESIAN_POINT('',(2.45,0.11,0.15));
#5887 = VECTOR('',#5888,1.);
#5888 = DIRECTION('',(-1.,-1.110223024625E-16,0.));
#5889 = ORIENTED_EDGE('',*,*,#5890,.T.);
#5890 = EDGE_CURVE('',#5883,#5891,#5893,.T.);
#5891 = VERTEX_POINT('',#5892);
#5892 = CARTESIAN_POINT('',(1.80806588108,0.11,0.191317591117));
#5893 = CIRCLE('',#5894,5.E-02);
#5894 = AXIS2_PLACEMENT_3D('',#5895,#5896,#5897);
#5895 = CARTESIAN_POINT('',(1.85730626873,0.11,0.2));
#5896 = DIRECTION('',(-1.110223024625E-16,1.,0.));
#5897 = DIRECTION('',(0.,0.,-1.));
#5898 = ORIENTED_EDGE('',*,*,#5899,.T.);
#5899 = EDGE_CURVE('',#5891,#5900,#5902,.T.);
#5900 = VERTEX_POINT('',#5901);
#5901 = CARTESIAN_POINT('',(1.746961550602,0.11,0.559729635533));
#5902 = LINE('',#5903,#5904);
#5903 = CARTESIAN_POINT('',(1.80806588108,0.11,0.191317591117));
#5904 = VECTOR('',#5905,1.);
#5905 = DIRECTION('',(-0.163623369545,-1.816584322351E-17,0.986522880089
    ));
#5906 = ORIENTED_EDGE('',*,*,#5907,.T.);
#5907 = EDGE_CURVE('',#5900,#5908,#5910,.T.);
#5908 = VERTEX_POINT('',#5909);
#5909 = CARTESIAN_POINT('',(1.55,0.11,0.725));
#5910 = CIRCLE('',#5911,0.2);
#5911 = AXIS2_PLACEMENT_3D('',#5912,#5913,#5914);
#5912 = CARTESIAN_POINT('',(1.55,0.11,0.525));
#5913 = DIRECTION('',(1.110223024625E-16,-1.,-6.255634725081E-34));
#5914 = DIRECTION('',(0.984807753012,1.093356242223E-16,0.173648177667)
  );
#5915 = ORIENTED_EDGE('',*,*,#5916,.T.);
#5916 = EDGE_CURVE('',#5908,#3662,#5917,.T.);
#5917 = LINE('',#5918,#5919);
#5918 = CARTESIAN_POINT('',(1.55,0.11,0.725));
#5919 = VECTOR('',#5920,1.);
#5920 = DIRECTION('',(-1.,-1.110223024625E-16,0.));
#5921 = PLANE('',#5922);
#5922 = AXIS2_PLACEMENT_3D('',#5923,#5924,#5925);
#5923 = CARTESIAN_POINT('',(1.868421083099,0.11,0.283548691232));
#5924 = DIRECTION('',(1.110223024625E-16,-1.,0.));
#5925 = DIRECTION('',(0.,0.,1.));
#5926 = ADVANCED_FACE('',(#5927),#5946,.F.);
#5927 = FACE_BOUND('',#5928,.F.);
#5928 = EDGE_LOOP('',(#5929,#5930,#5939,#5945));
#5929 = ORIENTED_EDGE('',*,*,#3700,.T.);
#5930 = ORIENTED_EDGE('',*,*,#5931,.T.);
#5931 = EDGE_CURVE('',#3693,#5932,#5934,.T.);
#5932 = VERTEX_POINT('',#5933);
#5933 = CARTESIAN_POINT('',(1.599240387651,-0.11,0.533682408883));
#5934 = CIRCLE('',#5935,5.E-02);
#5935 = AXIS2_PLACEMENT_3D('',#5936,#5937,#5938);
#5936 = CARTESIAN_POINT('',(1.55,-0.11,0.525));
#5937 = DIRECTION('',(-1.110223024625E-16,1.,0.));
#5938 = DIRECTION('',(0.,0.,1.));
#5939 = ORIENTED_EDGE('',*,*,#5940,.F.);
#5940 = EDGE_CURVE('',#5841,#5932,#5941,.T.);
#5941 = LINE('',#5942,#5943);
#5942 = CARTESIAN_POINT('',(1.599240387651,0.11,0.533682408883));
#5943 = VECTOR('',#5944,1.);
#5944 = DIRECTION('',(1.110223024625E-16,-1.,0.));
#5945 = ORIENTED_EDGE('',*,*,#5840,.F.);
#5946 = CYLINDRICAL_SURFACE('',#5947,5.E-02);
#5947 = AXIS2_PLACEMENT_3D('',#5948,#5949,#5950);
#5948 = CARTESIAN_POINT('',(1.55,0.11,0.525));
#5949 = DIRECTION('',(-1.110223024625E-16,1.,0.));
#5950 = DIRECTION('',(0.,0.,1.));
#5951 = ADVANCED_FACE('',(#5952),#6030,.T.);
#5952 = FACE_BOUND('',#5953,.T.);
#5953 = EDGE_LOOP('',(#5954,#5955,#5956,#5957,#5965,#5974,#5982,#5990,
    #5998,#6007,#6015,#6024));
#5954 = ORIENTED_EDGE('',*,*,#3714,.F.);
#5955 = ORIENTED_EDGE('',*,*,#3692,.T.);
#5956 = ORIENTED_EDGE('',*,*,#5931,.T.);
#5957 = ORIENTED_EDGE('',*,*,#5958,.T.);
#5958 = EDGE_CURVE('',#5932,#5959,#5961,.T.);
#5959 = VERTEX_POINT('',#5960);
#5960 = CARTESIAN_POINT('',(1.660344718128,-0.11,0.165270364467));
#5961 = LINE('',#5962,#5963);
#5962 = CARTESIAN_POINT('',(1.599240387651,-0.11,0.533682408883));
#5963 = VECTOR('',#5964,1.);
#5964 = DIRECTION('',(0.163623369545,1.816584322351E-17,-0.986522880089)
  );
#5965 = ORIENTED_EDGE('',*,*,#5966,.T.);
#5966 = EDGE_CURVE('',#5959,#5967,#5969,.T.);
#5967 = VERTEX_POINT('',#5968);
#5968 = CARTESIAN_POINT('',(1.85730626873,-0.11,0.));
#5969 = CIRCLE('',#5970,0.2);
#5970 = AXIS2_PLACEMENT_3D('',#5971,#5972,#5973);
#5971 = CARTESIAN_POINT('',(1.85730626873,-0.11,0.2));
#5972 = DIRECTION('',(1.110223024625E-16,-1.,-6.255634725081E-34));
#5973 = DIRECTION('',(-0.984807753012,-1.093356242223E-16,
    -0.173648177667));
#5974 = ORIENTED_EDGE('',*,*,#5975,.T.);
#5975 = EDGE_CURVE('',#5967,#5976,#5978,.T.);
#5976 = VERTEX_POINT('',#5977);
#5977 = CARTESIAN_POINT('',(2.45,-0.11,0.));
#5978 = LINE('',#5979,#5980);
#5979 = CARTESIAN_POINT('',(1.85730626873,-0.11,0.));
#5980 = VECTOR('',#5981,1.);
#5981 = DIRECTION('',(1.,1.110223024625E-16,0.));
#5982 = ORIENTED_EDGE('',*,*,#5983,.T.);
#5983 = EDGE_CURVE('',#5976,#5984,#5986,.T.);
#5984 = VERTEX_POINT('',#5985);
#5985 = CARTESIAN_POINT('',(2.45,-0.11,0.15));
#5986 = LINE('',#5987,#5988);
#5987 = CARTESIAN_POINT('',(2.45,-0.11,0.));
#5988 = VECTOR('',#5989,1.);
#5989 = DIRECTION('',(0.,0.,1.));
#5990 = ORIENTED_EDGE('',*,*,#5991,.T.);
#5991 = EDGE_CURVE('',#5984,#5992,#5994,.T.);
#5992 = VERTEX_POINT('',#5993);
#5993 = CARTESIAN_POINT('',(1.85730626873,-0.11,0.15));
#5994 = LINE('',#5995,#5996);
#5995 = CARTESIAN_POINT('',(2.45,-0.11,0.15));
#5996 = VECTOR('',#5997,1.);
#5997 = DIRECTION('',(-1.,-1.110223024625E-16,0.));
#5998 = ORIENTED_EDGE('',*,*,#5999,.T.);
#5999 = EDGE_CURVE('',#5992,#6000,#6002,.T.);
#6000 = VERTEX_POINT('',#6001);
#6001 = CARTESIAN_POINT('',(1.80806588108,-0.11,0.191317591117));
#6002 = CIRCLE('',#6003,5.E-02);
#6003 = AXIS2_PLACEMENT_3D('',#6004,#6005,#6006);
#6004 = CARTESIAN_POINT('',(1.85730626873,-0.11,0.2));
#6005 = DIRECTION('',(-1.110223024625E-16,1.,0.));
#6006 = DIRECTION('',(0.,0.,-1.));
#6007 = ORIENTED_EDGE('',*,*,#6008,.T.);
#6008 = EDGE_CURVE('',#6000,#6009,#6011,.T.);
#6009 = VERTEX_POINT('',#6010);
#6010 = CARTESIAN_POINT('',(1.746961550602,-0.11,0.559729635533));
#6011 = LINE('',#6012,#6013);
#6012 = CARTESIAN_POINT('',(1.80806588108,-0.11,0.191317591117));
#6013 = VECTOR('',#6014,1.);
#6014 = DIRECTION('',(-0.163623369545,-1.816584322351E-17,0.986522880089
    ));
#6015 = ORIENTED_EDGE('',*,*,#6016,.T.);
#6016 = EDGE_CURVE('',#6009,#6017,#6019,.T.);
#6017 = VERTEX_POINT('',#6018);
#6018 = CARTESIAN_POINT('',(1.55,-0.11,0.725));
#6019 = CIRCLE('',#6020,0.2);
#6020 = AXIS2_PLACEMENT_3D('',#6021,#6022,#6023);
#6021 = CARTESIAN_POINT('',(1.55,-0.11,0.525));
#6022 = DIRECTION('',(1.110223024625E-16,-1.,-6.255634725081E-34));
#6023 = DIRECTION('',(0.984807753012,1.093356242223E-16,0.173648177667)
  );
#6024 = ORIENTED_EDGE('',*,*,#6025,.T.);
#6025 = EDGE_CURVE('',#6017,#3715,#6026,.T.);
#6026 = LINE('',#6027,#6028);
#6027 = CARTESIAN_POINT('',(1.55,-0.11,0.725));
#6028 = VECTOR('',#6029,1.);
#6029 = DIRECTION('',(-1.,-1.110223024625E-16,0.));
#6030 = PLANE('',#6031);
#6031 = AXIS2_PLACEMENT_3D('',#6032,#6033,#6034);
#6032 = CARTESIAN_POINT('',(1.868421083099,-0.11,0.283548691232));
#6033 = DIRECTION('',(1.110223024625E-16,-1.,0.));
#6034 = DIRECTION('',(0.,0.,1.));
#6035 = ADVANCED_FACE('',(#6036),#6052,.F.);
#6036 = FACE_BOUND('',#6037,.F.);
#6037 = EDGE_LOOP('',(#6038,#6044,#6045,#6051));
#6038 = ORIENTED_EDGE('',*,*,#6039,.F.);
#6039 = EDGE_CURVE('',#3715,#4181,#6040,.T.);
#6040 = LINE('',#6041,#6042);
#6041 = CARTESIAN_POINT('',(1.55,-0.11,0.725));
#6042 = VECTOR('',#6043,1.);
#6043 = DIRECTION('',(-1.,-1.110223024625E-16,0.));
#6044 = ORIENTED_EDGE('',*,*,#3731,.T.);
#6045 = ORIENTED_EDGE('',*,*,#6046,.T.);
#6046 = EDGE_CURVE('',#3724,#4189,#6047,.T.);
#6047 = LINE('',#6048,#6049);
#6048 = CARTESIAN_POINT('',(1.55,-0.39,0.725));
#6049 = VECTOR('',#6050,1.);
#6050 = DIRECTION('',(-1.,-1.110223024625E-16,0.));
#6051 = ORIENTED_EDGE('',*,*,#4188,.F.);
#6052 = PLANE('',#6053);
#6053 = AXIS2_PLACEMENT_3D('',#6054,#6055,#6056);
#6054 = CARTESIAN_POINT('',(-1.527474198549E-16,1.475,0.725));
#6055 = DIRECTION('',(1.474807988425E-32,-1.897177879498E-27,-1.));
#6056 = DIRECTION('',(1.,1.199334786602E-16,1.474807988402E-32));
#6057 = ADVANCED_FACE('',(#6058),#6144,.F.);
#6058 = FACE_BOUND('',#6059,.F.);
#6059 = EDGE_LOOP('',(#6060,#6061,#6062,#6071,#6079,#6088,#6096,#6104,
    #6112,#6121,#6129,#6138));
#6060 = ORIENTED_EDGE('',*,*,#3723,.F.);
#6061 = ORIENTED_EDGE('',*,*,#3745,.T.);
#6062 = ORIENTED_EDGE('',*,*,#6063,.T.);
#6063 = EDGE_CURVE('',#3746,#6064,#6066,.T.);
#6064 = VERTEX_POINT('',#6065);
#6065 = CARTESIAN_POINT('',(1.599240387651,-0.39,0.533682408883));
#6066 = CIRCLE('',#6067,5.E-02);
#6067 = AXIS2_PLACEMENT_3D('',#6068,#6069,#6070);
#6068 = CARTESIAN_POINT('',(1.55,-0.39,0.525));
#6069 = DIRECTION('',(-1.110223024625E-16,1.,0.));
#6070 = DIRECTION('',(0.,0.,1.));
#6071 = ORIENTED_EDGE('',*,*,#6072,.T.);
#6072 = EDGE_CURVE('',#6064,#6073,#6075,.T.);
#6073 = VERTEX_POINT('',#6074);
#6074 = CARTESIAN_POINT('',(1.660344718128,-0.39,0.165270364467));
#6075 = LINE('',#6076,#6077);
#6076 = CARTESIAN_POINT('',(1.599240387651,-0.39,0.533682408883));
#6077 = VECTOR('',#6078,1.);
#6078 = DIRECTION('',(0.163623369545,1.816584322351E-17,-0.986522880089)
  );
#6079 = ORIENTED_EDGE('',*,*,#6080,.T.);
#6080 = EDGE_CURVE('',#6073,#6081,#6083,.T.);
#6081 = VERTEX_POINT('',#6082);
#6082 = CARTESIAN_POINT('',(1.85730626873,-0.39,0.));
#6083 = CIRCLE('',#6084,0.2);
#6084 = AXIS2_PLACEMENT_3D('',#6085,#6086,#6087);
#6085 = CARTESIAN_POINT('',(1.85730626873,-0.39,0.2));
#6086 = DIRECTION('',(1.110223024625E-16,-1.,-6.255634725081E-34));
#6087 = DIRECTION('',(-0.984807753012,-1.093356242223E-16,
    -0.173648177667));
#6088 = ORIENTED_EDGE('',*,*,#6089,.T.);
#6089 = EDGE_CURVE('',#6081,#6090,#6092,.T.);
#6090 = VERTEX_POINT('',#6091);
#6091 = CARTESIAN_POINT('',(2.45,-0.39,0.));
#6092 = LINE('',#6093,#6094);
#6093 = CARTESIAN_POINT('',(1.85730626873,-0.39,0.));
#6094 = VECTOR('',#6095,1.);
#6095 = DIRECTION('',(1.,1.110223024625E-16,0.));
#6096 = ORIENTED_EDGE('',*,*,#6097,.T.);
#6097 = EDGE_CURVE('',#6090,#6098,#6100,.T.);
#6098 = VERTEX_POINT('',#6099);
#6099 = CARTESIAN_POINT('',(2.45,-0.39,0.15));
#6100 = LINE('',#6101,#6102);
#6101 = CARTESIAN_POINT('',(2.45,-0.39,0.));
#6102 = VECTOR('',#6103,1.);
#6103 = DIRECTION('',(0.,0.,1.));
#6104 = ORIENTED_EDGE('',*,*,#6105,.T.);
#6105 = EDGE_CURVE('',#6098,#6106,#6108,.T.);
#6106 = VERTEX_POINT('',#6107);
#6107 = CARTESIAN_POINT('',(1.85730626873,-0.39,0.15));
#6108 = LINE('',#6109,#6110);
#6109 = CARTESIAN_POINT('',(2.45,-0.39,0.15));
#6110 = VECTOR('',#6111,1.);
#6111 = DIRECTION('',(-1.,-1.110223024625E-16,0.));
#6112 = ORIENTED_EDGE('',*,*,#6113,.T.);
#6113 = EDGE_CURVE('',#6106,#6114,#6116,.T.);
#6114 = VERTEX_POINT('',#6115);
#6115 = CARTESIAN_POINT('',(1.80806588108,-0.39,0.191317591117));
#6116 = CIRCLE('',#6117,5.E-02);
#6117 = AXIS2_PLACEMENT_3D('',#6118,#6119,#6120);
#6118 = CARTESIAN_POINT('',(1.85730626873,-0.39,0.2));
#6119 = DIRECTION('',(-1.110223024625E-16,1.,0.));
#6120 = DIRECTION('',(0.,0.,-1.));
#6121 = ORIENTED_EDGE('',*,*,#6122,.T.);
#6122 = EDGE_CURVE('',#6114,#6123,#6125,.T.);
#6123 = VERTEX_POINT('',#6124);
#6124 = CARTESIAN_POINT('',(1.746961550602,-0.39,0.559729635533));
#6125 = LINE('',#6126,#6127);
#6126 = CARTESIAN_POINT('',(1.80806588108,-0.39,0.191317591117));
#6127 = VECTOR('',#6128,1.);
#6128 = DIRECTION('',(-0.163623369545,-1.816584322351E-17,0.986522880089
    ));
#6129 = ORIENTED_EDGE('',*,*,#6130,.T.);
#6130 = EDGE_CURVE('',#6123,#6131,#6133,.T.);
#6131 = VERTEX_POINT('',#6132);
#6132 = CARTESIAN_POINT('',(1.55,-0.39,0.725));
#6133 = CIRCLE('',#6134,0.2);
#6134 = AXIS2_PLACEMENT_3D('',#6135,#6136,#6137);
#6135 = CARTESIAN_POINT('',(1.55,-0.39,0.525));
#6136 = DIRECTION('',(1.110223024625E-16,-1.,-6.255634725081E-34));
#6137 = DIRECTION('',(0.984807753012,1.093356242223E-16,0.173648177667)
  );
#6138 = ORIENTED_EDGE('',*,*,#6139,.T.);
#6139 = EDGE_CURVE('',#6131,#3724,#6140,.T.);
#6140 = LINE('',#6141,#6142);
#6141 = CARTESIAN_POINT('',(1.55,-0.39,0.725));
#6142 = VECTOR('',#6143,1.);
#6143 = DIRECTION('',(-1.,-1.110223024625E-16,0.));
#6144 = PLANE('',#6145);
#6145 = AXIS2_PLACEMENT_3D('',#6146,#6147,#6148);
#6146 = CARTESIAN_POINT('',(1.868421083099,-0.39,0.283548691232));
#6147 = DIRECTION('',(1.110223024625E-16,-1.,0.));
#6148 = DIRECTION('',(0.,0.,1.));
#6149 = ADVANCED_FACE('',(#6150),#6169,.F.);
#6150 = FACE_BOUND('',#6151,.F.);
#6151 = EDGE_LOOP('',(#6152,#6153,#6162,#6168));
#6152 = ORIENTED_EDGE('',*,*,#3762,.T.);
#6153 = ORIENTED_EDGE('',*,*,#6154,.T.);
#6154 = EDGE_CURVE('',#3755,#6155,#6157,.T.);
#6155 = VERTEX_POINT('',#6156);
#6156 = CARTESIAN_POINT('',(1.599240387651,-0.61,0.533682408883));
#6157 = CIRCLE('',#6158,5.E-02);
#6158 = AXIS2_PLACEMENT_3D('',#6159,#6160,#6161);
#6159 = CARTESIAN_POINT('',(1.55,-0.61,0.525));
#6160 = DIRECTION('',(-1.110223024625E-16,1.,0.));
#6161 = DIRECTION('',(0.,0.,1.));
#6162 = ORIENTED_EDGE('',*,*,#6163,.F.);
#6163 = EDGE_CURVE('',#6064,#6155,#6164,.T.);
#6164 = LINE('',#6165,#6166);
#6165 = CARTESIAN_POINT('',(1.599240387651,-0.39,0.533682408883));
#6166 = VECTOR('',#6167,1.);
#6167 = DIRECTION('',(1.110223024625E-16,-1.,0.));
#6168 = ORIENTED_EDGE('',*,*,#6063,.F.);
#6169 = CYLINDRICAL_SURFACE('',#6170,5.E-02);
#6170 = AXIS2_PLACEMENT_3D('',#6171,#6172,#6173);
#6171 = CARTESIAN_POINT('',(1.55,-0.39,0.525));
#6172 = DIRECTION('',(-1.110223024625E-16,1.,0.));
#6173 = DIRECTION('',(0.,0.,1.));
#6174 = ADVANCED_FACE('',(#6175),#6253,.T.);
#6175 = FACE_BOUND('',#6176,.T.);
#6176 = EDGE_LOOP('',(#6177,#6178,#6179,#6180,#6188,#6197,#6205,#6213,
    #6221,#6230,#6238,#6247));
#6177 = ORIENTED_EDGE('',*,*,#3776,.F.);
#6178 = ORIENTED_EDGE('',*,*,#3754,.T.);
#6179 = ORIENTED_EDGE('',*,*,#6154,.T.);
#6180 = ORIENTED_EDGE('',*,*,#6181,.T.);
#6181 = EDGE_CURVE('',#6155,#6182,#6184,.T.);
#6182 = VERTEX_POINT('',#6183);
#6183 = CARTESIAN_POINT('',(1.660344718128,-0.61,0.165270364467));
#6184 = LINE('',#6185,#6186);
#6185 = CARTESIAN_POINT('',(1.599240387651,-0.61,0.533682408883));
#6186 = VECTOR('',#6187,1.);
#6187 = DIRECTION('',(0.163623369545,1.816584322351E-17,-0.986522880089)
  );
#6188 = ORIENTED_EDGE('',*,*,#6189,.T.);
#6189 = EDGE_CURVE('',#6182,#6190,#6192,.T.);
#6190 = VERTEX_POINT('',#6191);
#6191 = CARTESIAN_POINT('',(1.85730626873,-0.61,0.));
#6192 = CIRCLE('',#6193,0.2);
#6193 = AXIS2_PLACEMENT_3D('',#6194,#6195,#6196);
#6194 = CARTESIAN_POINT('',(1.85730626873,-0.61,0.2));
#6195 = DIRECTION('',(1.110223024625E-16,-1.,-6.255634725081E-34));
#6196 = DIRECTION('',(-0.984807753012,-1.093356242223E-16,
    -0.173648177667));
#6197 = ORIENTED_EDGE('',*,*,#6198,.T.);
#6198 = EDGE_CURVE('',#6190,#6199,#6201,.T.);
#6199 = VERTEX_POINT('',#6200);
#6200 = CARTESIAN_POINT('',(2.45,-0.61,0.));
#6201 = LINE('',#6202,#6203);
#6202 = CARTESIAN_POINT('',(1.85730626873,-0.61,0.));
#6203 = VECTOR('',#6204,1.);
#6204 = DIRECTION('',(1.,1.110223024625E-16,0.));
#6205 = ORIENTED_EDGE('',*,*,#6206,.T.);
#6206 = EDGE_CURVE('',#6199,#6207,#6209,.T.);
#6207 = VERTEX_POINT('',#6208);
#6208 = CARTESIAN_POINT('',(2.45,-0.61,0.15));
#6209 = LINE('',#6210,#6211);
#6210 = CARTESIAN_POINT('',(2.45,-0.61,0.));
#6211 = VECTOR('',#6212,1.);
#6212 = DIRECTION('',(0.,0.,1.));
#6213 = ORIENTED_EDGE('',*,*,#6214,.T.);
#6214 = EDGE_CURVE('',#6207,#6215,#6217,.T.);
#6215 = VERTEX_POINT('',#6216);
#6216 = CARTESIAN_POINT('',(1.85730626873,-0.61,0.15));
#6217 = LINE('',#6218,#6219);
#6218 = CARTESIAN_POINT('',(2.45,-0.61,0.15));
#6219 = VECTOR('',#6220,1.);
#6220 = DIRECTION('',(-1.,-1.110223024625E-16,0.));
#6221 = ORIENTED_EDGE('',*,*,#6222,.T.);
#6222 = EDGE_CURVE('',#6215,#6223,#6225,.T.);
#6223 = VERTEX_POINT('',#6224);
#6224 = CARTESIAN_POINT('',(1.80806588108,-0.61,0.191317591117));
#6225 = CIRCLE('',#6226,5.E-02);
#6226 = AXIS2_PLACEMENT_3D('',#6227,#6228,#6229);
#6227 = CARTESIAN_POINT('',(1.85730626873,-0.61,0.2));
#6228 = DIRECTION('',(-1.110223024625E-16,1.,0.));
#6229 = DIRECTION('',(0.,0.,-1.));
#6230 = ORIENTED_EDGE('',*,*,#6231,.T.);
#6231 = EDGE_CURVE('',#6223,#6232,#6234,.T.);
#6232 = VERTEX_POINT('',#6233);
#6233 = CARTESIAN_POINT('',(1.746961550602,-0.61,0.559729635533));
#6234 = LINE('',#6235,#6236);
#6235 = CARTESIAN_POINT('',(1.80806588108,-0.61,0.191317591117));
#6236 = VECTOR('',#6237,1.);
#6237 = DIRECTION('',(-0.163623369545,-1.816584322351E-17,0.986522880089
    ));
#6238 = ORIENTED_EDGE('',*,*,#6239,.T.);
#6239 = EDGE_CURVE('',#6232,#6240,#6242,.T.);
#6240 = VERTEX_POINT('',#6241);
#6241 = CARTESIAN_POINT('',(1.55,-0.61,0.725));
#6242 = CIRCLE('',#6243,0.2);
#6243 = AXIS2_PLACEMENT_3D('',#6244,#6245,#6246);
#6244 = CARTESIAN_POINT('',(1.55,-0.61,0.525));
#6245 = DIRECTION('',(1.110223024625E-16,-1.,-6.255634725081E-34));
#6246 = DIRECTION('',(0.984807753012,1.093356242223E-16,0.173648177667)
  );
#6247 = ORIENTED_EDGE('',*,*,#6248,.T.);
#6248 = EDGE_CURVE('',#6240,#3777,#6249,.T.);
#6249 = LINE('',#6250,#6251);
#6250 = CARTESIAN_POINT('',(1.55,-0.61,0.725));
#6251 = VECTOR('',#6252,1.);
#6252 = DIRECTION('',(-1.,-1.110223024625E-16,0.));
#6253 = PLANE('',#6254);
#6254 = AXIS2_PLACEMENT_3D('',#6255,#6256,#6257);
#6255 = CARTESIAN_POINT('',(1.868421083099,-0.61,0.283548691232));
#6256 = DIRECTION('',(1.110223024625E-16,-1.,0.));
#6257 = DIRECTION('',(0.,0.,1.));
#6258 = ADVANCED_FACE('',(#6259),#6275,.F.);
#6259 = FACE_BOUND('',#6260,.F.);
#6260 = EDGE_LOOP('',(#6261,#6267,#6268,#6274));
#6261 = ORIENTED_EDGE('',*,*,#6262,.F.);
#6262 = EDGE_CURVE('',#3777,#4197,#6263,.T.);
#6263 = LINE('',#6264,#6265);
#6264 = CARTESIAN_POINT('',(1.55,-0.61,0.725));
#6265 = VECTOR('',#6266,1.);
#6266 = DIRECTION('',(-1.,-1.110223024625E-16,0.));
#6267 = ORIENTED_EDGE('',*,*,#3793,.T.);
#6268 = ORIENTED_EDGE('',*,*,#6269,.T.);
#6269 = EDGE_CURVE('',#3786,#4205,#6270,.T.);
#6270 = LINE('',#6271,#6272);
#6271 = CARTESIAN_POINT('',(1.55,-0.89,0.725));
#6272 = VECTOR('',#6273,1.);
#6273 = DIRECTION('',(-1.,-1.110223024625E-16,0.));
#6274 = ORIENTED_EDGE('',*,*,#4204,.F.);
#6275 = PLANE('',#6276);
#6276 = AXIS2_PLACEMENT_3D('',#6277,#6278,#6279);
#6277 = CARTESIAN_POINT('',(-1.527474198549E-16,1.475,0.725));
#6278 = DIRECTION('',(1.474807988425E-32,-1.897177879498E-27,-1.));
#6279 = DIRECTION('',(1.,1.199334786602E-16,1.474807988402E-32));
#6280 = ADVANCED_FACE('',(#6281),#6367,.F.);
#6281 = FACE_BOUND('',#6282,.F.);
#6282 = EDGE_LOOP('',(#6283,#6284,#6285,#6294,#6302,#6311,#6319,#6327,
    #6335,#6344,#6352,#6361));
#6283 = ORIENTED_EDGE('',*,*,#3785,.F.);
#6284 = ORIENTED_EDGE('',*,*,#3807,.T.);
#6285 = ORIENTED_EDGE('',*,*,#6286,.T.);
#6286 = EDGE_CURVE('',#3808,#6287,#6289,.T.);
#6287 = VERTEX_POINT('',#6288);
#6288 = CARTESIAN_POINT('',(1.599240387651,-0.89,0.533682408883));
#6289 = CIRCLE('',#6290,5.E-02);
#6290 = AXIS2_PLACEMENT_3D('',#6291,#6292,#6293);
#6291 = CARTESIAN_POINT('',(1.55,-0.89,0.525));
#6292 = DIRECTION('',(-1.110223024625E-16,1.,0.));
#6293 = DIRECTION('',(0.,0.,1.));
#6294 = ORIENTED_EDGE('',*,*,#6295,.T.);
#6295 = EDGE_CURVE('',#6287,#6296,#6298,.T.);
#6296 = VERTEX_POINT('',#6297);
#6297 = CARTESIAN_POINT('',(1.660344718128,-0.89,0.165270364467));
#6298 = LINE('',#6299,#6300);
#6299 = CARTESIAN_POINT('',(1.599240387651,-0.89,0.533682408883));
#6300 = VECTOR('',#6301,1.);
#6301 = DIRECTION('',(0.163623369545,1.816584322351E-17,-0.986522880089)
  );
#6302 = ORIENTED_EDGE('',*,*,#6303,.T.);
#6303 = EDGE_CURVE('',#6296,#6304,#6306,.T.);
#6304 = VERTEX_POINT('',#6305);
#6305 = CARTESIAN_POINT('',(1.85730626873,-0.89,0.));
#6306 = CIRCLE('',#6307,0.2);
#6307 = AXIS2_PLACEMENT_3D('',#6308,#6309,#6310);
#6308 = CARTESIAN_POINT('',(1.85730626873,-0.89,0.2));
#6309 = DIRECTION('',(1.110223024625E-16,-1.,-6.255634725081E-34));
#6310 = DIRECTION('',(-0.984807753012,-1.093356242223E-16,
    -0.173648177667));
#6311 = ORIENTED_EDGE('',*,*,#6312,.T.);
#6312 = EDGE_CURVE('',#6304,#6313,#6315,.T.);
#6313 = VERTEX_POINT('',#6314);
#6314 = CARTESIAN_POINT('',(2.45,-0.89,0.));
#6315 = LINE('',#6316,#6317);
#6316 = CARTESIAN_POINT('',(1.85730626873,-0.89,0.));
#6317 = VECTOR('',#6318,1.);
#6318 = DIRECTION('',(1.,1.110223024625E-16,0.));
#6319 = ORIENTED_EDGE('',*,*,#6320,.T.);
#6320 = EDGE_CURVE('',#6313,#6321,#6323,.T.);
#6321 = VERTEX_POINT('',#6322);
#6322 = CARTESIAN_POINT('',(2.45,-0.89,0.15));
#6323 = LINE('',#6324,#6325);
#6324 = CARTESIAN_POINT('',(2.45,-0.89,0.));
#6325 = VECTOR('',#6326,1.);
#6326 = DIRECTION('',(0.,0.,1.));
#6327 = ORIENTED_EDGE('',*,*,#6328,.T.);
#6328 = EDGE_CURVE('',#6321,#6329,#6331,.T.);
#6329 = VERTEX_POINT('',#6330);
#6330 = CARTESIAN_POINT('',(1.85730626873,-0.89,0.15));
#6331 = LINE('',#6332,#6333);
#6332 = CARTESIAN_POINT('',(2.45,-0.89,0.15));
#6333 = VECTOR('',#6334,1.);
#6334 = DIRECTION('',(-1.,-1.110223024625E-16,0.));
#6335 = ORIENTED_EDGE('',*,*,#6336,.T.);
#6336 = EDGE_CURVE('',#6329,#6337,#6339,.T.);
#6337 = VERTEX_POINT('',#6338);
#6338 = CARTESIAN_POINT('',(1.80806588108,-0.89,0.191317591117));
#6339 = CIRCLE('',#6340,5.E-02);
#6340 = AXIS2_PLACEMENT_3D('',#6341,#6342,#6343);
#6341 = CARTESIAN_POINT('',(1.85730626873,-0.89,0.2));
#6342 = DIRECTION('',(-1.110223024625E-16,1.,0.));
#6343 = DIRECTION('',(0.,0.,-1.));
#6344 = ORIENTED_EDGE('',*,*,#6345,.T.);
#6345 = EDGE_CURVE('',#6337,#6346,#6348,.T.);
#6346 = VERTEX_POINT('',#6347);
#6347 = CARTESIAN_POINT('',(1.746961550602,-0.89,0.559729635533));
#6348 = LINE('',#6349,#6350);
#6349 = CARTESIAN_POINT('',(1.80806588108,-0.89,0.191317591117));
#6350 = VECTOR('',#6351,1.);
#6351 = DIRECTION('',(-0.163623369545,-1.816584322351E-17,0.986522880089
    ));
#6352 = ORIENTED_EDGE('',*,*,#6353,.T.);
#6353 = EDGE_CURVE('',#6346,#6354,#6356,.T.);
#6354 = VERTEX_POINT('',#6355);
#6355 = CARTESIAN_POINT('',(1.55,-0.89,0.725));
#6356 = CIRCLE('',#6357,0.2);
#6357 = AXIS2_PLACEMENT_3D('',#6358,#6359,#6360);
#6358 = CARTESIAN_POINT('',(1.55,-0.89,0.525));
#6359 = DIRECTION('',(1.110223024625E-16,-1.,-6.255634725081E-34));
#6360 = DIRECTION('',(0.984807753012,1.093356242223E-16,0.173648177667)
  );
#6361 = ORIENTED_EDGE('',*,*,#6362,.T.);
#6362 = EDGE_CURVE('',#6354,#3786,#6363,.T.);
#6363 = LINE('',#6364,#6365);
#6364 = CARTESIAN_POINT('',(1.55,-0.89,0.725));
#6365 = VECTOR('',#6366,1.);
#6366 = DIRECTION('',(-1.,-1.110223024625E-16,0.));
#6367 = PLANE('',#6368);
#6368 = AXIS2_PLACEMENT_3D('',#6369,#6370,#6371);
#6369 = CARTESIAN_POINT('',(1.868421083099,-0.89,0.283548691232));
#6370 = DIRECTION('',(1.110223024625E-16,-1.,0.));
#6371 = DIRECTION('',(0.,0.,1.));
#6372 = ADVANCED_FACE('',(#6373),#6392,.F.);
#6373 = FACE_BOUND('',#6374,.F.);
#6374 = EDGE_LOOP('',(#6375,#6376,#6385,#6391));
#6375 = ORIENTED_EDGE('',*,*,#3824,.T.);
#6376 = ORIENTED_EDGE('',*,*,#6377,.T.);
#6377 = EDGE_CURVE('',#3817,#6378,#6380,.T.);
#6378 = VERTEX_POINT('',#6379);
#6379 = CARTESIAN_POINT('',(1.599240387651,-1.11,0.533682408883));
#6380 = CIRCLE('',#6381,5.E-02);
#6381 = AXIS2_PLACEMENT_3D('',#6382,#6383,#6384);
#6382 = CARTESIAN_POINT('',(1.55,-1.11,0.525));
#6383 = DIRECTION('',(-1.110223024625E-16,1.,0.));
#6384 = DIRECTION('',(0.,0.,1.));
#6385 = ORIENTED_EDGE('',*,*,#6386,.F.);
#6386 = EDGE_CURVE('',#6287,#6378,#6387,.T.);
#6387 = LINE('',#6388,#6389);
#6388 = CARTESIAN_POINT('',(1.599240387651,-0.89,0.533682408883));
#6389 = VECTOR('',#6390,1.);
#6390 = DIRECTION('',(1.110223024625E-16,-1.,0.));
#6391 = ORIENTED_EDGE('',*,*,#6286,.F.);
#6392 = CYLINDRICAL_SURFACE('',#6393,5.E-02);
#6393 = AXIS2_PLACEMENT_3D('',#6394,#6395,#6396);
#6394 = CARTESIAN_POINT('',(1.55,-0.89,0.525));
#6395 = DIRECTION('',(-1.110223024625E-16,1.,0.));
#6396 = DIRECTION('',(0.,0.,1.));
#6397 = ADVANCED_FACE('',(#6398),#6476,.T.);
#6398 = FACE_BOUND('',#6399,.T.);
#6399 = EDGE_LOOP('',(#6400,#6401,#6402,#6403,#6411,#6420,#6428,#6436,
    #6444,#6453,#6461,#6470));
#6400 = ORIENTED_EDGE('',*,*,#3838,.F.);
#6401 = ORIENTED_EDGE('',*,*,#3816,.T.);
#6402 = ORIENTED_EDGE('',*,*,#6377,.T.);
#6403 = ORIENTED_EDGE('',*,*,#6404,.T.);
#6404 = EDGE_CURVE('',#6378,#6405,#6407,.T.);
#6405 = VERTEX_POINT('',#6406);
#6406 = CARTESIAN_POINT('',(1.660344718128,-1.11,0.165270364467));
#6407 = LINE('',#6408,#6409);
#6408 = CARTESIAN_POINT('',(1.599240387651,-1.11,0.533682408883));
#6409 = VECTOR('',#6410,1.);
#6410 = DIRECTION('',(0.163623369545,1.816584322351E-17,-0.986522880089)
  );
#6411 = ORIENTED_EDGE('',*,*,#6412,.T.);
#6412 = EDGE_CURVE('',#6405,#6413,#6415,.T.);
#6413 = VERTEX_POINT('',#6414);
#6414 = CARTESIAN_POINT('',(1.85730626873,-1.11,0.));
#6415 = CIRCLE('',#6416,0.2);
#6416 = AXIS2_PLACEMENT_3D('',#6417,#6418,#6419);
#6417 = CARTESIAN_POINT('',(1.85730626873,-1.11,0.2));
#6418 = DIRECTION('',(1.110223024625E-16,-1.,-6.255634725081E-34));
#6419 = DIRECTION('',(-0.984807753012,-1.093356242223E-16,
    -0.173648177667));
#6420 = ORIENTED_EDGE('',*,*,#6421,.T.);
#6421 = EDGE_CURVE('',#6413,#6422,#6424,.T.);
#6422 = VERTEX_POINT('',#6423);
#6423 = CARTESIAN_POINT('',(2.45,-1.11,0.));
#6424 = LINE('',#6425,#6426);
#6425 = CARTESIAN_POINT('',(1.85730626873,-1.11,0.));
#6426 = VECTOR('',#6427,1.);
#6427 = DIRECTION('',(1.,1.110223024625E-16,0.));
#6428 = ORIENTED_EDGE('',*,*,#6429,.T.);
#6429 = EDGE_CURVE('',#6422,#6430,#6432,.T.);
#6430 = VERTEX_POINT('',#6431);
#6431 = CARTESIAN_POINT('',(2.45,-1.11,0.15));
#6432 = LINE('',#6433,#6434);
#6433 = CARTESIAN_POINT('',(2.45,-1.11,0.));
#6434 = VECTOR('',#6435,1.);
#6435 = DIRECTION('',(0.,0.,1.));
#6436 = ORIENTED_EDGE('',*,*,#6437,.T.);
#6437 = EDGE_CURVE('',#6430,#6438,#6440,.T.);
#6438 = VERTEX_POINT('',#6439);
#6439 = CARTESIAN_POINT('',(1.85730626873,-1.11,0.15));
#6440 = LINE('',#6441,#6442);
#6441 = CARTESIAN_POINT('',(2.45,-1.11,0.15));
#6442 = VECTOR('',#6443,1.);
#6443 = DIRECTION('',(-1.,-1.110223024625E-16,0.));
#6444 = ORIENTED_EDGE('',*,*,#6445,.T.);
#6445 = EDGE_CURVE('',#6438,#6446,#6448,.T.);
#6446 = VERTEX_POINT('',#6447);
#6447 = CARTESIAN_POINT('',(1.80806588108,-1.11,0.191317591117));
#6448 = CIRCLE('',#6449,5.E-02);
#6449 = AXIS2_PLACEMENT_3D('',#6450,#6451,#6452);
#6450 = CARTESIAN_POINT('',(1.85730626873,-1.11,0.2));
#6451 = DIRECTION('',(-1.110223024625E-16,1.,0.));
#6452 = DIRECTION('',(0.,0.,-1.));
#6453 = ORIENTED_EDGE('',*,*,#6454,.T.);
#6454 = EDGE_CURVE('',#6446,#6455,#6457,.T.);
#6455 = VERTEX_POINT('',#6456);
#6456 = CARTESIAN_POINT('',(1.746961550602,-1.11,0.559729635533));
#6457 = LINE('',#6458,#6459);
#6458 = CARTESIAN_POINT('',(1.80806588108,-1.11,0.191317591117));
#6459 = VECTOR('',#6460,1.);
#6460 = DIRECTION('',(-0.163623369545,-1.816584322351E-17,0.986522880089
    ));
#6461 = ORIENTED_EDGE('',*,*,#6462,.T.);
#6462 = EDGE_CURVE('',#6455,#6463,#6465,.T.);
#6463 = VERTEX_POINT('',#6464);
#6464 = CARTESIAN_POINT('',(1.55,-1.11,0.725));
#6465 = CIRCLE('',#6466,0.2);
#6466 = AXIS2_PLACEMENT_3D('',#6467,#6468,#6469);
#6467 = CARTESIAN_POINT('',(1.55,-1.11,0.525));
#6468 = DIRECTION('',(1.110223024625E-16,-1.,-6.255634725081E-34));
#6469 = DIRECTION('',(0.984807753012,1.093356242223E-16,0.173648177667)
  );
#6470 = ORIENTED_EDGE('',*,*,#6471,.T.);
#6471 = EDGE_CURVE('',#6463,#3839,#6472,.T.);
#6472 = LINE('',#6473,#6474);
#6473 = CARTESIAN_POINT('',(1.55,-1.11,0.725));
#6474 = VECTOR('',#6475,1.);
#6475 = DIRECTION('',(-1.,-1.110223024625E-16,0.));
#6476 = PLANE('',#6477);
#6477 = AXIS2_PLACEMENT_3D('',#6478,#6479,#6480);
#6478 = CARTESIAN_POINT('',(1.868421083099,-1.11,0.283548691232));
#6479 = DIRECTION('',(1.110223024625E-16,-1.,0.));
#6480 = DIRECTION('',(0.,0.,1.));
#6481 = ADVANCED_FACE('',(#6482),#6493,.T.);
#6482 = FACE_BOUND('',#6483,.T.);
#6483 = EDGE_LOOP('',(#6484,#6485,#6486,#6487));
#6484 = ORIENTED_EDGE('',*,*,#5293,.T.);
#6485 = ORIENTED_EDGE('',*,*,#3939,.T.);
#6486 = ORIENTED_EDGE('',*,*,#5395,.F.);
#6487 = ORIENTED_EDGE('',*,*,#6488,.F.);
#6488 = EDGE_CURVE('',#5286,#5388,#6489,.T.);
#6489 = LINE('',#6490,#6491);
#6490 = CARTESIAN_POINT('',(-1.746961550602,0.89,0.559729635533));
#6491 = VECTOR('',#6492,1.);
#6492 = DIRECTION('',(1.144237745222E-17,1.,0.));
#6493 = CYLINDRICAL_SURFACE('',#6494,0.2);
#6494 = AXIS2_PLACEMENT_3D('',#6495,#6496,#6497);
#6495 = CARTESIAN_POINT('',(-1.55,0.89,0.525));
#6496 = DIRECTION('',(-1.144237745222E-17,-1.,0.));
#6497 = DIRECTION('',(-0.984807753012,1.126854202784E-17,0.173648177667)
  );
#6498 = ADVANCED_FACE('',(#6499),#6512,.F.);
#6499 = FACE_BOUND('',#6500,.F.);
#6500 = EDGE_LOOP('',(#6501,#6502,#6508,#6509,#6510,#6511));
#6501 = ORIENTED_EDGE('',*,*,#4415,.F.);
#6502 = ORIENTED_EDGE('',*,*,#6503,.T.);
#6503 = EDGE_CURVE('',#4407,#4516,#6504,.T.);
#6504 = LINE('',#6505,#6506);
#6505 = CARTESIAN_POINT('',(-1.55,-1.11,0.725));
#6506 = VECTOR('',#6507,1.);
#6507 = DIRECTION('',(1.144237745222E-17,1.,0.));
#6508 = ORIENTED_EDGE('',*,*,#4524,.T.);
#6509 = ORIENTED_EDGE('',*,*,#4546,.T.);
#6510 = ORIENTED_EDGE('',*,*,#3986,.F.);
#6511 = ORIENTED_EDGE('',*,*,#4289,.F.);
#6512 = PLANE('',#6513);
#6513 = AXIS2_PLACEMENT_3D('',#6514,#6515,#6516);
#6514 = CARTESIAN_POINT('',(-1.55,-1.11,0.725));
#6515 = DIRECTION('',(0.,0.,-1.));
#6516 = DIRECTION('',(1.,-1.144237745222E-17,0.));
#6517 = ADVANCED_FACE('',(#6518),#6531,.F.);
#6518 = FACE_BOUND('',#6519,.F.);
#6519 = EDGE_LOOP('',(#6520,#6521,#6527,#6528,#6529,#6530));
#6520 = ORIENTED_EDGE('',*,*,#4638,.F.);
#6521 = ORIENTED_EDGE('',*,*,#6522,.T.);
#6522 = EDGE_CURVE('',#4630,#4739,#6523,.T.);
#6523 = LINE('',#6524,#6525);
#6524 = CARTESIAN_POINT('',(-1.55,-0.61,0.725));
#6525 = VECTOR('',#6526,1.);
#6526 = DIRECTION('',(1.144237745222E-17,1.,0.));
#6527 = ORIENTED_EDGE('',*,*,#4747,.T.);
#6528 = ORIENTED_EDGE('',*,*,#4769,.T.);
#6529 = ORIENTED_EDGE('',*,*,#4002,.F.);
#6530 = ORIENTED_EDGE('',*,*,#4539,.F.);
#6531 = PLANE('',#6532);
#6532 = AXIS2_PLACEMENT_3D('',#6533,#6534,#6535);
#6533 = CARTESIAN_POINT('',(-1.55,-0.61,0.725));
#6534 = DIRECTION('',(0.,0.,-1.));
#6535 = DIRECTION('',(1.,-1.144237745222E-17,0.));
#6536 = ADVANCED_FACE('',(#6537),#6550,.F.);
#6537 = FACE_BOUND('',#6538,.F.);
#6538 = EDGE_LOOP('',(#6539,#6540,#6546,#6547,#6548,#6549));
#6539 = ORIENTED_EDGE('',*,*,#4861,.F.);
#6540 = ORIENTED_EDGE('',*,*,#6541,.T.);
#6541 = EDGE_CURVE('',#4853,#4962,#6542,.T.);
#6542 = LINE('',#6543,#6544);
#6543 = CARTESIAN_POINT('',(-1.55,-0.11,0.725));
#6544 = VECTOR('',#6545,1.);
#6545 = DIRECTION('',(1.144237745222E-17,1.,0.));
#6546 = ORIENTED_EDGE('',*,*,#4970,.T.);
#6547 = ORIENTED_EDGE('',*,*,#4992,.T.);
#6548 = ORIENTED_EDGE('',*,*,#4018,.F.);
#6549 = ORIENTED_EDGE('',*,*,#4762,.F.);
#6550 = PLANE('',#6551);
#6551 = AXIS2_PLACEMENT_3D('',#6552,#6553,#6554);
#6552 = CARTESIAN_POINT('',(-1.55,-0.11,0.725));
#6553 = DIRECTION('',(0.,0.,-1.));
#6554 = DIRECTION('',(1.,-1.144237745222E-17,0.));
#6555 = ADVANCED_FACE('',(#6556),#6569,.F.);
#6556 = FACE_BOUND('',#6557,.F.);
#6557 = EDGE_LOOP('',(#6558,#6559,#6565,#6566,#6567,#6568));
#6558 = ORIENTED_EDGE('',*,*,#5084,.F.);
#6559 = ORIENTED_EDGE('',*,*,#6560,.T.);
#6560 = EDGE_CURVE('',#5076,#5185,#6561,.T.);
#6561 = LINE('',#6562,#6563);
#6562 = CARTESIAN_POINT('',(-1.55,0.39,0.725));
#6563 = VECTOR('',#6564,1.);
#6564 = DIRECTION('',(1.144237745222E-17,1.,0.));
#6565 = ORIENTED_EDGE('',*,*,#5193,.T.);
#6566 = ORIENTED_EDGE('',*,*,#5210,.T.);
#6567 = ORIENTED_EDGE('',*,*,#4034,.F.);
#6568 = ORIENTED_EDGE('',*,*,#4985,.F.);
#6569 = PLANE('',#6570);
#6570 = AXIS2_PLACEMENT_3D('',#6571,#6572,#6573);
#6571 = CARTESIAN_POINT('',(-1.55,0.39,0.725));
#6572 = DIRECTION('',(0.,0.,-1.));
#6573 = DIRECTION('',(1.,-1.144237745222E-17,0.));
#6574 = ADVANCED_FACE('',(#6575,#6604),#6615,.T.);
#6575 = FACE_BOUND('',#6576,.T.);
#6576 = EDGE_LOOP('',(#6577,#6578,#6579,#6580,#6588,#6596,#6602,#6603));
#6577 = ORIENTED_EDGE('',*,*,#4109,.F.);
#6578 = ORIENTED_EDGE('',*,*,#4086,.F.);
#6579 = ORIENTED_EDGE('',*,*,#4057,.F.);
#6580 = ORIENTED_EDGE('',*,*,#6581,.F.);
#6581 = EDGE_CURVE('',#6582,#4058,#6584,.T.);
#6582 = VERTEX_POINT('',#6583);
#6583 = CARTESIAN_POINT('',(-1.224517816603,-1.349035633207,1.2));
#6584 = LINE('',#6585,#6586);
#6585 = CARTESIAN_POINT('',(-1.224517816603,-1.349035633207,1.2));
#6586 = VECTOR('',#6587,1.);
#6587 = DIRECTION('',(-0.707106781187,0.707106781187,0.));
#6588 = ORIENTED_EDGE('',*,*,#6589,.F.);
#6589 = EDGE_CURVE('',#6590,#6582,#6592,.T.);
#6590 = VERTEX_POINT('',#6591);
#6591 = CARTESIAN_POINT('',(1.224517816603,-1.349035633207,1.2));
#6592 = LINE('',#6593,#6594);
#6593 = CARTESIAN_POINT('',(1.224517816603,-1.349035633207,1.2));
#6594 = VECTOR('',#6595,1.);
#6595 = DIRECTION('',(-1.,-1.110223024625E-16,0.));
#6596 = ORIENTED_EDGE('',*,*,#6597,.F.);
#6597 = EDGE_CURVE('',#4229,#6590,#6598,.T.);
#6598 = LINE('',#6599,#6600);
#6599 = CARTESIAN_POINT('',(1.349035633207,-1.224517816603,1.2));
#6600 = VECTOR('',#6601,1.);
#6601 = DIRECTION('',(-0.707106781187,-0.707106781187,0.));
#6602 = ORIENTED_EDGE('',*,*,#4235,.F.);
#6603 = ORIENTED_EDGE('',*,*,#4132,.F.);
#6604 = FACE_BOUND('',#6605,.T.);
#6605 = EDGE_LOOP('',(#6606));
#6606 = ORIENTED_EDGE('',*,*,#6607,.T.);
#6607 = EDGE_CURVE('',#6608,#6608,#6610,.T.);
#6608 = VERTEX_POINT('',#6609);
#6609 = CARTESIAN_POINT('',(-1.049035633207,0.924035633207,1.2));
#6610 = CIRCLE('',#6611,0.125);
#6611 = AXIS2_PLACEMENT_3D('',#6612,#6613,#6614);
#6612 = CARTESIAN_POINT('',(-1.049035633207,1.049035633207,1.2));
#6613 = DIRECTION('',(0.,-0.,-1.));
#6614 = DIRECTION('',(1.110223024625E-16,-1.,0.));
#6615 = PLANE('',#6616);
#6616 = AXIS2_PLACEMENT_3D('',#6617,#6618,#6619);
#6617 = CARTESIAN_POINT('',(-1.224517816603,1.349035633207,1.2));
#6618 = DIRECTION('',(0.,0.,1.));
#6619 = DIRECTION('',(0.672108165628,-0.740452978721,0.));
#6620 = ADVANCED_FACE('',(#6621),#6631,.F.);
#6621 = FACE_BOUND('',#6622,.F.);
#6622 = EDGE_LOOP('',(#6623,#6624,#6625,#6626));
#6623 = ORIENTED_EDGE('',*,*,#4296,.T.);
#6624 = ORIENTED_EDGE('',*,*,#4065,.T.);
#6625 = ORIENTED_EDGE('',*,*,#6581,.F.);
#6626 = ORIENTED_EDGE('',*,*,#6627,.F.);
#6627 = EDGE_CURVE('',#4297,#6582,#6628,.T.);
#6628 = B_SPLINE_CURVE_WITH_KNOTS('',1,(#6629,#6630),.UNSPECIFIED.,.F.,
  .F.,(2,2),(0.,1.),.PIECEWISE_BEZIER_KNOTS.);
#6629 = CARTESIAN_POINT('',(-1.275,-1.45,0.725));
#6630 = CARTESIAN_POINT('',(-1.224517816603,-1.349035633207,1.2));
#6631 = B_SPLINE_SURFACE_WITH_KNOTS('',1,1,(
    (#6632,#6633)
    ,(#6634,#6635
    )),.UNSPECIFIED.,.F.,.F.,.F.,(2,2),(2,2),(0.,0.247487373415),(0.,1.)
  ,.PIECEWISE_BEZIER_KNOTS.);
#6632 = CARTESIAN_POINT('',(-1.275,-1.45,0.725));
#6633 = CARTESIAN_POINT('',(-1.224517816603,-1.349035633207,1.2));
#6634 = CARTESIAN_POINT('',(-1.45,-1.275,0.725));
#6635 = CARTESIAN_POINT('',(-1.349035633207,-1.224517816603,1.2));
#6636 = ADVANCED_FACE('',(#6637),#6650,.F.);
#6637 = FACE_BOUND('',#6638,.F.);
#6638 = EDGE_LOOP('',(#6639,#6640,#6646,#6647,#6648,#6649));
#6639 = ORIENTED_EDGE('',*,*,#5693,.F.);
#6640 = ORIENTED_EDGE('',*,*,#6641,.T.);
#6641 = EDGE_CURVE('',#5685,#5794,#6642,.T.);
#6642 = LINE('',#6643,#6644);
#6643 = CARTESIAN_POINT('',(1.55,0.61,0.725));
#6644 = VECTOR('',#6645,1.);
#6645 = DIRECTION('',(1.110223024625E-16,-1.,0.));
#6646 = ORIENTED_EDGE('',*,*,#5802,.T.);
#6647 = ORIENTED_EDGE('',*,*,#5816,.T.);
#6648 = ORIENTED_EDGE('',*,*,#4164,.F.);
#6649 = ORIENTED_EDGE('',*,*,#5600,.F.);
#6650 = PLANE('',#6651);
#6651 = AXIS2_PLACEMENT_3D('',#6652,#6653,#6654);
#6652 = CARTESIAN_POINT('',(1.55,0.61,0.725));
#6653 = DIRECTION('',(0.,0.,-1.));
#6654 = DIRECTION('',(-1.,-1.110223024625E-16,-0.));
#6655 = ADVANCED_FACE('',(#6656),#6669,.F.);
#6656 = FACE_BOUND('',#6657,.F.);
#6657 = EDGE_LOOP('',(#6658,#6659,#6665,#6666,#6667,#6668));
#6658 = ORIENTED_EDGE('',*,*,#5916,.F.);
#6659 = ORIENTED_EDGE('',*,*,#6660,.T.);
#6660 = EDGE_CURVE('',#5908,#6017,#6661,.T.);
#6661 = LINE('',#6662,#6663);
#6662 = CARTESIAN_POINT('',(1.55,0.11,0.725));
#6663 = VECTOR('',#6664,1.);
#6664 = DIRECTION('',(1.110223024625E-16,-1.,0.));
#6665 = ORIENTED_EDGE('',*,*,#6025,.T.);
#6666 = ORIENTED_EDGE('',*,*,#6039,.T.);
#6667 = ORIENTED_EDGE('',*,*,#4180,.F.);
#6668 = ORIENTED_EDGE('',*,*,#5823,.F.);
#6669 = PLANE('',#6670);
#6670 = AXIS2_PLACEMENT_3D('',#6671,#6672,#6673);
#6671 = CARTESIAN_POINT('',(1.55,0.11,0.725));
#6672 = DIRECTION('',(0.,0.,-1.));
#6673 = DIRECTION('',(-1.,-1.110223024625E-16,-0.));
#6674 = ADVANCED_FACE('',(#6675),#6688,.F.);
#6675 = FACE_BOUND('',#6676,.F.);
#6676 = EDGE_LOOP('',(#6677,#6678,#6684,#6685,#6686,#6687));
#6677 = ORIENTED_EDGE('',*,*,#6139,.F.);
#6678 = ORIENTED_EDGE('',*,*,#6679,.T.);
#6679 = EDGE_CURVE('',#6131,#6240,#6680,.T.);
#6680 = LINE('',#6681,#6682);
#6681 = CARTESIAN_POINT('',(1.55,-0.39,0.725));
#6682 = VECTOR('',#6683,1.);
#6683 = DIRECTION('',(1.110223024625E-16,-1.,0.));
#6684 = ORIENTED_EDGE('',*,*,#6248,.T.);
#6685 = ORIENTED_EDGE('',*,*,#6262,.T.);
#6686 = ORIENTED_EDGE('',*,*,#4196,.F.);
#6687 = ORIENTED_EDGE('',*,*,#6046,.F.);
#6688 = PLANE('',#6689);
#6689 = AXIS2_PLACEMENT_3D('',#6690,#6691,#6692);
#6690 = CARTESIAN_POINT('',(1.55,-0.39,0.725));
#6691 = DIRECTION('',(0.,0.,-1.));
#6692 = DIRECTION('',(-1.,-1.110223024625E-16,-0.));
#6693 = ADVANCED_FACE('',(#6694),#6707,.F.);
#6694 = FACE_BOUND('',#6695,.F.);
#6695 = EDGE_LOOP('',(#6696,#6697,#6703,#6704,#6705,#6706));
#6696 = ORIENTED_EDGE('',*,*,#6362,.F.);
#6697 = ORIENTED_EDGE('',*,*,#6698,.T.);
#6698 = EDGE_CURVE('',#6354,#6463,#6699,.T.);
#6699 = LINE('',#6700,#6701);
#6700 = CARTESIAN_POINT('',(1.55,-0.89,0.725));
#6701 = VECTOR('',#6702,1.);
#6702 = DIRECTION('',(1.110223024625E-16,-1.,0.));
#6703 = ORIENTED_EDGE('',*,*,#6471,.T.);
#6704 = ORIENTED_EDGE('',*,*,#4319,.T.);
#6705 = ORIENTED_EDGE('',*,*,#4212,.F.);
#6706 = ORIENTED_EDGE('',*,*,#6269,.F.);
#6707 = PLANE('',#6708);
#6708 = AXIS2_PLACEMENT_3D('',#6709,#6710,#6711);
#6709 = CARTESIAN_POINT('',(1.55,-0.89,0.725));
#6710 = DIRECTION('',(0.,0.,-1.));
#6711 = DIRECTION('',(-1.,-1.110223024625E-16,-0.));
#6712 = ADVANCED_FACE('',(#6713),#6723,.F.);
#6713 = FACE_BOUND('',#6714,.F.);
#6714 = EDGE_LOOP('',(#6715,#6716,#6721,#6722));
#6715 = ORIENTED_EDGE('',*,*,#4312,.T.);
#6716 = ORIENTED_EDGE('',*,*,#6717,.T.);
#6717 = EDGE_CURVE('',#4305,#6590,#6718,.T.);
#6718 = B_SPLINE_CURVE_WITH_KNOTS('',1,(#6719,#6720),.UNSPECIFIED.,.F.,
  .F.,(2,2),(0.,1.),.PIECEWISE_BEZIER_KNOTS.);
#6719 = CARTESIAN_POINT('',(1.275,-1.45,0.725));
#6720 = CARTESIAN_POINT('',(1.224517816603,-1.349035633207,1.2));
#6721 = ORIENTED_EDGE('',*,*,#6597,.F.);
#6722 = ORIENTED_EDGE('',*,*,#4228,.F.);
#6723 = B_SPLINE_SURFACE_WITH_KNOTS('',1,1,(
    (#6724,#6725)
    ,(#6726,#6727
    )),.UNSPECIFIED.,.F.,.F.,.F.,(2,2),(2,2),(0.,0.247487373415),(0.,1.)
  ,.PIECEWISE_BEZIER_KNOTS.);
#6724 = CARTESIAN_POINT('',(1.45,-1.275,0.725));
#6725 = CARTESIAN_POINT('',(1.349035633207,-1.224517816603,1.2));
#6726 = CARTESIAN_POINT('',(1.275,-1.45,0.725));
#6727 = CARTESIAN_POINT('',(1.224517816603,-1.349035633207,1.2));
#6728 = ADVANCED_FACE('',(#6729),#6740,.T.);
#6729 = FACE_BOUND('',#6730,.T.);
#6730 = EDGE_LOOP('',(#6731,#6732,#6733,#6734));
#6731 = ORIENTED_EDGE('',*,*,#5480,.T.);
#6732 = ORIENTED_EDGE('',*,*,#4258,.T.);
#6733 = ORIENTED_EDGE('',*,*,#5582,.F.);
#6734 = ORIENTED_EDGE('',*,*,#6735,.F.);
#6735 = EDGE_CURVE('',#5473,#5575,#6736,.T.);
#6736 = LINE('',#6737,#6738);
#6737 = CARTESIAN_POINT('',(1.746961550602,1.11,0.559729635533));
#6738 = VECTOR('',#6739,1.);
#6739 = DIRECTION('',(1.110223024625E-16,-1.,0.));
#6740 = CYLINDRICAL_SURFACE('',#6741,0.2);
#6741 = AXIS2_PLACEMENT_3D('',#6742,#6743,#6744);
#6742 = CARTESIAN_POINT('',(1.55,1.11,0.525));
#6743 = DIRECTION('',(-1.110223024625E-16,1.,0.));
#6744 = DIRECTION('',(0.984807753012,1.093356242223E-16,0.173648177667)
  );
#6745 = ADVANCED_FACE('',(#6746),#6752,.F.);
#6746 = FACE_BOUND('',#6747,.F.);
#6747 = EDGE_LOOP('',(#6748,#6749,#6750,#6751));
#6748 = ORIENTED_EDGE('',*,*,#4304,.T.);
#6749 = ORIENTED_EDGE('',*,*,#6627,.T.);
#6750 = ORIENTED_EDGE('',*,*,#6589,.F.);
#6751 = ORIENTED_EDGE('',*,*,#6717,.F.);
#6752 = B_SPLINE_SURFACE_WITH_KNOTS('',1,1,(
    (#6753,#6754)
    ,(#6755,#6756
    )),.UNSPECIFIED.,.F.,.F.,.F.,(2,2),(2,2),(0.,2.55),(0.,1.),
  .PIECEWISE_BEZIER_KNOTS.);
#6753 = CARTESIAN_POINT('',(1.275,-1.45,0.725));
#6754 = CARTESIAN_POINT('',(1.224517816603,-1.349035633207,1.2));
#6755 = CARTESIAN_POINT('',(-1.275,-1.45,0.725));
#6756 = CARTESIAN_POINT('',(-1.224517816603,-1.349035633207,1.2));
#6757 = ADVANCED_FACE('',(#6758),#6769,.T.);
#6758 = FACE_BOUND('',#6759,.T.);
#6759 = EDGE_LOOP('',(#6760,#6761,#6762,#6763));
#6760 = ORIENTED_EDGE('',*,*,#4406,.T.);
#6761 = ORIENTED_EDGE('',*,*,#6503,.T.);
#6762 = ORIENTED_EDGE('',*,*,#4515,.F.);
#6763 = ORIENTED_EDGE('',*,*,#6764,.F.);
#6764 = EDGE_CURVE('',#4399,#4508,#6765,.T.);
#6765 = LINE('',#6766,#6767);
#6766 = CARTESIAN_POINT('',(-1.746961550602,-1.11,0.559729635533));
#6767 = VECTOR('',#6768,1.);
#6768 = DIRECTION('',(1.144237745222E-17,1.,0.));
#6769 = CYLINDRICAL_SURFACE('',#6770,0.2);
#6770 = AXIS2_PLACEMENT_3D('',#6771,#6772,#6773);
#6771 = CARTESIAN_POINT('',(-1.55,-1.11,0.525));
#6772 = DIRECTION('',(-1.144237745222E-17,-1.,0.));
#6773 = DIRECTION('',(-0.984807753012,1.126854202784E-17,0.173648177667)
  );
#6774 = ADVANCED_FACE('',(#6775),#6786,.F.);
#6775 = FACE_BOUND('',#6776,.F.);
#6776 = EDGE_LOOP('',(#6777,#6783,#6784,#6785));
#6777 = ORIENTED_EDGE('',*,*,#6778,.T.);
#6778 = EDGE_CURVE('',#4390,#4499,#6779,.T.);
#6779 = LINE('',#6780,#6781);
#6780 = CARTESIAN_POINT('',(-1.80806588108,-1.11,0.191317591117));
#6781 = VECTOR('',#6782,1.);
#6782 = DIRECTION('',(1.144237745222E-17,1.,0.));
#6783 = ORIENTED_EDGE('',*,*,#4507,.T.);
#6784 = ORIENTED_EDGE('',*,*,#6764,.F.);
#6785 = ORIENTED_EDGE('',*,*,#4398,.F.);
#6786 = PLANE('',#6787);
#6787 = AXIS2_PLACEMENT_3D('',#6788,#6789,#6790);
#6788 = CARTESIAN_POINT('',(-1.80806588108,-1.11,0.191317591117));
#6789 = DIRECTION('',(0.986522880089,-1.128816715923E-17,-0.163623369545
    ));
#6790 = DIRECTION('',(0.163623369545,-1.872240354333E-18,0.986522880089)
  );
#6791 = ADVANCED_FACE('',(#6792),#6803,.F.);
#6792 = FACE_BOUND('',#6793,.F.);
#6793 = EDGE_LOOP('',(#6794,#6800,#6801,#6802));
#6794 = ORIENTED_EDGE('',*,*,#6795,.T.);
#6795 = EDGE_CURVE('',#4382,#4491,#6796,.T.);
#6796 = LINE('',#6797,#6798);
#6797 = CARTESIAN_POINT('',(-1.85730626873,-1.11,0.15));
#6798 = VECTOR('',#6799,1.);
#6799 = DIRECTION('',(1.144237745222E-17,1.,0.));
#6800 = ORIENTED_EDGE('',*,*,#4498,.T.);
#6801 = ORIENTED_EDGE('',*,*,#6778,.F.);
#6802 = ORIENTED_EDGE('',*,*,#4389,.F.);
#6803 = CYLINDRICAL_SURFACE('',#6804,5.E-02);
#6804 = AXIS2_PLACEMENT_3D('',#6805,#6806,#6807);
#6805 = CARTESIAN_POINT('',(-1.85730626873,-1.11,0.2));
#6806 = DIRECTION('',(-1.144237745222E-17,-1.,0.));
#6807 = DIRECTION('',(-0.,0.,-1.));
#6808 = ADVANCED_FACE('',(#6809),#6820,.F.);
#6809 = FACE_BOUND('',#6810,.F.);
#6810 = EDGE_LOOP('',(#6811,#6817,#6818,#6819));
#6811 = ORIENTED_EDGE('',*,*,#6812,.T.);
#6812 = EDGE_CURVE('',#4374,#4483,#6813,.T.);
#6813 = LINE('',#6814,#6815);
#6814 = CARTESIAN_POINT('',(-2.45,-1.11,0.15));
#6815 = VECTOR('',#6816,1.);
#6816 = DIRECTION('',(1.144237745222E-17,1.,0.));
#6817 = ORIENTED_EDGE('',*,*,#4490,.T.);
#6818 = ORIENTED_EDGE('',*,*,#6795,.F.);
#6819 = ORIENTED_EDGE('',*,*,#4381,.F.);
#6820 = PLANE('',#6821);
#6821 = AXIS2_PLACEMENT_3D('',#6822,#6823,#6824);
#6822 = CARTESIAN_POINT('',(-2.45,-1.11,0.15));
#6823 = DIRECTION('',(0.,0.,-1.));
#6824 = DIRECTION('',(1.,-1.144237745222E-17,0.));
#6825 = ADVANCED_FACE('',(#6826),#6837,.F.);
#6826 = FACE_BOUND('',#6827,.F.);
#6827 = EDGE_LOOP('',(#6828,#6834,#6835,#6836));
#6828 = ORIENTED_EDGE('',*,*,#6829,.T.);
#6829 = EDGE_CURVE('',#4366,#4475,#6830,.T.);
#6830 = LINE('',#6831,#6832);
#6831 = CARTESIAN_POINT('',(-2.45,-1.11,0.));
#6832 = VECTOR('',#6833,1.);
#6833 = DIRECTION('',(1.144237745222E-17,1.,0.));
#6834 = ORIENTED_EDGE('',*,*,#4482,.T.);
#6835 = ORIENTED_EDGE('',*,*,#6812,.F.);
#6836 = ORIENTED_EDGE('',*,*,#4373,.F.);
#6837 = PLANE('',#6838);
#6838 = AXIS2_PLACEMENT_3D('',#6839,#6840,#6841);
#6839 = CARTESIAN_POINT('',(-2.45,-1.11,0.));
#6840 = DIRECTION('',(1.,-1.144237745222E-17,0.));
#6841 = DIRECTION('',(0.,0.,1.));
#6842 = ADVANCED_FACE('',(#6843),#6854,.F.);
#6843 = FACE_BOUND('',#6844,.F.);
#6844 = EDGE_LOOP('',(#6845,#6851,#6852,#6853));
#6845 = ORIENTED_EDGE('',*,*,#6846,.T.);
#6846 = EDGE_CURVE('',#4357,#4466,#6847,.T.);
#6847 = LINE('',#6848,#6849);
#6848 = CARTESIAN_POINT('',(-1.85730626873,-1.11,0.));
#6849 = VECTOR('',#6850,1.);
#6850 = DIRECTION('',(1.144237745222E-17,1.,0.));
#6851 = ORIENTED_EDGE('',*,*,#4474,.T.);
#6852 = ORIENTED_EDGE('',*,*,#6829,.F.);
#6853 = ORIENTED_EDGE('',*,*,#4365,.F.);
#6854 = PLANE('',#6855);
#6855 = AXIS2_PLACEMENT_3D('',#6856,#6857,#6858);
#6856 = CARTESIAN_POINT('',(-1.85730626873,-1.11,0.));
#6857 = DIRECTION('',(0.,0.,1.));
#6858 = DIRECTION('',(-1.,1.144237745222E-17,0.));
#6859 = ADVANCED_FACE('',(#6860),#6871,.T.);
#6860 = FACE_BOUND('',#6861,.T.);
#6861 = EDGE_LOOP('',(#6862,#6863,#6864,#6865));
#6862 = ORIENTED_EDGE('',*,*,#4356,.T.);
#6863 = ORIENTED_EDGE('',*,*,#6846,.T.);
#6864 = ORIENTED_EDGE('',*,*,#4465,.F.);
#6865 = ORIENTED_EDGE('',*,*,#6866,.F.);
#6866 = EDGE_CURVE('',#4349,#4458,#6867,.T.);
#6867 = LINE('',#6868,#6869);
#6868 = CARTESIAN_POINT('',(-1.660344718128,-1.11,0.165270364467));
#6869 = VECTOR('',#6870,1.);
#6870 = DIRECTION('',(1.144237745222E-17,1.,0.));
#6871 = CYLINDRICAL_SURFACE('',#6872,0.2);
#6872 = AXIS2_PLACEMENT_3D('',#6873,#6874,#6875);
#6873 = CARTESIAN_POINT('',(-1.85730626873,-1.11,0.2));
#6874 = DIRECTION('',(-1.144237745222E-17,-1.,0.));
#6875 = DIRECTION('',(0.984807753012,-1.126854202784E-17,-0.173648177667
    ));
#6876 = ADVANCED_FACE('',(#6877),#6883,.F.);
#6877 = FACE_BOUND('',#6878,.F.);
#6878 = EDGE_LOOP('',(#6879,#6880,#6881,#6882));
#6879 = ORIENTED_EDGE('',*,*,#4439,.T.);
#6880 = ORIENTED_EDGE('',*,*,#4457,.T.);
#6881 = ORIENTED_EDGE('',*,*,#6866,.F.);
#6882 = ORIENTED_EDGE('',*,*,#4348,.F.);
#6883 = PLANE('',#6884);
#6884 = AXIS2_PLACEMENT_3D('',#6885,#6886,#6887);
#6885 = CARTESIAN_POINT('',(-1.599240387651,-1.11,0.533682408883));
#6886 = DIRECTION('',(-0.986522880089,1.128816715923E-17,0.163623369545)
  );
#6887 = DIRECTION('',(-0.163623369545,1.872240354333E-18,-0.986522880089
    ));
#6888 = ADVANCED_FACE('',(#6889),#6900,.T.);
#6889 = FACE_BOUND('',#6890,.T.);
#6890 = EDGE_LOOP('',(#6891,#6892,#6893,#6894));
#6891 = ORIENTED_EDGE('',*,*,#4629,.T.);
#6892 = ORIENTED_EDGE('',*,*,#6522,.T.);
#6893 = ORIENTED_EDGE('',*,*,#4738,.F.);
#6894 = ORIENTED_EDGE('',*,*,#6895,.F.);
#6895 = EDGE_CURVE('',#4622,#4731,#6896,.T.);
#6896 = LINE('',#6897,#6898);
#6897 = CARTESIAN_POINT('',(-1.746961550602,-0.61,0.559729635533));
#6898 = VECTOR('',#6899,1.);
#6899 = DIRECTION('',(1.144237745222E-17,1.,0.));
#6900 = CYLINDRICAL_SURFACE('',#6901,0.2);
#6901 = AXIS2_PLACEMENT_3D('',#6902,#6903,#6904);
#6902 = CARTESIAN_POINT('',(-1.55,-0.61,0.525));
#6903 = DIRECTION('',(-1.144237745222E-17,-1.,0.));
#6904 = DIRECTION('',(-0.984807753012,1.126854202784E-17,0.173648177667)
  );
#6905 = ADVANCED_FACE('',(#6906),#6917,.F.);
#6906 = FACE_BOUND('',#6907,.F.);
#6907 = EDGE_LOOP('',(#6908,#6914,#6915,#6916));
#6908 = ORIENTED_EDGE('',*,*,#6909,.T.);
#6909 = EDGE_CURVE('',#4613,#4722,#6910,.T.);
#6910 = LINE('',#6911,#6912);
#6911 = CARTESIAN_POINT('',(-1.80806588108,-0.61,0.191317591117));
#6912 = VECTOR('',#6913,1.);
#6913 = DIRECTION('',(1.144237745222E-17,1.,0.));
#6914 = ORIENTED_EDGE('',*,*,#4730,.T.);
#6915 = ORIENTED_EDGE('',*,*,#6895,.F.);
#6916 = ORIENTED_EDGE('',*,*,#4621,.F.);
#6917 = PLANE('',#6918);
#6918 = AXIS2_PLACEMENT_3D('',#6919,#6920,#6921);
#6919 = CARTESIAN_POINT('',(-1.80806588108,-0.61,0.191317591117));
#6920 = DIRECTION('',(0.986522880089,-1.128816715923E-17,-0.163623369545
    ));
#6921 = DIRECTION('',(0.163623369545,-1.872240354333E-18,0.986522880089)
  );
#6922 = ADVANCED_FACE('',(#6923),#6934,.F.);
#6923 = FACE_BOUND('',#6924,.F.);
#6924 = EDGE_LOOP('',(#6925,#6931,#6932,#6933));
#6925 = ORIENTED_EDGE('',*,*,#6926,.T.);
#6926 = EDGE_CURVE('',#4605,#4714,#6927,.T.);
#6927 = LINE('',#6928,#6929);
#6928 = CARTESIAN_POINT('',(-1.85730626873,-0.61,0.15));
#6929 = VECTOR('',#6930,1.);
#6930 = DIRECTION('',(1.144237745222E-17,1.,0.));
#6931 = ORIENTED_EDGE('',*,*,#4721,.T.);
#6932 = ORIENTED_EDGE('',*,*,#6909,.F.);
#6933 = ORIENTED_EDGE('',*,*,#4612,.F.);
#6934 = CYLINDRICAL_SURFACE('',#6935,5.E-02);
#6935 = AXIS2_PLACEMENT_3D('',#6936,#6937,#6938);
#6936 = CARTESIAN_POINT('',(-1.85730626873,-0.61,0.2));
#6937 = DIRECTION('',(-1.144237745222E-17,-1.,0.));
#6938 = DIRECTION('',(-0.,0.,-1.));
#6939 = ADVANCED_FACE('',(#6940),#6951,.F.);
#6940 = FACE_BOUND('',#6941,.F.);
#6941 = EDGE_LOOP('',(#6942,#6948,#6949,#6950));
#6942 = ORIENTED_EDGE('',*,*,#6943,.T.);
#6943 = EDGE_CURVE('',#4597,#4706,#6944,.T.);
#6944 = LINE('',#6945,#6946);
#6945 = CARTESIAN_POINT('',(-2.45,-0.61,0.15));
#6946 = VECTOR('',#6947,1.);
#6947 = DIRECTION('',(1.144237745222E-17,1.,0.));
#6948 = ORIENTED_EDGE('',*,*,#4713,.T.);
#6949 = ORIENTED_EDGE('',*,*,#6926,.F.);
#6950 = ORIENTED_EDGE('',*,*,#4604,.F.);
#6951 = PLANE('',#6952);
#6952 = AXIS2_PLACEMENT_3D('',#6953,#6954,#6955);
#6953 = CARTESIAN_POINT('',(-2.45,-0.61,0.15));
#6954 = DIRECTION('',(0.,0.,-1.));
#6955 = DIRECTION('',(1.,-1.144237745222E-17,0.));
#6956 = ADVANCED_FACE('',(#6957),#6968,.F.);
#6957 = FACE_BOUND('',#6958,.F.);
#6958 = EDGE_LOOP('',(#6959,#6965,#6966,#6967));
#6959 = ORIENTED_EDGE('',*,*,#6960,.T.);
#6960 = EDGE_CURVE('',#4589,#4698,#6961,.T.);
#6961 = LINE('',#6962,#6963);
#6962 = CARTESIAN_POINT('',(-2.45,-0.61,0.));
#6963 = VECTOR('',#6964,1.);
#6964 = DIRECTION('',(1.144237745222E-17,1.,0.));
#6965 = ORIENTED_EDGE('',*,*,#4705,.T.);
#6966 = ORIENTED_EDGE('',*,*,#6943,.F.);
#6967 = ORIENTED_EDGE('',*,*,#4596,.F.);
#6968 = PLANE('',#6969);
#6969 = AXIS2_PLACEMENT_3D('',#6970,#6971,#6972);
#6970 = CARTESIAN_POINT('',(-2.45,-0.61,0.));
#6971 = DIRECTION('',(1.,-1.144237745222E-17,0.));
#6972 = DIRECTION('',(0.,0.,1.));
#6973 = ADVANCED_FACE('',(#6974),#6985,.F.);
#6974 = FACE_BOUND('',#6975,.F.);
#6975 = EDGE_LOOP('',(#6976,#6982,#6983,#6984));
#6976 = ORIENTED_EDGE('',*,*,#6977,.T.);
#6977 = EDGE_CURVE('',#4580,#4689,#6978,.T.);
#6978 = LINE('',#6979,#6980);
#6979 = CARTESIAN_POINT('',(-1.85730626873,-0.61,0.));
#6980 = VECTOR('',#6981,1.);
#6981 = DIRECTION('',(1.144237745222E-17,1.,0.));
#6982 = ORIENTED_EDGE('',*,*,#4697,.T.);
#6983 = ORIENTED_EDGE('',*,*,#6960,.F.);
#6984 = ORIENTED_EDGE('',*,*,#4588,.F.);
#6985 = PLANE('',#6986);
#6986 = AXIS2_PLACEMENT_3D('',#6987,#6988,#6989);
#6987 = CARTESIAN_POINT('',(-1.85730626873,-0.61,0.));
#6988 = DIRECTION('',(0.,0.,1.));
#6989 = DIRECTION('',(-1.,1.144237745222E-17,0.));
#6990 = ADVANCED_FACE('',(#6991),#7002,.T.);
#6991 = FACE_BOUND('',#6992,.T.);
#6992 = EDGE_LOOP('',(#6993,#6994,#6995,#6996));
#6993 = ORIENTED_EDGE('',*,*,#4579,.T.);
#6994 = ORIENTED_EDGE('',*,*,#6977,.T.);
#6995 = ORIENTED_EDGE('',*,*,#4688,.F.);
#6996 = ORIENTED_EDGE('',*,*,#6997,.F.);
#6997 = EDGE_CURVE('',#4572,#4681,#6998,.T.);
#6998 = LINE('',#6999,#7000);
#6999 = CARTESIAN_POINT('',(-1.660344718128,-0.61,0.165270364467));
#7000 = VECTOR('',#7001,1.);
#7001 = DIRECTION('',(1.144237745222E-17,1.,0.));
#7002 = CYLINDRICAL_SURFACE('',#7003,0.2);
#7003 = AXIS2_PLACEMENT_3D('',#7004,#7005,#7006);
#7004 = CARTESIAN_POINT('',(-1.85730626873,-0.61,0.2));
#7005 = DIRECTION('',(-1.144237745222E-17,-1.,0.));
#7006 = DIRECTION('',(0.984807753012,-1.126854202784E-17,-0.173648177667
    ));
#7007 = ADVANCED_FACE('',(#7008),#7014,.F.);
#7008 = FACE_BOUND('',#7009,.F.);
#7009 = EDGE_LOOP('',(#7010,#7011,#7012,#7013));
#7010 = ORIENTED_EDGE('',*,*,#4662,.T.);
#7011 = ORIENTED_EDGE('',*,*,#4680,.T.);
#7012 = ORIENTED_EDGE('',*,*,#6997,.F.);
#7013 = ORIENTED_EDGE('',*,*,#4571,.F.);
#7014 = PLANE('',#7015);
#7015 = AXIS2_PLACEMENT_3D('',#7016,#7017,#7018);
#7016 = CARTESIAN_POINT('',(-1.599240387651,-0.61,0.533682408883));
#7017 = DIRECTION('',(-0.986522880089,1.128816715923E-17,0.163623369545)
  );
#7018 = DIRECTION('',(-0.163623369545,1.872240354333E-18,-0.986522880089
    ));
#7019 = ADVANCED_FACE('',(#7020),#7031,.T.);
#7020 = FACE_BOUND('',#7021,.T.);
#7021 = EDGE_LOOP('',(#7022,#7023,#7024,#7025));
#7022 = ORIENTED_EDGE('',*,*,#4852,.T.);
#7023 = ORIENTED_EDGE('',*,*,#6541,.T.);
#7024 = ORIENTED_EDGE('',*,*,#4961,.F.);
#7025 = ORIENTED_EDGE('',*,*,#7026,.F.);
#7026 = EDGE_CURVE('',#4845,#4954,#7027,.T.);
#7027 = LINE('',#7028,#7029);
#7028 = CARTESIAN_POINT('',(-1.746961550602,-0.11,0.559729635533));
#7029 = VECTOR('',#7030,1.);
#7030 = DIRECTION('',(1.144237745222E-17,1.,0.));
#7031 = CYLINDRICAL_SURFACE('',#7032,0.2);
#7032 = AXIS2_PLACEMENT_3D('',#7033,#7034,#7035);
#7033 = CARTESIAN_POINT('',(-1.55,-0.11,0.525));
#7034 = DIRECTION('',(-1.144237745222E-17,-1.,0.));
#7035 = DIRECTION('',(-0.984807753012,1.126854202784E-17,0.173648177667)
  );
#7036 = ADVANCED_FACE('',(#7037),#7048,.F.);
#7037 = FACE_BOUND('',#7038,.F.);
#7038 = EDGE_LOOP('',(#7039,#7045,#7046,#7047));
#7039 = ORIENTED_EDGE('',*,*,#7040,.T.);
#7040 = EDGE_CURVE('',#4836,#4945,#7041,.T.);
#7041 = LINE('',#7042,#7043);
#7042 = CARTESIAN_POINT('',(-1.80806588108,-0.11,0.191317591117));
#7043 = VECTOR('',#7044,1.);
#7044 = DIRECTION('',(1.144237745222E-17,1.,0.));
#7045 = ORIENTED_EDGE('',*,*,#4953,.T.);
#7046 = ORIENTED_EDGE('',*,*,#7026,.F.);
#7047 = ORIENTED_EDGE('',*,*,#4844,.F.);
#7048 = PLANE('',#7049);
#7049 = AXIS2_PLACEMENT_3D('',#7050,#7051,#7052);
#7050 = CARTESIAN_POINT('',(-1.80806588108,-0.11,0.191317591117));
#7051 = DIRECTION('',(0.986522880089,-1.128816715923E-17,-0.163623369545
    ));
#7052 = DIRECTION('',(0.163623369545,-1.872240354333E-18,0.986522880089)
  );
#7053 = ADVANCED_FACE('',(#7054),#7065,.F.);
#7054 = FACE_BOUND('',#7055,.F.);
#7055 = EDGE_LOOP('',(#7056,#7062,#7063,#7064));
#7056 = ORIENTED_EDGE('',*,*,#7057,.T.);
#7057 = EDGE_CURVE('',#4828,#4937,#7058,.T.);
#7058 = LINE('',#7059,#7060);
#7059 = CARTESIAN_POINT('',(-1.85730626873,-0.11,0.15));
#7060 = VECTOR('',#7061,1.);
#7061 = DIRECTION('',(1.144237745222E-17,1.,0.));
#7062 = ORIENTED_EDGE('',*,*,#4944,.T.);
#7063 = ORIENTED_EDGE('',*,*,#7040,.F.);
#7064 = ORIENTED_EDGE('',*,*,#4835,.F.);
#7065 = CYLINDRICAL_SURFACE('',#7066,5.E-02);
#7066 = AXIS2_PLACEMENT_3D('',#7067,#7068,#7069);
#7067 = CARTESIAN_POINT('',(-1.85730626873,-0.11,0.2));
#7068 = DIRECTION('',(-1.144237745222E-17,-1.,0.));
#7069 = DIRECTION('',(-0.,0.,-1.));
#7070 = ADVANCED_FACE('',(#7071),#7082,.F.);
#7071 = FACE_BOUND('',#7072,.F.);
#7072 = EDGE_LOOP('',(#7073,#7079,#7080,#7081));
#7073 = ORIENTED_EDGE('',*,*,#7074,.T.);
#7074 = EDGE_CURVE('',#4820,#4929,#7075,.T.);
#7075 = LINE('',#7076,#7077);
#7076 = CARTESIAN_POINT('',(-2.45,-0.11,0.15));
#7077 = VECTOR('',#7078,1.);
#7078 = DIRECTION('',(1.144237745222E-17,1.,0.));
#7079 = ORIENTED_EDGE('',*,*,#4936,.T.);
#7080 = ORIENTED_EDGE('',*,*,#7057,.F.);
#7081 = ORIENTED_EDGE('',*,*,#4827,.F.);
#7082 = PLANE('',#7083);
#7083 = AXIS2_PLACEMENT_3D('',#7084,#7085,#7086);
#7084 = CARTESIAN_POINT('',(-2.45,-0.11,0.15));
#7085 = DIRECTION('',(0.,0.,-1.));
#7086 = DIRECTION('',(1.,-1.144237745222E-17,0.));
#7087 = ADVANCED_FACE('',(#7088),#7099,.F.);
#7088 = FACE_BOUND('',#7089,.F.);
#7089 = EDGE_LOOP('',(#7090,#7096,#7097,#7098));
#7090 = ORIENTED_EDGE('',*,*,#7091,.T.);
#7091 = EDGE_CURVE('',#4812,#4921,#7092,.T.);
#7092 = LINE('',#7093,#7094);
#7093 = CARTESIAN_POINT('',(-2.45,-0.11,0.));
#7094 = VECTOR('',#7095,1.);
#7095 = DIRECTION('',(1.144237745222E-17,1.,0.));
#7096 = ORIENTED_EDGE('',*,*,#4928,.T.);
#7097 = ORIENTED_EDGE('',*,*,#7074,.F.);
#7098 = ORIENTED_EDGE('',*,*,#4819,.F.);
#7099 = PLANE('',#7100);
#7100 = AXIS2_PLACEMENT_3D('',#7101,#7102,#7103);
#7101 = CARTESIAN_POINT('',(-2.45,-0.11,0.));
#7102 = DIRECTION('',(1.,-1.144237745222E-17,0.));
#7103 = DIRECTION('',(0.,0.,1.));
#7104 = ADVANCED_FACE('',(#7105),#7116,.F.);
#7105 = FACE_BOUND('',#7106,.F.);
#7106 = EDGE_LOOP('',(#7107,#7113,#7114,#7115));
#7107 = ORIENTED_EDGE('',*,*,#7108,.T.);
#7108 = EDGE_CURVE('',#4803,#4912,#7109,.T.);
#7109 = LINE('',#7110,#7111);
#7110 = CARTESIAN_POINT('',(-1.85730626873,-0.11,0.));
#7111 = VECTOR('',#7112,1.);
#7112 = DIRECTION('',(1.144237745222E-17,1.,0.));
#7113 = ORIENTED_EDGE('',*,*,#4920,.T.);
#7114 = ORIENTED_EDGE('',*,*,#7091,.F.);
#7115 = ORIENTED_EDGE('',*,*,#4811,.F.);
#7116 = PLANE('',#7117);
#7117 = AXIS2_PLACEMENT_3D('',#7118,#7119,#7120);
#7118 = CARTESIAN_POINT('',(-1.85730626873,-0.11,0.));
#7119 = DIRECTION('',(0.,0.,1.));
#7120 = DIRECTION('',(-1.,1.144237745222E-17,0.));
#7121 = ADVANCED_FACE('',(#7122),#7133,.T.);
#7122 = FACE_BOUND('',#7123,.T.);
#7123 = EDGE_LOOP('',(#7124,#7125,#7126,#7127));
#7124 = ORIENTED_EDGE('',*,*,#4802,.T.);
#7125 = ORIENTED_EDGE('',*,*,#7108,.T.);
#7126 = ORIENTED_EDGE('',*,*,#4911,.F.);
#7127 = ORIENTED_EDGE('',*,*,#7128,.F.);
#7128 = EDGE_CURVE('',#4795,#4904,#7129,.T.);
#7129 = LINE('',#7130,#7131);
#7130 = CARTESIAN_POINT('',(-1.660344718128,-0.11,0.165270364467));
#7131 = VECTOR('',#7132,1.);
#7132 = DIRECTION('',(1.144237745222E-17,1.,0.));
#7133 = CYLINDRICAL_SURFACE('',#7134,0.2);
#7134 = AXIS2_PLACEMENT_3D('',#7135,#7136,#7137);
#7135 = CARTESIAN_POINT('',(-1.85730626873,-0.11,0.2));
#7136 = DIRECTION('',(-1.144237745222E-17,-1.,0.));
#7137 = DIRECTION('',(0.984807753012,-1.126854202784E-17,-0.173648177667
    ));
#7138 = ADVANCED_FACE('',(#7139),#7145,.F.);
#7139 = FACE_BOUND('',#7140,.F.);
#7140 = EDGE_LOOP('',(#7141,#7142,#7143,#7144));
#7141 = ORIENTED_EDGE('',*,*,#4885,.T.);
#7142 = ORIENTED_EDGE('',*,*,#4903,.T.);
#7143 = ORIENTED_EDGE('',*,*,#7128,.F.);
#7144 = ORIENTED_EDGE('',*,*,#4794,.F.);
#7145 = PLANE('',#7146);
#7146 = AXIS2_PLACEMENT_3D('',#7147,#7148,#7149);
#7147 = CARTESIAN_POINT('',(-1.599240387651,-0.11,0.533682408883));
#7148 = DIRECTION('',(-0.986522880089,1.128816715923E-17,0.163623369545)
  );
#7149 = DIRECTION('',(-0.163623369545,1.872240354333E-18,-0.986522880089
    ));
#7150 = ADVANCED_FACE('',(#7151),#7162,.T.);
#7151 = FACE_BOUND('',#7152,.T.);
#7152 = EDGE_LOOP('',(#7153,#7154,#7155,#7156));
#7153 = ORIENTED_EDGE('',*,*,#5075,.T.);
#7154 = ORIENTED_EDGE('',*,*,#6560,.T.);
#7155 = ORIENTED_EDGE('',*,*,#5184,.F.);
#7156 = ORIENTED_EDGE('',*,*,#7157,.F.);
#7157 = EDGE_CURVE('',#5068,#5177,#7158,.T.);
#7158 = LINE('',#7159,#7160);
#7159 = CARTESIAN_POINT('',(-1.746961550602,0.39,0.559729635533));
#7160 = VECTOR('',#7161,1.);
#7161 = DIRECTION('',(1.144237745222E-17,1.,0.));
#7162 = CYLINDRICAL_SURFACE('',#7163,0.2);
#7163 = AXIS2_PLACEMENT_3D('',#7164,#7165,#7166);
#7164 = CARTESIAN_POINT('',(-1.55,0.39,0.525));
#7165 = DIRECTION('',(-1.144237745222E-17,-1.,0.));
#7166 = DIRECTION('',(-0.984807753012,1.126854202784E-17,0.173648177667)
  );
#7167 = ADVANCED_FACE('',(#7168),#7179,.F.);
#7168 = FACE_BOUND('',#7169,.F.);
#7169 = EDGE_LOOP('',(#7170,#7176,#7177,#7178));
#7170 = ORIENTED_EDGE('',*,*,#7171,.T.);
#7171 = EDGE_CURVE('',#5059,#5168,#7172,.T.);
#7172 = LINE('',#7173,#7174);
#7173 = CARTESIAN_POINT('',(-1.80806588108,0.39,0.191317591117));
#7174 = VECTOR('',#7175,1.);
#7175 = DIRECTION('',(1.144237745222E-17,1.,0.));
#7176 = ORIENTED_EDGE('',*,*,#5176,.T.);
#7177 = ORIENTED_EDGE('',*,*,#7157,.F.);
#7178 = ORIENTED_EDGE('',*,*,#5067,.F.);
#7179 = PLANE('',#7180);
#7180 = AXIS2_PLACEMENT_3D('',#7181,#7182,#7183);
#7181 = CARTESIAN_POINT('',(-1.80806588108,0.39,0.191317591117));
#7182 = DIRECTION('',(0.986522880089,-1.128816715923E-17,-0.163623369545
    ));
#7183 = DIRECTION('',(0.163623369545,-1.872240354333E-18,0.986522880089)
  );
#7184 = ADVANCED_FACE('',(#7185),#7196,.F.);
#7185 = FACE_BOUND('',#7186,.F.);
#7186 = EDGE_LOOP('',(#7187,#7193,#7194,#7195));
#7187 = ORIENTED_EDGE('',*,*,#7188,.T.);
#7188 = EDGE_CURVE('',#5051,#5160,#7189,.T.);
#7189 = LINE('',#7190,#7191);
#7190 = CARTESIAN_POINT('',(-1.85730626873,0.39,0.15));
#7191 = VECTOR('',#7192,1.);
#7192 = DIRECTION('',(1.144237745222E-17,1.,0.));
#7193 = ORIENTED_EDGE('',*,*,#5167,.T.);
#7194 = ORIENTED_EDGE('',*,*,#7171,.F.);
#7195 = ORIENTED_EDGE('',*,*,#5058,.F.);
#7196 = CYLINDRICAL_SURFACE('',#7197,5.E-02);
#7197 = AXIS2_PLACEMENT_3D('',#7198,#7199,#7200);
#7198 = CARTESIAN_POINT('',(-1.85730626873,0.39,0.2));
#7199 = DIRECTION('',(-1.144237745222E-17,-1.,0.));
#7200 = DIRECTION('',(-0.,0.,-1.));
#7201 = ADVANCED_FACE('',(#7202),#7213,.F.);
#7202 = FACE_BOUND('',#7203,.F.);
#7203 = EDGE_LOOP('',(#7204,#7210,#7211,#7212));
#7204 = ORIENTED_EDGE('',*,*,#7205,.T.);
#7205 = EDGE_CURVE('',#5043,#5152,#7206,.T.);
#7206 = LINE('',#7207,#7208);
#7207 = CARTESIAN_POINT('',(-2.45,0.39,0.15));
#7208 = VECTOR('',#7209,1.);
#7209 = DIRECTION('',(1.144237745222E-17,1.,0.));
#7210 = ORIENTED_EDGE('',*,*,#5159,.T.);
#7211 = ORIENTED_EDGE('',*,*,#7188,.F.);
#7212 = ORIENTED_EDGE('',*,*,#5050,.F.);
#7213 = PLANE('',#7214);
#7214 = AXIS2_PLACEMENT_3D('',#7215,#7216,#7217);
#7215 = CARTESIAN_POINT('',(-2.45,0.39,0.15));
#7216 = DIRECTION('',(0.,0.,-1.));
#7217 = DIRECTION('',(1.,-1.144237745222E-17,0.));
#7218 = ADVANCED_FACE('',(#7219),#7230,.F.);
#7219 = FACE_BOUND('',#7220,.F.);
#7220 = EDGE_LOOP('',(#7221,#7227,#7228,#7229));
#7221 = ORIENTED_EDGE('',*,*,#7222,.T.);
#7222 = EDGE_CURVE('',#5035,#5144,#7223,.T.);
#7223 = LINE('',#7224,#7225);
#7224 = CARTESIAN_POINT('',(-2.45,0.39,0.));
#7225 = VECTOR('',#7226,1.);
#7226 = DIRECTION('',(1.144237745222E-17,1.,0.));
#7227 = ORIENTED_EDGE('',*,*,#5151,.T.);
#7228 = ORIENTED_EDGE('',*,*,#7205,.F.);
#7229 = ORIENTED_EDGE('',*,*,#5042,.F.);
#7230 = PLANE('',#7231);
#7231 = AXIS2_PLACEMENT_3D('',#7232,#7233,#7234);
#7232 = CARTESIAN_POINT('',(-2.45,0.39,0.));
#7233 = DIRECTION('',(1.,-1.144237745222E-17,0.));
#7234 = DIRECTION('',(0.,0.,1.));
#7235 = ADVANCED_FACE('',(#7236),#7247,.F.);
#7236 = FACE_BOUND('',#7237,.F.);
#7237 = EDGE_LOOP('',(#7238,#7244,#7245,#7246));
#7238 = ORIENTED_EDGE('',*,*,#7239,.T.);
#7239 = EDGE_CURVE('',#5026,#5135,#7240,.T.);
#7240 = LINE('',#7241,#7242);
#7241 = CARTESIAN_POINT('',(-1.85730626873,0.39,0.));
#7242 = VECTOR('',#7243,1.);
#7243 = DIRECTION('',(1.144237745222E-17,1.,0.));
#7244 = ORIENTED_EDGE('',*,*,#5143,.T.);
#7245 = ORIENTED_EDGE('',*,*,#7222,.F.);
#7246 = ORIENTED_EDGE('',*,*,#5034,.F.);
#7247 = PLANE('',#7248);
#7248 = AXIS2_PLACEMENT_3D('',#7249,#7250,#7251);
#7249 = CARTESIAN_POINT('',(-1.85730626873,0.39,0.));
#7250 = DIRECTION('',(0.,0.,1.));
#7251 = DIRECTION('',(-1.,1.144237745222E-17,0.));
#7252 = ADVANCED_FACE('',(#7253),#7264,.T.);
#7253 = FACE_BOUND('',#7254,.T.);
#7254 = EDGE_LOOP('',(#7255,#7256,#7257,#7258));
#7255 = ORIENTED_EDGE('',*,*,#5025,.T.);
#7256 = ORIENTED_EDGE('',*,*,#7239,.T.);
#7257 = ORIENTED_EDGE('',*,*,#5134,.F.);
#7258 = ORIENTED_EDGE('',*,*,#7259,.F.);
#7259 = EDGE_CURVE('',#5018,#5127,#7260,.T.);
#7260 = LINE('',#7261,#7262);
#7261 = CARTESIAN_POINT('',(-1.660344718128,0.39,0.165270364467));
#7262 = VECTOR('',#7263,1.);
#7263 = DIRECTION('',(1.144237745222E-17,1.,0.));
#7264 = CYLINDRICAL_SURFACE('',#7265,0.2);
#7265 = AXIS2_PLACEMENT_3D('',#7266,#7267,#7268);
#7266 = CARTESIAN_POINT('',(-1.85730626873,0.39,0.2));
#7267 = DIRECTION('',(-1.144237745222E-17,-1.,0.));
#7268 = DIRECTION('',(0.984807753012,-1.126854202784E-17,-0.173648177667
    ));
#7269 = ADVANCED_FACE('',(#7270),#7276,.F.);
#7270 = FACE_BOUND('',#7271,.F.);
#7271 = EDGE_LOOP('',(#7272,#7273,#7274,#7275));
#7272 = ORIENTED_EDGE('',*,*,#5108,.T.);
#7273 = ORIENTED_EDGE('',*,*,#5126,.T.);
#7274 = ORIENTED_EDGE('',*,*,#7259,.F.);
#7275 = ORIENTED_EDGE('',*,*,#5017,.F.);
#7276 = PLANE('',#7277);
#7277 = AXIS2_PLACEMENT_3D('',#7278,#7279,#7280);
#7278 = CARTESIAN_POINT('',(-1.599240387651,0.39,0.533682408883));
#7279 = DIRECTION('',(-0.986522880089,1.128816715923E-17,0.163623369545)
  );
#7280 = DIRECTION('',(-0.163623369545,1.872240354333E-18,-0.986522880089
    ));
#7281 = ADVANCED_FACE('',(#7282),#7293,.F.);
#7282 = FACE_BOUND('',#7283,.F.);
#7283 = EDGE_LOOP('',(#7284,#7290,#7291,#7292));
#7284 = ORIENTED_EDGE('',*,*,#7285,.T.);
#7285 = EDGE_CURVE('',#5277,#5379,#7286,.T.);
#7286 = LINE('',#7287,#7288);
#7287 = CARTESIAN_POINT('',(-1.80806588108,0.89,0.191317591117));
#7288 = VECTOR('',#7289,1.);
#7289 = DIRECTION('',(1.144237745222E-17,1.,0.));
#7290 = ORIENTED_EDGE('',*,*,#5387,.T.);
#7291 = ORIENTED_EDGE('',*,*,#6488,.F.);
#7292 = ORIENTED_EDGE('',*,*,#5285,.F.);
#7293 = PLANE('',#7294);
#7294 = AXIS2_PLACEMENT_3D('',#7295,#7296,#7297);
#7295 = CARTESIAN_POINT('',(-1.80806588108,0.89,0.191317591117));
#7296 = DIRECTION('',(0.986522880089,-1.128816715923E-17,-0.163623369545
    ));
#7297 = DIRECTION('',(0.163623369545,-1.872240354333E-18,0.986522880089)
  );
#7298 = ADVANCED_FACE('',(#7299),#7310,.F.);
#7299 = FACE_BOUND('',#7300,.F.);
#7300 = EDGE_LOOP('',(#7301,#7307,#7308,#7309));
#7301 = ORIENTED_EDGE('',*,*,#7302,.T.);
#7302 = EDGE_CURVE('',#5269,#5371,#7303,.T.);
#7303 = LINE('',#7304,#7305);
#7304 = CARTESIAN_POINT('',(-1.85730626873,0.89,0.15));
#7305 = VECTOR('',#7306,1.);
#7306 = DIRECTION('',(1.144237745222E-17,1.,0.));
#7307 = ORIENTED_EDGE('',*,*,#5378,.T.);
#7308 = ORIENTED_EDGE('',*,*,#7285,.F.);
#7309 = ORIENTED_EDGE('',*,*,#5276,.F.);
#7310 = CYLINDRICAL_SURFACE('',#7311,5.E-02);
#7311 = AXIS2_PLACEMENT_3D('',#7312,#7313,#7314);
#7312 = CARTESIAN_POINT('',(-1.85730626873,0.89,0.2));
#7313 = DIRECTION('',(-1.144237745222E-17,-1.,0.));
#7314 = DIRECTION('',(-0.,0.,-1.));
#7315 = ADVANCED_FACE('',(#7316),#7327,.F.);
#7316 = FACE_BOUND('',#7317,.F.);
#7317 = EDGE_LOOP('',(#7318,#7324,#7325,#7326));
#7318 = ORIENTED_EDGE('',*,*,#7319,.T.);
#7319 = EDGE_CURVE('',#5261,#5363,#7320,.T.);
#7320 = LINE('',#7321,#7322);
#7321 = CARTESIAN_POINT('',(-2.45,0.89,0.15));
#7322 = VECTOR('',#7323,1.);
#7323 = DIRECTION('',(1.144237745222E-17,1.,0.));
#7324 = ORIENTED_EDGE('',*,*,#5370,.T.);
#7325 = ORIENTED_EDGE('',*,*,#7302,.F.);
#7326 = ORIENTED_EDGE('',*,*,#5268,.F.);
#7327 = PLANE('',#7328);
#7328 = AXIS2_PLACEMENT_3D('',#7329,#7330,#7331);
#7329 = CARTESIAN_POINT('',(-2.45,0.89,0.15));
#7330 = DIRECTION('',(0.,0.,-1.));
#7331 = DIRECTION('',(1.,-1.144237745222E-17,0.));
#7332 = ADVANCED_FACE('',(#7333),#7344,.F.);
#7333 = FACE_BOUND('',#7334,.F.);
#7334 = EDGE_LOOP('',(#7335,#7341,#7342,#7343));
#7335 = ORIENTED_EDGE('',*,*,#7336,.T.);
#7336 = EDGE_CURVE('',#5253,#5355,#7337,.T.);
#7337 = LINE('',#7338,#7339);
#7338 = CARTESIAN_POINT('',(-2.45,0.89,0.));
#7339 = VECTOR('',#7340,1.);
#7340 = DIRECTION('',(1.144237745222E-17,1.,0.));
#7341 = ORIENTED_EDGE('',*,*,#5362,.T.);
#7342 = ORIENTED_EDGE('',*,*,#7319,.F.);
#7343 = ORIENTED_EDGE('',*,*,#5260,.F.);
#7344 = PLANE('',#7345);
#7345 = AXIS2_PLACEMENT_3D('',#7346,#7347,#7348);
#7346 = CARTESIAN_POINT('',(-2.45,0.89,0.));
#7347 = DIRECTION('',(1.,-1.144237745222E-17,0.));
#7348 = DIRECTION('',(0.,0.,1.));
#7349 = ADVANCED_FACE('',(#7350),#7361,.F.);
#7350 = FACE_BOUND('',#7351,.F.);
#7351 = EDGE_LOOP('',(#7352,#7358,#7359,#7360));
#7352 = ORIENTED_EDGE('',*,*,#7353,.T.);
#7353 = EDGE_CURVE('',#5244,#5346,#7354,.T.);
#7354 = LINE('',#7355,#7356);
#7355 = CARTESIAN_POINT('',(-1.85730626873,0.89,0.));
#7356 = VECTOR('',#7357,1.);
#7357 = DIRECTION('',(1.144237745222E-17,1.,0.));
#7358 = ORIENTED_EDGE('',*,*,#5354,.T.);
#7359 = ORIENTED_EDGE('',*,*,#7336,.F.);
#7360 = ORIENTED_EDGE('',*,*,#5252,.F.);
#7361 = PLANE('',#7362);
#7362 = AXIS2_PLACEMENT_3D('',#7363,#7364,#7365);
#7363 = CARTESIAN_POINT('',(-1.85730626873,0.89,0.));
#7364 = DIRECTION('',(0.,0.,1.));
#7365 = DIRECTION('',(-1.,1.144237745222E-17,0.));
#7366 = ADVANCED_FACE('',(#7367),#7378,.T.);
#7367 = FACE_BOUND('',#7368,.T.);
#7368 = EDGE_LOOP('',(#7369,#7370,#7371,#7372));
#7369 = ORIENTED_EDGE('',*,*,#5243,.T.);
#7370 = ORIENTED_EDGE('',*,*,#7353,.T.);
#7371 = ORIENTED_EDGE('',*,*,#5345,.F.);
#7372 = ORIENTED_EDGE('',*,*,#7373,.F.);
#7373 = EDGE_CURVE('',#5236,#5338,#7374,.T.);
#7374 = LINE('',#7375,#7376);
#7375 = CARTESIAN_POINT('',(-1.660344718128,0.89,0.165270364467));
#7376 = VECTOR('',#7377,1.);
#7377 = DIRECTION('',(1.144237745222E-17,1.,0.));
#7378 = CYLINDRICAL_SURFACE('',#7379,0.2);
#7379 = AXIS2_PLACEMENT_3D('',#7380,#7381,#7382);
#7380 = CARTESIAN_POINT('',(-1.85730626873,0.89,0.2));
#7381 = DIRECTION('',(-1.144237745222E-17,-1.,0.));
#7382 = DIRECTION('',(0.984807753012,-1.126854202784E-17,-0.173648177667
    ));
#7383 = ADVANCED_FACE('',(#7384),#7390,.F.);
#7384 = FACE_BOUND('',#7385,.F.);
#7385 = EDGE_LOOP('',(#7386,#7387,#7388,#7389));
#7386 = ORIENTED_EDGE('',*,*,#5319,.T.);
#7387 = ORIENTED_EDGE('',*,*,#5337,.T.);
#7388 = ORIENTED_EDGE('',*,*,#7373,.F.);
#7389 = ORIENTED_EDGE('',*,*,#5235,.F.);
#7390 = PLANE('',#7391);
#7391 = AXIS2_PLACEMENT_3D('',#7392,#7393,#7394);
#7392 = CARTESIAN_POINT('',(-1.599240387651,0.89,0.533682408883));
#7393 = DIRECTION('',(-0.986522880089,1.128816715923E-17,0.163623369545)
  );
#7394 = DIRECTION('',(-0.163623369545,1.872240354333E-18,-0.986522880089
    ));
#7395 = ADVANCED_FACE('',(#7396),#7407,.F.);
#7396 = FACE_BOUND('',#7397,.F.);
#7397 = EDGE_LOOP('',(#7398,#7404,#7405,#7406));
#7398 = ORIENTED_EDGE('',*,*,#7399,.T.);
#7399 = EDGE_CURVE('',#5464,#5566,#7400,.T.);
#7400 = LINE('',#7401,#7402);
#7401 = CARTESIAN_POINT('',(1.80806588108,1.11,0.191317591117));
#7402 = VECTOR('',#7403,1.);
#7403 = DIRECTION('',(1.110223024625E-16,-1.,0.));
#7404 = ORIENTED_EDGE('',*,*,#5574,.T.);
#7405 = ORIENTED_EDGE('',*,*,#6735,.F.);
#7406 = ORIENTED_EDGE('',*,*,#5472,.F.);
#7407 = PLANE('',#7408);
#7408 = AXIS2_PLACEMENT_3D('',#7409,#7410,#7411);
#7409 = CARTESIAN_POINT('',(1.80806588108,1.11,0.191317591117));
#7410 = DIRECTION('',(-0.986522880089,-1.095260415794E-16,
    -0.163623369545));
#7411 = DIRECTION('',(-0.163623369545,-1.816584322351E-17,0.986522880089
    ));
#7412 = ADVANCED_FACE('',(#7413),#7424,.F.);
#7413 = FACE_BOUND('',#7414,.F.);
#7414 = EDGE_LOOP('',(#7415,#7421,#7422,#7423));
#7415 = ORIENTED_EDGE('',*,*,#7416,.T.);
#7416 = EDGE_CURVE('',#5456,#5558,#7417,.T.);
#7417 = LINE('',#7418,#7419);
#7418 = CARTESIAN_POINT('',(1.85730626873,1.11,0.15));
#7419 = VECTOR('',#7420,1.);
#7420 = DIRECTION('',(1.110223024625E-16,-1.,0.));
#7421 = ORIENTED_EDGE('',*,*,#5565,.T.);
#7422 = ORIENTED_EDGE('',*,*,#7399,.F.);
#7423 = ORIENTED_EDGE('',*,*,#5463,.F.);
#7424 = CYLINDRICAL_SURFACE('',#7425,5.E-02);
#7425 = AXIS2_PLACEMENT_3D('',#7426,#7427,#7428);
#7426 = CARTESIAN_POINT('',(1.85730626873,1.11,0.2));
#7427 = DIRECTION('',(-1.110223024625E-16,1.,0.));
#7428 = DIRECTION('',(0.,0.,-1.));
#7429 = ADVANCED_FACE('',(#7430),#7441,.F.);
#7430 = FACE_BOUND('',#7431,.F.);
#7431 = EDGE_LOOP('',(#7432,#7438,#7439,#7440));
#7432 = ORIENTED_EDGE('',*,*,#7433,.T.);
#7433 = EDGE_CURVE('',#5448,#5550,#7434,.T.);
#7434 = LINE('',#7435,#7436);
#7435 = CARTESIAN_POINT('',(2.45,1.11,0.15));
#7436 = VECTOR('',#7437,1.);
#7437 = DIRECTION('',(1.110223024625E-16,-1.,0.));
#7438 = ORIENTED_EDGE('',*,*,#5557,.T.);
#7439 = ORIENTED_EDGE('',*,*,#7416,.F.);
#7440 = ORIENTED_EDGE('',*,*,#5455,.F.);
#7441 = PLANE('',#7442);
#7442 = AXIS2_PLACEMENT_3D('',#7443,#7444,#7445);
#7443 = CARTESIAN_POINT('',(2.45,1.11,0.15));
#7444 = DIRECTION('',(0.,0.,-1.));
#7445 = DIRECTION('',(-1.,-1.110223024625E-16,-0.));
#7446 = ADVANCED_FACE('',(#7447),#7458,.F.);
#7447 = FACE_BOUND('',#7448,.F.);
#7448 = EDGE_LOOP('',(#7449,#7455,#7456,#7457));
#7449 = ORIENTED_EDGE('',*,*,#7450,.T.);
#7450 = EDGE_CURVE('',#5440,#5542,#7451,.T.);
#7451 = LINE('',#7452,#7453);
#7452 = CARTESIAN_POINT('',(2.45,1.11,0.));
#7453 = VECTOR('',#7454,1.);
#7454 = DIRECTION('',(1.110223024625E-16,-1.,0.));
#7455 = ORIENTED_EDGE('',*,*,#5549,.T.);
#7456 = ORIENTED_EDGE('',*,*,#7433,.F.);
#7457 = ORIENTED_EDGE('',*,*,#5447,.F.);
#7458 = PLANE('',#7459);
#7459 = AXIS2_PLACEMENT_3D('',#7460,#7461,#7462);
#7460 = CARTESIAN_POINT('',(2.45,1.11,0.));
#7461 = DIRECTION('',(-1.,-1.110223024625E-16,0.));
#7462 = DIRECTION('',(0.,0.,1.));
#7463 = ADVANCED_FACE('',(#7464),#7475,.F.);
#7464 = FACE_BOUND('',#7465,.F.);
#7465 = EDGE_LOOP('',(#7466,#7472,#7473,#7474));
#7466 = ORIENTED_EDGE('',*,*,#7467,.T.);
#7467 = EDGE_CURVE('',#5431,#5533,#7468,.T.);
#7468 = LINE('',#7469,#7470);
#7469 = CARTESIAN_POINT('',(1.85730626873,1.11,0.));
#7470 = VECTOR('',#7471,1.);
#7471 = DIRECTION('',(1.110223024625E-16,-1.,0.));
#7472 = ORIENTED_EDGE('',*,*,#5541,.T.);
#7473 = ORIENTED_EDGE('',*,*,#7450,.F.);
#7474 = ORIENTED_EDGE('',*,*,#5439,.F.);
#7475 = PLANE('',#7476);
#7476 = AXIS2_PLACEMENT_3D('',#7477,#7478,#7479);
#7477 = CARTESIAN_POINT('',(1.85730626873,1.11,0.));
#7478 = DIRECTION('',(0.,0.,1.));
#7479 = DIRECTION('',(1.,1.110223024625E-16,-0.));
#7480 = ADVANCED_FACE('',(#7481),#7492,.T.);
#7481 = FACE_BOUND('',#7482,.T.);
#7482 = EDGE_LOOP('',(#7483,#7484,#7485,#7486));
#7483 = ORIENTED_EDGE('',*,*,#5430,.T.);
#7484 = ORIENTED_EDGE('',*,*,#7467,.T.);
#7485 = ORIENTED_EDGE('',*,*,#5532,.F.);
#7486 = ORIENTED_EDGE('',*,*,#7487,.F.);
#7487 = EDGE_CURVE('',#5423,#5525,#7488,.T.);
#7488 = LINE('',#7489,#7490);
#7489 = CARTESIAN_POINT('',(1.660344718128,1.11,0.165270364467));
#7490 = VECTOR('',#7491,1.);
#7491 = DIRECTION('',(1.110223024625E-16,-1.,0.));
#7492 = CYLINDRICAL_SURFACE('',#7493,0.2);
#7493 = AXIS2_PLACEMENT_3D('',#7494,#7495,#7496);
#7494 = CARTESIAN_POINT('',(1.85730626873,1.11,0.2));
#7495 = DIRECTION('',(-1.110223024625E-16,1.,0.));
#7496 = DIRECTION('',(-0.984807753012,-1.093356242223E-16,
    -0.173648177667));
#7497 = ADVANCED_FACE('',(#7498),#7504,.F.);
#7498 = FACE_BOUND('',#7499,.F.);
#7499 = EDGE_LOOP('',(#7500,#7501,#7502,#7503));
#7500 = ORIENTED_EDGE('',*,*,#5506,.T.);
#7501 = ORIENTED_EDGE('',*,*,#5524,.T.);
#7502 = ORIENTED_EDGE('',*,*,#7487,.F.);
#7503 = ORIENTED_EDGE('',*,*,#5422,.F.);
#7504 = PLANE('',#7505);
#7505 = AXIS2_PLACEMENT_3D('',#7506,#7507,#7508);
#7506 = CARTESIAN_POINT('',(1.599240387651,1.11,0.533682408883));
#7507 = DIRECTION('',(0.986522880089,1.095260415794E-16,0.163623369545)
  );
#7508 = DIRECTION('',(0.163623369545,1.816584322351E-17,-0.986522880089)
  );
#7509 = ADVANCED_FACE('',(#7510),#7521,.T.);
#7510 = FACE_BOUND('',#7511,.T.);
#7511 = EDGE_LOOP('',(#7512,#7513,#7514,#7515));
#7512 = ORIENTED_EDGE('',*,*,#5684,.T.);
#7513 = ORIENTED_EDGE('',*,*,#6641,.T.);
#7514 = ORIENTED_EDGE('',*,*,#5793,.F.);
#7515 = ORIENTED_EDGE('',*,*,#7516,.F.);
#7516 = EDGE_CURVE('',#5677,#5786,#7517,.T.);
#7517 = LINE('',#7518,#7519);
#7518 = CARTESIAN_POINT('',(1.746961550602,0.61,0.559729635533));
#7519 = VECTOR('',#7520,1.);
#7520 = DIRECTION('',(1.110223024625E-16,-1.,0.));
#7521 = CYLINDRICAL_SURFACE('',#7522,0.2);
#7522 = AXIS2_PLACEMENT_3D('',#7523,#7524,#7525);
#7523 = CARTESIAN_POINT('',(1.55,0.61,0.525));
#7524 = DIRECTION('',(-1.110223024625E-16,1.,0.));
#7525 = DIRECTION('',(0.984807753012,1.093356242223E-16,0.173648177667)
  );
#7526 = ADVANCED_FACE('',(#7527),#7538,.F.);
#7527 = FACE_BOUND('',#7528,.F.);
#7528 = EDGE_LOOP('',(#7529,#7535,#7536,#7537));
#7529 = ORIENTED_EDGE('',*,*,#7530,.T.);
#7530 = EDGE_CURVE('',#5668,#5777,#7531,.T.);
#7531 = LINE('',#7532,#7533);
#7532 = CARTESIAN_POINT('',(1.80806588108,0.61,0.191317591117));
#7533 = VECTOR('',#7534,1.);
#7534 = DIRECTION('',(1.110223024625E-16,-1.,0.));
#7535 = ORIENTED_EDGE('',*,*,#5785,.T.);
#7536 = ORIENTED_EDGE('',*,*,#7516,.F.);
#7537 = ORIENTED_EDGE('',*,*,#5676,.F.);
#7538 = PLANE('',#7539);
#7539 = AXIS2_PLACEMENT_3D('',#7540,#7541,#7542);
#7540 = CARTESIAN_POINT('',(1.80806588108,0.61,0.191317591117));
#7541 = DIRECTION('',(-0.986522880089,-1.095260415794E-16,
    -0.163623369545));
#7542 = DIRECTION('',(-0.163623369545,-1.816584322351E-17,0.986522880089
    ));
#7543 = ADVANCED_FACE('',(#7544),#7555,.F.);
#7544 = FACE_BOUND('',#7545,.F.);
#7545 = EDGE_LOOP('',(#7546,#7552,#7553,#7554));
#7546 = ORIENTED_EDGE('',*,*,#7547,.T.);
#7547 = EDGE_CURVE('',#5660,#5769,#7548,.T.);
#7548 = LINE('',#7549,#7550);
#7549 = CARTESIAN_POINT('',(1.85730626873,0.61,0.15));
#7550 = VECTOR('',#7551,1.);
#7551 = DIRECTION('',(1.110223024625E-16,-1.,0.));
#7552 = ORIENTED_EDGE('',*,*,#5776,.T.);
#7553 = ORIENTED_EDGE('',*,*,#7530,.F.);
#7554 = ORIENTED_EDGE('',*,*,#5667,.F.);
#7555 = CYLINDRICAL_SURFACE('',#7556,5.E-02);
#7556 = AXIS2_PLACEMENT_3D('',#7557,#7558,#7559);
#7557 = CARTESIAN_POINT('',(1.85730626873,0.61,0.2));
#7558 = DIRECTION('',(-1.110223024625E-16,1.,0.));
#7559 = DIRECTION('',(0.,0.,-1.));
#7560 = ADVANCED_FACE('',(#7561),#7572,.F.);
#7561 = FACE_BOUND('',#7562,.F.);
#7562 = EDGE_LOOP('',(#7563,#7569,#7570,#7571));
#7563 = ORIENTED_EDGE('',*,*,#7564,.T.);
#7564 = EDGE_CURVE('',#5652,#5761,#7565,.T.);
#7565 = LINE('',#7566,#7567);
#7566 = CARTESIAN_POINT('',(2.45,0.61,0.15));
#7567 = VECTOR('',#7568,1.);
#7568 = DIRECTION('',(1.110223024625E-16,-1.,0.));
#7569 = ORIENTED_EDGE('',*,*,#5768,.T.);
#7570 = ORIENTED_EDGE('',*,*,#7547,.F.);
#7571 = ORIENTED_EDGE('',*,*,#5659,.F.);
#7572 = PLANE('',#7573);
#7573 = AXIS2_PLACEMENT_3D('',#7574,#7575,#7576);
#7574 = CARTESIAN_POINT('',(2.45,0.61,0.15));
#7575 = DIRECTION('',(0.,0.,-1.));
#7576 = DIRECTION('',(-1.,-1.110223024625E-16,-0.));
#7577 = ADVANCED_FACE('',(#7578),#7589,.F.);
#7578 = FACE_BOUND('',#7579,.F.);
#7579 = EDGE_LOOP('',(#7580,#7586,#7587,#7588));
#7580 = ORIENTED_EDGE('',*,*,#7581,.T.);
#7581 = EDGE_CURVE('',#5644,#5753,#7582,.T.);
#7582 = LINE('',#7583,#7584);
#7583 = CARTESIAN_POINT('',(2.45,0.61,0.));
#7584 = VECTOR('',#7585,1.);
#7585 = DIRECTION('',(1.110223024625E-16,-1.,0.));
#7586 = ORIENTED_EDGE('',*,*,#5760,.T.);
#7587 = ORIENTED_EDGE('',*,*,#7564,.F.);
#7588 = ORIENTED_EDGE('',*,*,#5651,.F.);
#7589 = PLANE('',#7590);
#7590 = AXIS2_PLACEMENT_3D('',#7591,#7592,#7593);
#7591 = CARTESIAN_POINT('',(2.45,0.61,0.));
#7592 = DIRECTION('',(-1.,-1.110223024625E-16,0.));
#7593 = DIRECTION('',(0.,0.,1.));
#7594 = ADVANCED_FACE('',(#7595),#7606,.F.);
#7595 = FACE_BOUND('',#7596,.F.);
#7596 = EDGE_LOOP('',(#7597,#7603,#7604,#7605));
#7597 = ORIENTED_EDGE('',*,*,#7598,.T.);
#7598 = EDGE_CURVE('',#5635,#5744,#7599,.T.);
#7599 = LINE('',#7600,#7601);
#7600 = CARTESIAN_POINT('',(1.85730626873,0.61,0.));
#7601 = VECTOR('',#7602,1.);
#7602 = DIRECTION('',(1.110223024625E-16,-1.,0.));
#7603 = ORIENTED_EDGE('',*,*,#5752,.T.);
#7604 = ORIENTED_EDGE('',*,*,#7581,.F.);
#7605 = ORIENTED_EDGE('',*,*,#5643,.F.);
#7606 = PLANE('',#7607);
#7607 = AXIS2_PLACEMENT_3D('',#7608,#7609,#7610);
#7608 = CARTESIAN_POINT('',(1.85730626873,0.61,0.));
#7609 = DIRECTION('',(0.,0.,1.));
#7610 = DIRECTION('',(1.,1.110223024625E-16,-0.));
#7611 = ADVANCED_FACE('',(#7612),#7623,.T.);
#7612 = FACE_BOUND('',#7613,.T.);
#7613 = EDGE_LOOP('',(#7614,#7615,#7616,#7617));
#7614 = ORIENTED_EDGE('',*,*,#5634,.T.);
#7615 = ORIENTED_EDGE('',*,*,#7598,.T.);
#7616 = ORIENTED_EDGE('',*,*,#5743,.F.);
#7617 = ORIENTED_EDGE('',*,*,#7618,.F.);
#7618 = EDGE_CURVE('',#5627,#5736,#7619,.T.);
#7619 = LINE('',#7620,#7621);
#7620 = CARTESIAN_POINT('',(1.660344718128,0.61,0.165270364467));
#7621 = VECTOR('',#7622,1.);
#7622 = DIRECTION('',(1.110223024625E-16,-1.,0.));
#7623 = CYLINDRICAL_SURFACE('',#7624,0.2);
#7624 = AXIS2_PLACEMENT_3D('',#7625,#7626,#7627);
#7625 = CARTESIAN_POINT('',(1.85730626873,0.61,0.2));
#7626 = DIRECTION('',(-1.110223024625E-16,1.,0.));
#7627 = DIRECTION('',(-0.984807753012,-1.093356242223E-16,
    -0.173648177667));
#7628 = ADVANCED_FACE('',(#7629),#7635,.F.);
#7629 = FACE_BOUND('',#7630,.F.);
#7630 = EDGE_LOOP('',(#7631,#7632,#7633,#7634));
#7631 = ORIENTED_EDGE('',*,*,#5717,.T.);
#7632 = ORIENTED_EDGE('',*,*,#5735,.T.);
#7633 = ORIENTED_EDGE('',*,*,#7618,.F.);
#7634 = ORIENTED_EDGE('',*,*,#5626,.F.);
#7635 = PLANE('',#7636);
#7636 = AXIS2_PLACEMENT_3D('',#7637,#7638,#7639);
#7637 = CARTESIAN_POINT('',(1.599240387651,0.61,0.533682408883));
#7638 = DIRECTION('',(0.986522880089,1.095260415794E-16,0.163623369545)
  );
#7639 = DIRECTION('',(0.163623369545,1.816584322351E-17,-0.986522880089)
  );
#7640 = ADVANCED_FACE('',(#7641),#7652,.T.);
#7641 = FACE_BOUND('',#7642,.T.);
#7642 = EDGE_LOOP('',(#7643,#7644,#7645,#7646));
#7643 = ORIENTED_EDGE('',*,*,#5907,.T.);
#7644 = ORIENTED_EDGE('',*,*,#6660,.T.);
#7645 = ORIENTED_EDGE('',*,*,#6016,.F.);
#7646 = ORIENTED_EDGE('',*,*,#7647,.F.);
#7647 = EDGE_CURVE('',#5900,#6009,#7648,.T.);
#7648 = LINE('',#7649,#7650);
#7649 = CARTESIAN_POINT('',(1.746961550602,0.11,0.559729635533));
#7650 = VECTOR('',#7651,1.);
#7651 = DIRECTION('',(1.110223024625E-16,-1.,0.));
#7652 = CYLINDRICAL_SURFACE('',#7653,0.2);
#7653 = AXIS2_PLACEMENT_3D('',#7654,#7655,#7656);
#7654 = CARTESIAN_POINT('',(1.55,0.11,0.525));
#7655 = DIRECTION('',(-1.110223024625E-16,1.,0.));
#7656 = DIRECTION('',(0.984807753012,1.093356242223E-16,0.173648177667)
  );
#7657 = ADVANCED_FACE('',(#7658),#7669,.F.);
#7658 = FACE_BOUND('',#7659,.F.);
#7659 = EDGE_LOOP('',(#7660,#7666,#7667,#7668));
#7660 = ORIENTED_EDGE('',*,*,#7661,.T.);
#7661 = EDGE_CURVE('',#5891,#6000,#7662,.T.);
#7662 = LINE('',#7663,#7664);
#7663 = CARTESIAN_POINT('',(1.80806588108,0.11,0.191317591117));
#7664 = VECTOR('',#7665,1.);
#7665 = DIRECTION('',(1.110223024625E-16,-1.,0.));
#7666 = ORIENTED_EDGE('',*,*,#6008,.T.);
#7667 = ORIENTED_EDGE('',*,*,#7647,.F.);
#7668 = ORIENTED_EDGE('',*,*,#5899,.F.);
#7669 = PLANE('',#7670);
#7670 = AXIS2_PLACEMENT_3D('',#7671,#7672,#7673);
#7671 = CARTESIAN_POINT('',(1.80806588108,0.11,0.191317591117));
#7672 = DIRECTION('',(-0.986522880089,-1.095260415794E-16,
    -0.163623369545));
#7673 = DIRECTION('',(-0.163623369545,-1.816584322351E-17,0.986522880089
    ));
#7674 = ADVANCED_FACE('',(#7675),#7686,.F.);
#7675 = FACE_BOUND('',#7676,.F.);
#7676 = EDGE_LOOP('',(#7677,#7683,#7684,#7685));
#7677 = ORIENTED_EDGE('',*,*,#7678,.T.);
#7678 = EDGE_CURVE('',#5883,#5992,#7679,.T.);
#7679 = LINE('',#7680,#7681);
#7680 = CARTESIAN_POINT('',(1.85730626873,0.11,0.15));
#7681 = VECTOR('',#7682,1.);
#7682 = DIRECTION('',(1.110223024625E-16,-1.,0.));
#7683 = ORIENTED_EDGE('',*,*,#5999,.T.);
#7684 = ORIENTED_EDGE('',*,*,#7661,.F.);
#7685 = ORIENTED_EDGE('',*,*,#5890,.F.);
#7686 = CYLINDRICAL_SURFACE('',#7687,5.E-02);
#7687 = AXIS2_PLACEMENT_3D('',#7688,#7689,#7690);
#7688 = CARTESIAN_POINT('',(1.85730626873,0.11,0.2));
#7689 = DIRECTION('',(-1.110223024625E-16,1.,0.));
#7690 = DIRECTION('',(0.,0.,-1.));
#7691 = ADVANCED_FACE('',(#7692),#7703,.F.);
#7692 = FACE_BOUND('',#7693,.F.);
#7693 = EDGE_LOOP('',(#7694,#7700,#7701,#7702));
#7694 = ORIENTED_EDGE('',*,*,#7695,.T.);
#7695 = EDGE_CURVE('',#5875,#5984,#7696,.T.);
#7696 = LINE('',#7697,#7698);
#7697 = CARTESIAN_POINT('',(2.45,0.11,0.15));
#7698 = VECTOR('',#7699,1.);
#7699 = DIRECTION('',(1.110223024625E-16,-1.,0.));
#7700 = ORIENTED_EDGE('',*,*,#5991,.T.);
#7701 = ORIENTED_EDGE('',*,*,#7678,.F.);
#7702 = ORIENTED_EDGE('',*,*,#5882,.F.);
#7703 = PLANE('',#7704);
#7704 = AXIS2_PLACEMENT_3D('',#7705,#7706,#7707);
#7705 = CARTESIAN_POINT('',(2.45,0.11,0.15));
#7706 = DIRECTION('',(0.,0.,-1.));
#7707 = DIRECTION('',(-1.,-1.110223024625E-16,-0.));
#7708 = ADVANCED_FACE('',(#7709),#7720,.F.);
#7709 = FACE_BOUND('',#7710,.F.);
#7710 = EDGE_LOOP('',(#7711,#7717,#7718,#7719));
#7711 = ORIENTED_EDGE('',*,*,#7712,.T.);
#7712 = EDGE_CURVE('',#5867,#5976,#7713,.T.);
#7713 = LINE('',#7714,#7715);
#7714 = CARTESIAN_POINT('',(2.45,0.11,0.));
#7715 = VECTOR('',#7716,1.);
#7716 = DIRECTION('',(1.110223024625E-16,-1.,0.));
#7717 = ORIENTED_EDGE('',*,*,#5983,.T.);
#7718 = ORIENTED_EDGE('',*,*,#7695,.F.);
#7719 = ORIENTED_EDGE('',*,*,#5874,.F.);
#7720 = PLANE('',#7721);
#7721 = AXIS2_PLACEMENT_3D('',#7722,#7723,#7724);
#7722 = CARTESIAN_POINT('',(2.45,0.11,0.));
#7723 = DIRECTION('',(-1.,-1.110223024625E-16,0.));
#7724 = DIRECTION('',(0.,0.,1.));
#7725 = ADVANCED_FACE('',(#7726),#7737,.F.);
#7726 = FACE_BOUND('',#7727,.F.);
#7727 = EDGE_LOOP('',(#7728,#7734,#7735,#7736));
#7728 = ORIENTED_EDGE('',*,*,#7729,.T.);
#7729 = EDGE_CURVE('',#5858,#5967,#7730,.T.);
#7730 = LINE('',#7731,#7732);
#7731 = CARTESIAN_POINT('',(1.85730626873,0.11,0.));
#7732 = VECTOR('',#7733,1.);
#7733 = DIRECTION('',(1.110223024625E-16,-1.,0.));
#7734 = ORIENTED_EDGE('',*,*,#5975,.T.);
#7735 = ORIENTED_EDGE('',*,*,#7712,.F.);
#7736 = ORIENTED_EDGE('',*,*,#5866,.F.);
#7737 = PLANE('',#7738);
#7738 = AXIS2_PLACEMENT_3D('',#7739,#7740,#7741);
#7739 = CARTESIAN_POINT('',(1.85730626873,0.11,0.));
#7740 = DIRECTION('',(0.,0.,1.));
#7741 = DIRECTION('',(1.,1.110223024625E-16,-0.));
#7742 = ADVANCED_FACE('',(#7743),#7754,.T.);
#7743 = FACE_BOUND('',#7744,.T.);
#7744 = EDGE_LOOP('',(#7745,#7746,#7747,#7748));
#7745 = ORIENTED_EDGE('',*,*,#5857,.T.);
#7746 = ORIENTED_EDGE('',*,*,#7729,.T.);
#7747 = ORIENTED_EDGE('',*,*,#5966,.F.);
#7748 = ORIENTED_EDGE('',*,*,#7749,.F.);
#7749 = EDGE_CURVE('',#5850,#5959,#7750,.T.);
#7750 = LINE('',#7751,#7752);
#7751 = CARTESIAN_POINT('',(1.660344718128,0.11,0.165270364467));
#7752 = VECTOR('',#7753,1.);
#7753 = DIRECTION('',(1.110223024625E-16,-1.,0.));
#7754 = CYLINDRICAL_SURFACE('',#7755,0.2);
#7755 = AXIS2_PLACEMENT_3D('',#7756,#7757,#7758);
#7756 = CARTESIAN_POINT('',(1.85730626873,0.11,0.2));
#7757 = DIRECTION('',(-1.110223024625E-16,1.,0.));
#7758 = DIRECTION('',(-0.984807753012,-1.093356242223E-16,
    -0.173648177667));
#7759 = ADVANCED_FACE('',(#7760),#7766,.F.);
#7760 = FACE_BOUND('',#7761,.F.);
#7761 = EDGE_LOOP('',(#7762,#7763,#7764,#7765));
#7762 = ORIENTED_EDGE('',*,*,#5940,.T.);
#7763 = ORIENTED_EDGE('',*,*,#5958,.T.);
#7764 = ORIENTED_EDGE('',*,*,#7749,.F.);
#7765 = ORIENTED_EDGE('',*,*,#5849,.F.);
#7766 = PLANE('',#7767);
#7767 = AXIS2_PLACEMENT_3D('',#7768,#7769,#7770);
#7768 = CARTESIAN_POINT('',(1.599240387651,0.11,0.533682408883));
#7769 = DIRECTION('',(0.986522880089,1.095260415794E-16,0.163623369545)
  );
#7770 = DIRECTION('',(0.163623369545,1.816584322351E-17,-0.986522880089)
  );
#7771 = ADVANCED_FACE('',(#7772),#7783,.T.);
#7772 = FACE_BOUND('',#7773,.T.);
#7773 = EDGE_LOOP('',(#7774,#7775,#7776,#7777));
#7774 = ORIENTED_EDGE('',*,*,#6130,.T.);
#7775 = ORIENTED_EDGE('',*,*,#6679,.T.);
#7776 = ORIENTED_EDGE('',*,*,#6239,.F.);
#7777 = ORIENTED_EDGE('',*,*,#7778,.F.);
#7778 = EDGE_CURVE('',#6123,#6232,#7779,.T.);
#7779 = LINE('',#7780,#7781);
#7780 = CARTESIAN_POINT('',(1.746961550602,-0.39,0.559729635533));
#7781 = VECTOR('',#7782,1.);
#7782 = DIRECTION('',(1.110223024625E-16,-1.,0.));
#7783 = CYLINDRICAL_SURFACE('',#7784,0.2);
#7784 = AXIS2_PLACEMENT_3D('',#7785,#7786,#7787);
#7785 = CARTESIAN_POINT('',(1.55,-0.39,0.525));
#7786 = DIRECTION('',(-1.110223024625E-16,1.,0.));
#7787 = DIRECTION('',(0.984807753012,1.093356242223E-16,0.173648177667)
  );
#7788 = ADVANCED_FACE('',(#7789),#7800,.F.);
#7789 = FACE_BOUND('',#7790,.F.);
#7790 = EDGE_LOOP('',(#7791,#7797,#7798,#7799));
#7791 = ORIENTED_EDGE('',*,*,#7792,.T.);
#7792 = EDGE_CURVE('',#6114,#6223,#7793,.T.);
#7793 = LINE('',#7794,#7795);
#7794 = CARTESIAN_POINT('',(1.80806588108,-0.39,0.191317591117));
#7795 = VECTOR('',#7796,1.);
#7796 = DIRECTION('',(1.110223024625E-16,-1.,0.));
#7797 = ORIENTED_EDGE('',*,*,#6231,.T.);
#7798 = ORIENTED_EDGE('',*,*,#7778,.F.);
#7799 = ORIENTED_EDGE('',*,*,#6122,.F.);
#7800 = PLANE('',#7801);
#7801 = AXIS2_PLACEMENT_3D('',#7802,#7803,#7804);
#7802 = CARTESIAN_POINT('',(1.80806588108,-0.39,0.191317591117));
#7803 = DIRECTION('',(-0.986522880089,-1.095260415794E-16,
    -0.163623369545));
#7804 = DIRECTION('',(-0.163623369545,-1.816584322351E-17,0.986522880089
    ));
#7805 = ADVANCED_FACE('',(#7806),#7817,.F.);
#7806 = FACE_BOUND('',#7807,.F.);
#7807 = EDGE_LOOP('',(#7808,#7814,#7815,#7816));
#7808 = ORIENTED_EDGE('',*,*,#7809,.T.);
#7809 = EDGE_CURVE('',#6106,#6215,#7810,.T.);
#7810 = LINE('',#7811,#7812);
#7811 = CARTESIAN_POINT('',(1.85730626873,-0.39,0.15));
#7812 = VECTOR('',#7813,1.);
#7813 = DIRECTION('',(1.110223024625E-16,-1.,0.));
#7814 = ORIENTED_EDGE('',*,*,#6222,.T.);
#7815 = ORIENTED_EDGE('',*,*,#7792,.F.);
#7816 = ORIENTED_EDGE('',*,*,#6113,.F.);
#7817 = CYLINDRICAL_SURFACE('',#7818,5.E-02);
#7818 = AXIS2_PLACEMENT_3D('',#7819,#7820,#7821);
#7819 = CARTESIAN_POINT('',(1.85730626873,-0.39,0.2));
#7820 = DIRECTION('',(-1.110223024625E-16,1.,0.));
#7821 = DIRECTION('',(0.,0.,-1.));
#7822 = ADVANCED_FACE('',(#7823),#7834,.F.);
#7823 = FACE_BOUND('',#7824,.F.);
#7824 = EDGE_LOOP('',(#7825,#7831,#7832,#7833));
#7825 = ORIENTED_EDGE('',*,*,#7826,.T.);
#7826 = EDGE_CURVE('',#6098,#6207,#7827,.T.);
#7827 = LINE('',#7828,#7829);
#7828 = CARTESIAN_POINT('',(2.45,-0.39,0.15));
#7829 = VECTOR('',#7830,1.);
#7830 = DIRECTION('',(1.110223024625E-16,-1.,0.));
#7831 = ORIENTED_EDGE('',*,*,#6214,.T.);
#7832 = ORIENTED_EDGE('',*,*,#7809,.F.);
#7833 = ORIENTED_EDGE('',*,*,#6105,.F.);
#7834 = PLANE('',#7835);
#7835 = AXIS2_PLACEMENT_3D('',#7836,#7837,#7838);
#7836 = CARTESIAN_POINT('',(2.45,-0.39,0.15));
#7837 = DIRECTION('',(0.,0.,-1.));
#7838 = DIRECTION('',(-1.,-1.110223024625E-16,-0.));
#7839 = ADVANCED_FACE('',(#7840),#7851,.F.);
#7840 = FACE_BOUND('',#7841,.F.);
#7841 = EDGE_LOOP('',(#7842,#7848,#7849,#7850));
#7842 = ORIENTED_EDGE('',*,*,#7843,.T.);
#7843 = EDGE_CURVE('',#6090,#6199,#7844,.T.);
#7844 = LINE('',#7845,#7846);
#7845 = CARTESIAN_POINT('',(2.45,-0.39,0.));
#7846 = VECTOR('',#7847,1.);
#7847 = DIRECTION('',(1.110223024625E-16,-1.,0.));
#7848 = ORIENTED_EDGE('',*,*,#6206,.T.);
#7849 = ORIENTED_EDGE('',*,*,#7826,.F.);
#7850 = ORIENTED_EDGE('',*,*,#6097,.F.);
#7851 = PLANE('',#7852);
#7852 = AXIS2_PLACEMENT_3D('',#7853,#7854,#7855);
#7853 = CARTESIAN_POINT('',(2.45,-0.39,0.));
#7854 = DIRECTION('',(-1.,-1.110223024625E-16,0.));
#7855 = DIRECTION('',(0.,0.,1.));
#7856 = ADVANCED_FACE('',(#7857),#7868,.F.);
#7857 = FACE_BOUND('',#7858,.F.);
#7858 = EDGE_LOOP('',(#7859,#7865,#7866,#7867));
#7859 = ORIENTED_EDGE('',*,*,#7860,.T.);
#7860 = EDGE_CURVE('',#6081,#6190,#7861,.T.);
#7861 = LINE('',#7862,#7863);
#7862 = CARTESIAN_POINT('',(1.85730626873,-0.39,0.));
#7863 = VECTOR('',#7864,1.);
#7864 = DIRECTION('',(1.110223024625E-16,-1.,0.));
#7865 = ORIENTED_EDGE('',*,*,#6198,.T.);
#7866 = ORIENTED_EDGE('',*,*,#7843,.F.);
#7867 = ORIENTED_EDGE('',*,*,#6089,.F.);
#7868 = PLANE('',#7869);
#7869 = AXIS2_PLACEMENT_3D('',#7870,#7871,#7872);
#7870 = CARTESIAN_POINT('',(1.85730626873,-0.39,0.));
#7871 = DIRECTION('',(0.,0.,1.));
#7872 = DIRECTION('',(1.,1.110223024625E-16,-0.));
#7873 = ADVANCED_FACE('',(#7874),#7885,.T.);
#7874 = FACE_BOUND('',#7875,.T.);
#7875 = EDGE_LOOP('',(#7876,#7877,#7878,#7879));
#7876 = ORIENTED_EDGE('',*,*,#6080,.T.);
#7877 = ORIENTED_EDGE('',*,*,#7860,.T.);
#7878 = ORIENTED_EDGE('',*,*,#6189,.F.);
#7879 = ORIENTED_EDGE('',*,*,#7880,.F.);
#7880 = EDGE_CURVE('',#6073,#6182,#7881,.T.);
#7881 = LINE('',#7882,#7883);
#7882 = CARTESIAN_POINT('',(1.660344718128,-0.39,0.165270364467));
#7883 = VECTOR('',#7884,1.);
#7884 = DIRECTION('',(1.110223024625E-16,-1.,0.));
#7885 = CYLINDRICAL_SURFACE('',#7886,0.2);
#7886 = AXIS2_PLACEMENT_3D('',#7887,#7888,#7889);
#7887 = CARTESIAN_POINT('',(1.85730626873,-0.39,0.2));
#7888 = DIRECTION('',(-1.110223024625E-16,1.,0.));
#7889 = DIRECTION('',(-0.984807753012,-1.093356242223E-16,
    -0.173648177667));
#7890 = ADVANCED_FACE('',(#7891),#7897,.F.);
#7891 = FACE_BOUND('',#7892,.F.);
#7892 = EDGE_LOOP('',(#7893,#7894,#7895,#7896));
#7893 = ORIENTED_EDGE('',*,*,#6163,.T.);
#7894 = ORIENTED_EDGE('',*,*,#6181,.T.);
#7895 = ORIENTED_EDGE('',*,*,#7880,.F.);
#7896 = ORIENTED_EDGE('',*,*,#6072,.F.);
#7897 = PLANE('',#7898);
#7898 = AXIS2_PLACEMENT_3D('',#7899,#7900,#7901);
#7899 = CARTESIAN_POINT('',(1.599240387651,-0.39,0.533682408883));
#7900 = DIRECTION('',(0.986522880089,1.095260415794E-16,0.163623369545)
  );
#7901 = DIRECTION('',(0.163623369545,1.816584322351E-17,-0.986522880089)
  );
#7902 = ADVANCED_FACE('',(#7903),#7914,.T.);
#7903 = FACE_BOUND('',#7904,.T.);
#7904 = EDGE_LOOP('',(#7905,#7906,#7907,#7908));
#7905 = ORIENTED_EDGE('',*,*,#6353,.T.);
#7906 = ORIENTED_EDGE('',*,*,#6698,.T.);
#7907 = ORIENTED_EDGE('',*,*,#6462,.F.);
#7908 = ORIENTED_EDGE('',*,*,#7909,.F.);
#7909 = EDGE_CURVE('',#6346,#6455,#7910,.T.);
#7910 = LINE('',#7911,#7912);
#7911 = CARTESIAN_POINT('',(1.746961550602,-0.89,0.559729635533));
#7912 = VECTOR('',#7913,1.);
#7913 = DIRECTION('',(1.110223024625E-16,-1.,0.));
#7914 = CYLINDRICAL_SURFACE('',#7915,0.2);
#7915 = AXIS2_PLACEMENT_3D('',#7916,#7917,#7918);
#7916 = CARTESIAN_POINT('',(1.55,-0.89,0.525));
#7917 = DIRECTION('',(-1.110223024625E-16,1.,0.));
#7918 = DIRECTION('',(0.984807753012,1.093356242223E-16,0.173648177667)
  );
#7919 = ADVANCED_FACE('',(#7920),#7931,.F.);
#7920 = FACE_BOUND('',#7921,.F.);
#7921 = EDGE_LOOP('',(#7922,#7928,#7929,#7930));
#7922 = ORIENTED_EDGE('',*,*,#7923,.T.);
#7923 = EDGE_CURVE('',#6337,#6446,#7924,.T.);
#7924 = LINE('',#7925,#7926);
#7925 = CARTESIAN_POINT('',(1.80806588108,-0.89,0.191317591117));
#7926 = VECTOR('',#7927,1.);
#7927 = DIRECTION('',(1.110223024625E-16,-1.,0.));
#7928 = ORIENTED_EDGE('',*,*,#6454,.T.);
#7929 = ORIENTED_EDGE('',*,*,#7909,.F.);
#7930 = ORIENTED_EDGE('',*,*,#6345,.F.);
#7931 = PLANE('',#7932);
#7932 = AXIS2_PLACEMENT_3D('',#7933,#7934,#7935);
#7933 = CARTESIAN_POINT('',(1.80806588108,-0.89,0.191317591117));
#7934 = DIRECTION('',(-0.986522880089,-1.095260415794E-16,
    -0.163623369545));
#7935 = DIRECTION('',(-0.163623369545,-1.816584322351E-17,0.986522880089
    ));
#7936 = ADVANCED_FACE('',(#7937),#7948,.F.);
#7937 = FACE_BOUND('',#7938,.F.);
#7938 = EDGE_LOOP('',(#7939,#7945,#7946,#7947));
#7939 = ORIENTED_EDGE('',*,*,#7940,.T.);
#7940 = EDGE_CURVE('',#6329,#6438,#7941,.T.);
#7941 = LINE('',#7942,#7943);
#7942 = CARTESIAN_POINT('',(1.85730626873,-0.89,0.15));
#7943 = VECTOR('',#7944,1.);
#7944 = DIRECTION('',(1.110223024625E-16,-1.,0.));
#7945 = ORIENTED_EDGE('',*,*,#6445,.T.);
#7946 = ORIENTED_EDGE('',*,*,#7923,.F.);
#7947 = ORIENTED_EDGE('',*,*,#6336,.F.);
#7948 = CYLINDRICAL_SURFACE('',#7949,5.E-02);
#7949 = AXIS2_PLACEMENT_3D('',#7950,#7951,#7952);
#7950 = CARTESIAN_POINT('',(1.85730626873,-0.89,0.2));
#7951 = DIRECTION('',(-1.110223024625E-16,1.,0.));
#7952 = DIRECTION('',(0.,0.,-1.));
#7953 = ADVANCED_FACE('',(#7954),#7965,.F.);
#7954 = FACE_BOUND('',#7955,.F.);
#7955 = EDGE_LOOP('',(#7956,#7962,#7963,#7964));
#7956 = ORIENTED_EDGE('',*,*,#7957,.T.);
#7957 = EDGE_CURVE('',#6321,#6430,#7958,.T.);
#7958 = LINE('',#7959,#7960);
#7959 = CARTESIAN_POINT('',(2.45,-0.89,0.15));
#7960 = VECTOR('',#7961,1.);
#7961 = DIRECTION('',(1.110223024625E-16,-1.,0.));
#7962 = ORIENTED_EDGE('',*,*,#6437,.T.);
#7963 = ORIENTED_EDGE('',*,*,#7940,.F.);
#7964 = ORIENTED_EDGE('',*,*,#6328,.F.);
#7965 = PLANE('',#7966);
#7966 = AXIS2_PLACEMENT_3D('',#7967,#7968,#7969);
#7967 = CARTESIAN_POINT('',(2.45,-0.89,0.15));
#7968 = DIRECTION('',(0.,0.,-1.));
#7969 = DIRECTION('',(-1.,-1.110223024625E-16,-0.));
#7970 = ADVANCED_FACE('',(#7971),#7982,.F.);
#7971 = FACE_BOUND('',#7972,.F.);
#7972 = EDGE_LOOP('',(#7973,#7979,#7980,#7981));
#7973 = ORIENTED_EDGE('',*,*,#7974,.T.);
#7974 = EDGE_CURVE('',#6313,#6422,#7975,.T.);
#7975 = LINE('',#7976,#7977);
#7976 = CARTESIAN_POINT('',(2.45,-0.89,0.));
#7977 = VECTOR('',#7978,1.);
#7978 = DIRECTION('',(1.110223024625E-16,-1.,0.));
#7979 = ORIENTED_EDGE('',*,*,#6429,.T.);
#7980 = ORIENTED_EDGE('',*,*,#7957,.F.);
#7981 = ORIENTED_EDGE('',*,*,#6320,.F.);
#7982 = PLANE('',#7983);
#7983 = AXIS2_PLACEMENT_3D('',#7984,#7985,#7986);
#7984 = CARTESIAN_POINT('',(2.45,-0.89,0.));
#7985 = DIRECTION('',(-1.,-1.110223024625E-16,0.));
#7986 = DIRECTION('',(0.,0.,1.));
#7987 = ADVANCED_FACE('',(#7988),#7999,.F.);
#7988 = FACE_BOUND('',#7989,.F.);
#7989 = EDGE_LOOP('',(#7990,#7996,#7997,#7998));
#7990 = ORIENTED_EDGE('',*,*,#7991,.T.);
#7991 = EDGE_CURVE('',#6304,#6413,#7992,.T.);
#7992 = LINE('',#7993,#7994);
#7993 = CARTESIAN_POINT('',(1.85730626873,-0.89,0.));
#7994 = VECTOR('',#7995,1.);
#7995 = DIRECTION('',(1.110223024625E-16,-1.,0.));
#7996 = ORIENTED_EDGE('',*,*,#6421,.T.);
#7997 = ORIENTED_EDGE('',*,*,#7974,.F.);
#7998 = ORIENTED_EDGE('',*,*,#6312,.F.);
#7999 = PLANE('',#8000);
#8000 = AXIS2_PLACEMENT_3D('',#8001,#8002,#8003);
#8001 = CARTESIAN_POINT('',(1.85730626873,-0.89,0.));
#8002 = DIRECTION('',(0.,0.,1.));
#8003 = DIRECTION('',(1.,1.110223024625E-16,-0.));
#8004 = ADVANCED_FACE('',(#8005),#8016,.T.);
#8005 = FACE_BOUND('',#8006,.T.);
#8006 = EDGE_LOOP('',(#8007,#8008,#8009,#8010));
#8007 = ORIENTED_EDGE('',*,*,#6303,.T.);
#8008 = ORIENTED_EDGE('',*,*,#7991,.T.);
#8009 = ORIENTED_EDGE('',*,*,#6412,.F.);
#8010 = ORIENTED_EDGE('',*,*,#8011,.F.);
#8011 = EDGE_CURVE('',#6296,#6405,#8012,.T.);
#8012 = LINE('',#8013,#8014);
#8013 = CARTESIAN_POINT('',(1.660344718128,-0.89,0.165270364467));
#8014 = VECTOR('',#8015,1.);
#8015 = DIRECTION('',(1.110223024625E-16,-1.,0.));
#8016 = CYLINDRICAL_SURFACE('',#8017,0.2);
#8017 = AXIS2_PLACEMENT_3D('',#8018,#8019,#8020);
#8018 = CARTESIAN_POINT('',(1.85730626873,-0.89,0.2));
#8019 = DIRECTION('',(-1.110223024625E-16,1.,0.));
#8020 = DIRECTION('',(-0.984807753012,-1.093356242223E-16,
    -0.173648177667));
#8021 = ADVANCED_FACE('',(#8022),#8028,.F.);
#8022 = FACE_BOUND('',#8023,.F.);
#8023 = EDGE_LOOP('',(#8024,#8025,#8026,#8027));
#8024 = ORIENTED_EDGE('',*,*,#6386,.T.);
#8025 = ORIENTED_EDGE('',*,*,#6404,.T.);
#8026 = ORIENTED_EDGE('',*,*,#8011,.F.);
#8027 = ORIENTED_EDGE('',*,*,#6295,.F.);
#8028 = PLANE('',#8029);
#8029 = AXIS2_PLACEMENT_3D('',#8030,#8031,#8032);
#8030 = CARTESIAN_POINT('',(1.599240387651,-0.89,0.533682408883));
#8031 = DIRECTION('',(0.986522880089,1.095260415794E-16,0.163623369545)
  );
#8032 = DIRECTION('',(0.163623369545,1.816584322351E-17,-0.986522880089)
  );
#8033 = ADVANCED_FACE('',(#8034),#8037,.F.);
#8034 = FACE_BOUND('',#8035,.T.);
#8035 = EDGE_LOOP('',(#8036));
#8036 = ORIENTED_EDGE('',*,*,#6607,.F.);
#8037 = PLANE('',#8038);
#8038 = AXIS2_PLACEMENT_3D('',#8039,#8040,#8041);
#8039 = CARTESIAN_POINT('',(-1.049035633207,1.049035633207,1.2));
#8040 = DIRECTION('',(0.,0.,-1.));
#8041 = DIRECTION('',(1.110223024625E-16,-1.,0.));
#8042 = ( GEOMETRIC_REPRESENTATION_CONTEXT(3) 
GLOBAL_UNCERTAINTY_ASSIGNED_CONTEXT((#8046)) 
GLOBAL_UNIT_ASSIGNED_CONTEXT((#8043,#8044,#8045)) REPRESENTATION_CONTEXT
('Context #1','3D Context with UNIT and UNCERTAINTY') );
#8043 = ( LENGTH_UNIT() NAMED_UNIT(*) SI_UNIT(.MILLI.,.METRE.) );
#8044 = ( NAMED_UNIT(*) PLANE_ANGLE_UNIT() SI_UNIT($,.RADIAN.) );
#8045 = ( NAMED_UNIT(*) SI_UNIT($,.STERADIAN.) SOLID_ANGLE_UNIT() );
#8046 = UNCERTAINTY_MEASURE_WITH_UNIT(LENGTH_MEASURE(1.E-07),#8043,
  'distance_accuracy_value','confusion accuracy');
#8047 = CONTEXT_DEPENDENT_SHAPE_REPRESENTATION(#8048,#8050);
#8048 = ( REPRESENTATION_RELATIONSHIP('','',#2637,#10) 
REPRESENTATION_RELATIONSHIP_WITH_TRANSFORMATION(#8049) 
SHAPE_REPRESENTATION_RELATIONSHIP() );
#8049 = ITEM_DEFINED_TRANSFORMATION('','',#11,#35);
#8050 = PRODUCT_DEFINITION_SHAPE('Placement','Placement of an item',
  #8051);
#8051 = NEXT_ASSEMBLY_USAGE_OCCURRENCE('6','U2','',#5,#2632,$);
#8052 = PRODUCT_RELATED_PRODUCT_CATEGORY('part',$,(#2634));
#8053 = CONTEXT_DEPENDENT_SHAPE_REPRESENTATION(#8054,#8056);
#8054 = ( REPRESENTATION_RELATIONSHIP('','',#72,#10) 
REPRESENTATION_RELATIONSHIP_WITH_TRANSFORMATION(#8055) 
SHAPE_REPRESENTATION_RELATIONSHIP() );
#8055 = ITEM_DEFINED_TRANSFORMATION('','',#11,#39);
#8056 = PRODUCT_DEFINITION_SHAPE('Placement','Placement of an item',
  #8057);
#8057 = NEXT_ASSEMBLY_USAGE_OCCURRENCE('7','C6','',#5,#67,$);
#8058 = CONTEXT_DEPENDENT_SHAPE_REPRESENTATION(#8059,#8061);
#8059 = ( REPRESENTATION_RELATIONSHIP('','',#945,#10) 
REPRESENTATION_RELATIONSHIP_WITH_TRANSFORMATION(#8060) 
SHAPE_REPRESENTATION_RELATIONSHIP() );
#8060 = ITEM_DEFINED_TRANSFORMATION('','',#11,#43);
#8061 = PRODUCT_DEFINITION_SHAPE('Placement','Placement of an item',
  #8062);
#8062 = NEXT_ASSEMBLY_USAGE_OCCURRENCE('8','R4','',#5,#940,$);
#8063 = CONTEXT_DEPENDENT_SHAPE_REPRESENTATION(#8064,#8066);
#8064 = ( REPRESENTATION_RELATIONSHIP('','',#1759,#10) 
REPRESENTATION_RELATIONSHIP_WITH_TRANSFORMATION(#8065) 
SHAPE_REPRESENTATION_RELATIONSHIP() );
#8065 = ITEM_DEFINED_TRANSFORMATION('','',#11,#47);
#8066 = PRODUCT_DEFINITION_SHAPE('Placement','Placement of an item',
  #8067);
#8067 = NEXT_ASSEMBLY_USAGE_OCCURRENCE('9','C1','',#5,#1754,$);
#8068 = SHAPE_DEFINITION_REPRESENTATION(#8069,#8075);
#8069 = PRODUCT_DEFINITION_SHAPE('','',#8070);
#8070 = PRODUCT_DEFINITION('design','',#8071,#8074);
#8071 = PRODUCT_DEFINITION_FORMATION('','',#8072);
#8072 = PRODUCT('SW_XKB_DM1-16UP-1','SW_XKB_DM1-16UP-1','',(#8073));
#8073 = PRODUCT_CONTEXT('',#2,'mechanical');
#8074 = PRODUCT_DEFINITION_CONTEXT('part definition',#2,'design');
#8075 = SHAPE_REPRESENTATION('',(#11,#8076,#8080,#8084,#8088,#8092,#8096
    ,#8100),#8104);
#8076 = AXIS2_PLACEMENT_3D('',#8077,#8078,#8079);
#8077 = CARTESIAN_POINT('',(5.08,0.,1.5));
#8078 = DIRECTION('',(0.,0.,1.));
#8079 = DIRECTION('',(1.,0.,0.));
#8080 = AXIS2_PLACEMENT_3D('',#8081,#8082,#8083);
#8081 = CARTESIAN_POINT('',(5.08,0.,1.5));
#8082 = DIRECTION('',(0.,0.,1.));
#8083 = DIRECTION('',(1.,0.,0.));
#8084 = AXIS2_PLACEMENT_3D('',#8085,#8086,#8087);
#8085 = CARTESIAN_POINT('',(5.08,0.,1.5));
#8086 = DIRECTION('',(0.,0.,1.));
#8087 = DIRECTION('',(1.,0.,0.));
#8088 = AXIS2_PLACEMENT_3D('',#8089,#8090,#8091);
#8089 = CARTESIAN_POINT('',(5.08,0.,1.5));
#8090 = DIRECTION('',(0.,0.,1.));
#8091 = DIRECTION('',(1.,0.,0.));
#8092 = AXIS2_PLACEMENT_3D('',#8093,#8094,#8095);
#8093 = CARTESIAN_POINT('',(5.08,0.,1.5));
#8094 = DIRECTION('',(0.,0.,1.));
#8095 = DIRECTION('',(1.,0.,0.));
#8096 = AXIS2_PLACEMENT_3D('',#8097,#8098,#8099);
#8097 = CARTESIAN_POINT('',(5.08,0.,1.5));
#8098 = DIRECTION('',(0.,0.,1.));
#8099 = DIRECTION('',(1.,0.,0.));
#8100 = AXIS2_PLACEMENT_3D('',#8101,#8102,#8103);
#8101 = CARTESIAN_POINT('',(5.08,0.,1.5));
#8102 = DIRECTION('',(0.,0.,1.));
#8103 = DIRECTION('',(1.,0.,0.));
#8104 = ( GEOMETRIC_REPRESENTATION_CONTEXT(3) 
GLOBAL_UNCERTAINTY_ASSIGNED_CONTEXT((#8108)) 
GLOBAL_UNIT_ASSIGNED_CONTEXT((#8105,#8106,#8107)) REPRESENTATION_CONTEXT
('Context #1','3D Context with UNIT and UNCERTAINTY') );
#8105 = ( LENGTH_UNIT() NAMED_UNIT(*) SI_UNIT(.MILLI.,.METRE.) );
#8106 = ( NAMED_UNIT(*) PLANE_ANGLE_UNIT() SI_UNIT($,.RADIAN.) );
#8107 = ( NAMED_UNIT(*) SI_UNIT($,.STERADIAN.) SOLID_ANGLE_UNIT() );
#8108 = UNCERTAINTY_MEASURE_WITH_UNIT(LENGTH_MEASURE(1.E-07),#8105,
  'distance_accuracy_value','confusion accuracy');
#8109 = CONTEXT_DEPENDENT_SHAPE_REPRESENTATION(#8110,#8112);
#8110 = ( REPRESENTATION_RELATIONSHIP('','',#8075,#10) 
REPRESENTATION_RELATIONSHIP_WITH_TRANSFORMATION(#8111) 
SHAPE_REPRESENTATION_RELATIONSHIP() );
#8111 = ITEM_DEFINED_TRANSFORMATION('','',#11,#51);
#8112 = PRODUCT_DEFINITION_SHAPE('Placement','Placement of an item',
  #8113);
#8113 = NEXT_ASSEMBLY_USAGE_OCCURRENCE('17','SW1','',#5,#8070,$);
#8114 = PRODUCT_RELATED_PRODUCT_CATEGORY('part',$,(#8072));
#8115 = SHAPE_DEFINITION_REPRESENTATION(#8116,#8122);
#8116 = PRODUCT_DEFINITION_SHAPE('','',#8117);
#8117 = PRODUCT_DEFINITION('design','',#8118,#8121);
#8118 = PRODUCT_DEFINITION_FORMATION('','',#8119);
#8119 = PRODUCT('Bottom001','Bottom001','',(#8120));
#8120 = PRODUCT_CONTEXT('',#2,'mechanical');
#8121 = PRODUCT_DEFINITION_CONTEXT('part definition',#2,'design');
#8122 = ADVANCED_BREP_SHAPE_REPRESENTATION('',(#11,#8123),#9865);
#8123 = MANIFOLD_SOLID_BREP('',#8124);
#8124 = CLOSED_SHELL('',(#8125,#8165,#8212,#8243,#8416,#8589,#8613,#8637
    ,#8654,#8671,#8688,#8705,#8722,#8739,#8756,#8773,#8806,#8830,#8854,
    #8878,#8902,#8926,#8943,#8968,#8985,#9010,#9027,#9051,#9075,#9099,
    #9123,#9147,#9164,#9189,#9214,#9245,#9262,#9372,#9381,#9390,#9500,
    #9509,#9518,#9535,#9552,#9569,#9586,#9603,#9620,#9637,#9649,#9680,
    #9704,#9728,#9745,#9776,#9800,#9824,#9841,#9853));
#8125 = ADVANCED_FACE('',(#8126),#8160,.F.);
#8126 = FACE_BOUND('',#8127,.F.);
#8127 = EDGE_LOOP('',(#8128,#8138,#8146,#8154));
#8128 = ORIENTED_EDGE('',*,*,#8129,.T.);
#8129 = EDGE_CURVE('',#8130,#8132,#8134,.T.);
#8130 = VERTEX_POINT('',#8131);
#8131 = CARTESIAN_POINT('',(-6.4,2.85,-1.15));
#8132 = VERTEX_POINT('',#8133);
#8133 = CARTESIAN_POINT('',(-6.4,-2.85,-1.15));
#8134 = LINE('',#8135,#8136);
#8135 = CARTESIAN_POINT('',(-6.4,2.85,-1.15));
#8136 = VECTOR('',#8137,1.);
#8137 = DIRECTION('',(0.,-1.,2.2E-16));
#8138 = ORIENTED_EDGE('',*,*,#8139,.T.);
#8139 = EDGE_CURVE('',#8132,#8140,#8142,.T.);
#8140 = VERTEX_POINT('',#8141);
#8141 = CARTESIAN_POINT('',(-4.3,-2.85,-1.15));
#8142 = LINE('',#8143,#8144);
#8143 = CARTESIAN_POINT('',(-6.4,-2.85,-1.15));
#8144 = VECTOR('',#8145,1.);
#8145 = DIRECTION('',(1.,0.,0.));
#8146 = ORIENTED_EDGE('',*,*,#8147,.F.);
#8147 = EDGE_CURVE('',#8148,#8140,#8150,.T.);
#8148 = VERTEX_POINT('',#8149);
#8149 = CARTESIAN_POINT('',(-4.3,2.85,-1.15));
#8150 = LINE('',#8151,#8152);
#8151 = CARTESIAN_POINT('',(-4.3,2.85,-1.15));
#8152 = VECTOR('',#8153,1.);
#8153 = DIRECTION('',(0.,-1.,2.2E-16));
#8154 = ORIENTED_EDGE('',*,*,#8155,.F.);
#8155 = EDGE_CURVE('',#8130,#8148,#8156,.T.);
#8156 = LINE('',#8157,#8158);
#8157 = CARTESIAN_POINT('',(-6.4,2.85,-1.15));
#8158 = VECTOR('',#8159,1.);
#8159 = DIRECTION('',(1.,0.,0.));
#8160 = PLANE('',#8161);
#8161 = AXIS2_PLACEMENT_3D('',#8162,#8163,#8164);
#8162 = CARTESIAN_POINT('',(-6.4,2.85,-1.15));
#8163 = DIRECTION('',(0.,2.2E-16,1.));
#8164 = DIRECTION('',(1.,0.,-0.));
#8165 = ADVANCED_FACE('',(#8166),#8207,.F.);
#8166 = FACE_BOUND('',#8167,.F.);
#8167 = EDGE_LOOP('',(#8168,#8178,#8186,#8194,#8200,#8201));
#8168 = ORIENTED_EDGE('',*,*,#8169,.T.);
#8169 = EDGE_CURVE('',#8170,#8172,#8174,.T.);
#8170 = VERTEX_POINT('',#8171);
#8171 = CARTESIAN_POINT('',(-6.4,2.85,1.35));
#8172 = VERTEX_POINT('',#8173);
#8173 = CARTESIAN_POINT('',(-6.4,2.25,1.35));
#8174 = LINE('',#8175,#8176);
#8175 = CARTESIAN_POINT('',(-6.4,2.85,1.35));
#8176 = VECTOR('',#8177,1.);
#8177 = DIRECTION('',(0.,-1.,2.2E-16));
#8178 = ORIENTED_EDGE('',*,*,#8179,.T.);
#8179 = EDGE_CURVE('',#8172,#8180,#8182,.T.);
#8180 = VERTEX_POINT('',#8181);
#8181 = CARTESIAN_POINT('',(-6.4,-2.25,1.35));
#8182 = LINE('',#8183,#8184);
#8183 = CARTESIAN_POINT('',(-6.4,2.85,1.35));
#8184 = VECTOR('',#8185,1.);
#8185 = DIRECTION('',(0.,-1.,2.2E-16));
#8186 = ORIENTED_EDGE('',*,*,#8187,.T.);
#8187 = EDGE_CURVE('',#8180,#8188,#8190,.T.);
#8188 = VERTEX_POINT('',#8189);
#8189 = CARTESIAN_POINT('',(-6.4,-2.85,1.35));
#8190 = LINE('',#8191,#8192);
#8191 = CARTESIAN_POINT('',(-6.4,2.85,1.35));
#8192 = VECTOR('',#8193,1.);
#8193 = DIRECTION('',(0.,-1.,2.2E-16));
#8194 = ORIENTED_EDGE('',*,*,#8195,.T.);
#8195 = EDGE_CURVE('',#8188,#8132,#8196,.T.);
#8196 = LINE('',#8197,#8198);
#8197 = CARTESIAN_POINT('',(-6.4,-2.85,1.35));
#8198 = VECTOR('',#8199,1.);
#8199 = DIRECTION('',(0.,2.2E-16,-1.));
#8200 = ORIENTED_EDGE('',*,*,#8129,.F.);
#8201 = ORIENTED_EDGE('',*,*,#8202,.F.);
#8202 = EDGE_CURVE('',#8170,#8130,#8203,.T.);
#8203 = LINE('',#8204,#8205);
#8204 = CARTESIAN_POINT('',(-6.4,2.85,1.35));
#8205 = VECTOR('',#8206,1.);
#8206 = DIRECTION('',(0.,2.2E-16,-1.));
#8207 = PLANE('',#8208);
#8208 = AXIS2_PLACEMENT_3D('',#8209,#8210,#8211);
#8209 = CARTESIAN_POINT('',(-6.4,2.85,1.35));
#8210 = DIRECTION('',(1.,0.,0.));
#8211 = DIRECTION('',(0.,-2.2E-16,-1.));
#8212 = ADVANCED_FACE('',(#8213),#8238,.F.);
#8213 = FACE_BOUND('',#8214,.F.);
#8214 = EDGE_LOOP('',(#8215,#8216,#8224,#8232));
#8215 = ORIENTED_EDGE('',*,*,#8147,.T.);
#8216 = ORIENTED_EDGE('',*,*,#8217,.T.);
#8217 = EDGE_CURVE('',#8140,#8218,#8220,.T.);
#8218 = VERTEX_POINT('',#8219);
#8219 = CARTESIAN_POINT('',(-3.95,-2.85,-1.5));
#8220 = LINE('',#8221,#8222);
#8221 = CARTESIAN_POINT('',(-4.3,-2.85,-1.15));
#8222 = VECTOR('',#8223,1.);
#8223 = DIRECTION('',(0.707106781187,1.599999999999E-16,-0.707106781187)
  );
#8224 = ORIENTED_EDGE('',*,*,#8225,.F.);
#8225 = EDGE_CURVE('',#8226,#8218,#8228,.T.);
#8226 = VERTEX_POINT('',#8227);
#8227 = CARTESIAN_POINT('',(-3.95,2.85,-1.5));
#8228 = LINE('',#8229,#8230);
#8229 = CARTESIAN_POINT('',(-3.95,2.85,-1.5));
#8230 = VECTOR('',#8231,1.);
#8231 = DIRECTION('',(0.,-1.,2.2E-16));
#8232 = ORIENTED_EDGE('',*,*,#8233,.F.);
#8233 = EDGE_CURVE('',#8148,#8226,#8234,.T.);
#8234 = LINE('',#8235,#8236);
#8235 = CARTESIAN_POINT('',(-4.3,2.85,-1.15));
#8236 = VECTOR('',#8237,1.);
#8237 = DIRECTION('',(0.707106781187,1.599999999999E-16,-0.707106781187)
  );
#8238 = PLANE('',#8239);
#8239 = AXIS2_PLACEMENT_3D('',#8240,#8241,#8242);
#8240 = CARTESIAN_POINT('',(-4.3,2.85,-1.15));
#8241 = DIRECTION('',(0.707106781187,1.599999999999E-16,0.707106781187)
  );
#8242 = DIRECTION('',(0.707106781187,-1.599999999999E-16,-0.707106781187
    ));
#8243 = ADVANCED_FACE('',(#8244,#8367,#8378,#8389,#8400),#8411,.T.);
#8244 = FACE_BOUND('',#8245,.T.);
#8245 = EDGE_LOOP('',(#8246,#8247,#8248,#8256,#8264,#8272,#8280,#8288,
    #8296,#8304,#8312,#8320,#8328,#8336,#8344,#8352,#8360,#8366));
#8246 = ORIENTED_EDGE('',*,*,#8155,.F.);
#8247 = ORIENTED_EDGE('',*,*,#8202,.F.);
#8248 = ORIENTED_EDGE('',*,*,#8249,.F.);
#8249 = EDGE_CURVE('',#8250,#8170,#8252,.T.);
#8250 = VERTEX_POINT('',#8251);
#8251 = CARTESIAN_POINT('',(-5.8,2.85,1.35));
#8252 = LINE('',#8253,#8254);
#8253 = CARTESIAN_POINT('',(-5.8,2.85,1.35));
#8254 = VECTOR('',#8255,1.);
#8255 = DIRECTION('',(-1.,0.,0.));
#8256 = ORIENTED_EDGE('',*,*,#8257,.F.);
#8257 = EDGE_CURVE('',#8258,#8250,#8260,.T.);
#8258 = VERTEX_POINT('',#8259);
#8259 = CARTESIAN_POINT('',(-1.75,2.85,1.35));
#8260 = LINE('',#8261,#8262);
#8261 = CARTESIAN_POINT('',(-1.75,2.85,1.35));
#8262 = VECTOR('',#8263,1.);
#8263 = DIRECTION('',(-1.,0.,-0.));
#8264 = ORIENTED_EDGE('',*,*,#8265,.F.);
#8265 = EDGE_CURVE('',#8266,#8258,#8268,.T.);
#8266 = VERTEX_POINT('',#8267);
#8267 = CARTESIAN_POINT('',(-1.75,2.85,-0.75));
#8268 = LINE('',#8269,#8270);
#8269 = CARTESIAN_POINT('',(-1.75,2.85,-0.75));
#8270 = VECTOR('',#8271,1.);
#8271 = DIRECTION('',(0.,-2.2E-16,1.));
#8272 = ORIENTED_EDGE('',*,*,#8273,.F.);
#8273 = EDGE_CURVE('',#8274,#8266,#8276,.T.);
#8274 = VERTEX_POINT('',#8275);
#8275 = CARTESIAN_POINT('',(1.75,2.85,-0.75));
#8276 = LINE('',#8277,#8278);
#8277 = CARTESIAN_POINT('',(1.75,2.85,-0.75));
#8278 = VECTOR('',#8279,1.);
#8279 = DIRECTION('',(-1.,0.,-0.));
#8280 = ORIENTED_EDGE('',*,*,#8281,.F.);
#8281 = EDGE_CURVE('',#8282,#8274,#8284,.T.);
#8282 = VERTEX_POINT('',#8283);
#8283 = CARTESIAN_POINT('',(1.75,2.85,1.35));
#8284 = LINE('',#8285,#8286);
#8285 = CARTESIAN_POINT('',(1.75,2.85,1.35));
#8286 = VECTOR('',#8287,1.);
#8287 = DIRECTION('',(0.,2.2E-16,-1.));
#8288 = ORIENTED_EDGE('',*,*,#8289,.F.);
#8289 = EDGE_CURVE('',#8290,#8282,#8292,.T.);
#8290 = VERTEX_POINT('',#8291);
#8291 = CARTESIAN_POINT('',(5.8,2.85,1.35));
#8292 = LINE('',#8293,#8294);
#8293 = CARTESIAN_POINT('',(6.4,2.85,1.35));
#8294 = VECTOR('',#8295,1.);
#8295 = DIRECTION('',(-1.,0.,-0.));
#8296 = ORIENTED_EDGE('',*,*,#8297,.F.);
#8297 = EDGE_CURVE('',#8298,#8290,#8300,.T.);
#8298 = VERTEX_POINT('',#8299);
#8299 = CARTESIAN_POINT('',(6.4,2.85,1.35));
#8300 = LINE('',#8301,#8302);
#8301 = CARTESIAN_POINT('',(6.4,2.85,1.35));
#8302 = VECTOR('',#8303,1.);
#8303 = DIRECTION('',(-1.,0.,0.));
#8304 = ORIENTED_EDGE('',*,*,#8305,.F.);
#8305 = EDGE_CURVE('',#8306,#8298,#8308,.T.);
#8306 = VERTEX_POINT('',#8307);
#8307 = CARTESIAN_POINT('',(6.4,2.85,-1.15));
#8308 = LINE('',#8309,#8310);
#8309 = CARTESIAN_POINT('',(6.4,2.85,-1.15));
#8310 = VECTOR('',#8311,1.);
#8311 = DIRECTION('',(0.,-2.2E-16,1.));
#8312 = ORIENTED_EDGE('',*,*,#8313,.F.);
#8313 = EDGE_CURVE('',#8314,#8306,#8316,.T.);
#8314 = VERTEX_POINT('',#8315);
#8315 = CARTESIAN_POINT('',(4.3,2.85,-1.15));
#8316 = LINE('',#8317,#8318);
#8317 = CARTESIAN_POINT('',(4.3,2.85,-1.15));
#8318 = VECTOR('',#8319,1.);
#8319 = DIRECTION('',(1.,0.,0.));
#8320 = ORIENTED_EDGE('',*,*,#8321,.F.);
#8321 = EDGE_CURVE('',#8322,#8314,#8324,.T.);
#8322 = VERTEX_POINT('',#8323);
#8323 = CARTESIAN_POINT('',(3.95,2.85,-1.5));
#8324 = LINE('',#8325,#8326);
#8325 = CARTESIAN_POINT('',(3.95,2.85,-1.5));
#8326 = VECTOR('',#8327,1.);
#8327 = DIRECTION('',(0.707106781187,-1.599999999999E-16,0.707106781187)
  );
#8328 = ORIENTED_EDGE('',*,*,#8329,.F.);
#8329 = EDGE_CURVE('',#8330,#8322,#8332,.T.);
#8330 = VERTEX_POINT('',#8331);
#8331 = CARTESIAN_POINT('',(1.95,2.85,-1.5));
#8332 = LINE('',#8333,#8334);
#8333 = CARTESIAN_POINT('',(1.95,2.85,-1.5));
#8334 = VECTOR('',#8335,1.);
#8335 = DIRECTION('',(1.,0.,0.));
#8336 = ORIENTED_EDGE('',*,*,#8337,.F.);
#8337 = EDGE_CURVE('',#8338,#8330,#8340,.T.);
#8338 = VERTEX_POINT('',#8339);
#8339 = CARTESIAN_POINT('',(1.6,2.85,-1.15));
#8340 = LINE('',#8341,#8342);
#8341 = CARTESIAN_POINT('',(1.6,2.85,-1.15));
#8342 = VECTOR('',#8343,1.);
#8343 = DIRECTION('',(0.707106781187,1.599999999999E-16,-0.707106781187)
  );
#8344 = ORIENTED_EDGE('',*,*,#8345,.F.);
#8345 = EDGE_CURVE('',#8346,#8338,#8348,.T.);
#8346 = VERTEX_POINT('',#8347);
#8347 = CARTESIAN_POINT('',(-1.6,2.85,-1.15));
#8348 = LINE('',#8349,#8350);
#8349 = CARTESIAN_POINT('',(-1.6,2.85,-1.15));
#8350 = VECTOR('',#8351,1.);
#8351 = DIRECTION('',(1.,0.,0.));
#8352 = ORIENTED_EDGE('',*,*,#8353,.F.);
#8353 = EDGE_CURVE('',#8354,#8346,#8356,.T.);
#8354 = VERTEX_POINT('',#8355);
#8355 = CARTESIAN_POINT('',(-1.95,2.85,-1.5));
#8356 = LINE('',#8357,#8358);
#8357 = CARTESIAN_POINT('',(-1.95,2.85,-1.5));
#8358 = VECTOR('',#8359,1.);
#8359 = DIRECTION('',(0.707106781187,-1.599999999999E-16,0.707106781187)
  );
#8360 = ORIENTED_EDGE('',*,*,#8361,.F.);
#8361 = EDGE_CURVE('',#8226,#8354,#8362,.T.);
#8362 = LINE('',#8363,#8364);
#8363 = CARTESIAN_POINT('',(-3.95,2.85,-1.5));
#8364 = VECTOR('',#8365,1.);
#8365 = DIRECTION('',(1.,0.,0.));
#8366 = ORIENTED_EDGE('',*,*,#8233,.F.);
#8367 = FACE_BOUND('',#8368,.T.);
#8368 = EDGE_LOOP('',(#8369));
#8369 = ORIENTED_EDGE('',*,*,#8370,.F.);
#8370 = EDGE_CURVE('',#8371,#8371,#8373,.T.);
#8371 = VERTEX_POINT('',#8372);
#8372 = CARTESIAN_POINT('',(-4.6,2.85,-0.));
#8373 = CIRCLE('',#8374,0.7);
#8374 = AXIS2_PLACEMENT_3D('',#8375,#8376,#8377);
#8375 = CARTESIAN_POINT('',(-5.3,2.85,-4.440892098501E-16));
#8376 = DIRECTION('',(-0.,1.,2.2E-16));
#8377 = DIRECTION('',(1.,0.,0.));
#8378 = FACE_BOUND('',#8379,.T.);
#8379 = EDGE_LOOP('',(#8380));
#8380 = ORIENTED_EDGE('',*,*,#8381,.T.);
#8381 = EDGE_CURVE('',#8382,#8382,#8384,.T.);
#8382 = VERTEX_POINT('',#8383);
#8383 = CARTESIAN_POINT('',(-2.25,2.85,-0.));
#8384 = CIRCLE('',#8385,1.);
#8385 = AXIS2_PLACEMENT_3D('',#8386,#8387,#8388);
#8386 = CARTESIAN_POINT('',(-3.25,2.85,4.440892098501E-16));
#8387 = DIRECTION('',(0.,-1.,-2.2E-16));
#8388 = DIRECTION('',(1.,0.,0.));
#8389 = FACE_BOUND('',#8390,.T.);
#8390 = EDGE_LOOP('',(#8391));
#8391 = ORIENTED_EDGE('',*,*,#8392,.F.);
#8392 = EDGE_CURVE('',#8393,#8393,#8395,.T.);
#8393 = VERTEX_POINT('',#8394);
#8394 = CARTESIAN_POINT('',(6.,2.85,0.));
#8395 = CIRCLE('',#8396,0.7);
#8396 = AXIS2_PLACEMENT_3D('',#8397,#8398,#8399);
#8397 = CARTESIAN_POINT('',(5.3,2.85,-4.440892098501E-16));
#8398 = DIRECTION('',(-0.,1.,2.2E-16));
#8399 = DIRECTION('',(1.,0.,0.));
#8400 = FACE_BOUND('',#8401,.T.);
#8401 = EDGE_LOOP('',(#8402));
#8402 = ORIENTED_EDGE('',*,*,#8403,.T.);
#8403 = EDGE_CURVE('',#8404,#8404,#8406,.T.);
#8404 = VERTEX_POINT('',#8405);
#8405 = CARTESIAN_POINT('',(4.25,2.85,0.));
#8406 = CIRCLE('',#8407,1.);
#8407 = AXIS2_PLACEMENT_3D('',#8408,#8409,#8410);
#8408 = CARTESIAN_POINT('',(3.25,2.85,4.440892098501E-16));
#8409 = DIRECTION('',(0.,-1.,-2.2E-16));
#8410 = DIRECTION('',(1.,0.,0.));
#8411 = PLANE('',#8412);
#8412 = AXIS2_PLACEMENT_3D('',#8413,#8414,#8415);
#8413 = CARTESIAN_POINT('',(0.119943565711,2.85,0.17776455543));
#8414 = DIRECTION('',(0.,1.,0.));
#8415 = DIRECTION('',(0.,-0.,1.));
#8416 = ADVANCED_FACE('',(#8417,#8540,#8551,#8562,#8573),#8584,.F.);
#8417 = FACE_BOUND('',#8418,.F.);
#8418 = EDGE_LOOP('',(#8419,#8420,#8421,#8429,#8437,#8445,#8453,#8461,
    #8469,#8477,#8485,#8493,#8501,#8509,#8517,#8525,#8533,#8539));
#8419 = ORIENTED_EDGE('',*,*,#8139,.F.);
#8420 = ORIENTED_EDGE('',*,*,#8195,.F.);
#8421 = ORIENTED_EDGE('',*,*,#8422,.F.);
#8422 = EDGE_CURVE('',#8423,#8188,#8425,.T.);
#8423 = VERTEX_POINT('',#8424);
#8424 = CARTESIAN_POINT('',(-5.8,-2.85,1.35));
#8425 = LINE('',#8426,#8427);
#8426 = CARTESIAN_POINT('',(-5.8,-2.85,1.35));
#8427 = VECTOR('',#8428,1.);
#8428 = DIRECTION('',(-1.,0.,0.));
#8429 = ORIENTED_EDGE('',*,*,#8430,.T.);
#8430 = EDGE_CURVE('',#8423,#8431,#8433,.T.);
#8431 = VERTEX_POINT('',#8432);
#8432 = CARTESIAN_POINT('',(-1.75,-2.85,1.35));
#8433 = LINE('',#8434,#8435);
#8434 = CARTESIAN_POINT('',(-6.4,-2.85,1.35));
#8435 = VECTOR('',#8436,1.);
#8436 = DIRECTION('',(1.,0.,0.));
#8437 = ORIENTED_EDGE('',*,*,#8438,.F.);
#8438 = EDGE_CURVE('',#8439,#8431,#8441,.T.);
#8439 = VERTEX_POINT('',#8440);
#8440 = CARTESIAN_POINT('',(-1.75,-2.85,-0.75));
#8441 = LINE('',#8442,#8443);
#8442 = CARTESIAN_POINT('',(-1.75,-2.85,-0.75));
#8443 = VECTOR('',#8444,1.);
#8444 = DIRECTION('',(0.,-2.2E-16,1.));
#8445 = ORIENTED_EDGE('',*,*,#8446,.F.);
#8446 = EDGE_CURVE('',#8447,#8439,#8449,.T.);
#8447 = VERTEX_POINT('',#8448);
#8448 = CARTESIAN_POINT('',(1.75,-2.85,-0.75));
#8449 = LINE('',#8450,#8451);
#8450 = CARTESIAN_POINT('',(1.75,-2.85,-0.75));
#8451 = VECTOR('',#8452,1.);
#8452 = DIRECTION('',(-1.,0.,0.));
#8453 = ORIENTED_EDGE('',*,*,#8454,.F.);
#8454 = EDGE_CURVE('',#8455,#8447,#8457,.T.);
#8455 = VERTEX_POINT('',#8456);
#8456 = CARTESIAN_POINT('',(1.75,-2.85,1.35));
#8457 = LINE('',#8458,#8459);
#8458 = CARTESIAN_POINT('',(1.75,-2.85,1.35));
#8459 = VECTOR('',#8460,1.);
#8460 = DIRECTION('',(0.,2.2E-16,-1.));
#8461 = ORIENTED_EDGE('',*,*,#8462,.T.);
#8462 = EDGE_CURVE('',#8455,#8463,#8465,.T.);
#8463 = VERTEX_POINT('',#8464);
#8464 = CARTESIAN_POINT('',(5.8,-2.85,1.35));
#8465 = LINE('',#8466,#8467);
#8466 = CARTESIAN_POINT('',(1.75,-2.85,1.35));
#8467 = VECTOR('',#8468,1.);
#8468 = DIRECTION('',(1.,0.,0.));
#8469 = ORIENTED_EDGE('',*,*,#8470,.F.);
#8470 = EDGE_CURVE('',#8471,#8463,#8473,.T.);
#8471 = VERTEX_POINT('',#8472);
#8472 = CARTESIAN_POINT('',(6.4,-2.85,1.35));
#8473 = LINE('',#8474,#8475);
#8474 = CARTESIAN_POINT('',(6.4,-2.85,1.35));
#8475 = VECTOR('',#8476,1.);
#8476 = DIRECTION('',(-1.,0.,0.));
#8477 = ORIENTED_EDGE('',*,*,#8478,.F.);
#8478 = EDGE_CURVE('',#8479,#8471,#8481,.T.);
#8479 = VERTEX_POINT('',#8480);
#8480 = CARTESIAN_POINT('',(6.4,-2.85,-1.15));
#8481 = LINE('',#8482,#8483);
#8482 = CARTESIAN_POINT('',(6.4,-2.85,-1.15));
#8483 = VECTOR('',#8484,1.);
#8484 = DIRECTION('',(0.,-2.2E-16,1.));
#8485 = ORIENTED_EDGE('',*,*,#8486,.F.);
#8486 = EDGE_CURVE('',#8487,#8479,#8489,.T.);
#8487 = VERTEX_POINT('',#8488);
#8488 = CARTESIAN_POINT('',(4.3,-2.85,-1.15));
#8489 = LINE('',#8490,#8491);
#8490 = CARTESIAN_POINT('',(4.3,-2.85,-1.15));
#8491 = VECTOR('',#8492,1.);
#8492 = DIRECTION('',(1.,0.,0.));
#8493 = ORIENTED_EDGE('',*,*,#8494,.F.);
#8494 = EDGE_CURVE('',#8495,#8487,#8497,.T.);
#8495 = VERTEX_POINT('',#8496);
#8496 = CARTESIAN_POINT('',(3.95,-2.85,-1.5));
#8497 = LINE('',#8498,#8499);
#8498 = CARTESIAN_POINT('',(3.95,-2.85,-1.5));
#8499 = VECTOR('',#8500,1.);
#8500 = DIRECTION('',(0.707106781187,-1.599999999999E-16,0.707106781187)
  );
#8501 = ORIENTED_EDGE('',*,*,#8502,.F.);
#8502 = EDGE_CURVE('',#8503,#8495,#8505,.T.);
#8503 = VERTEX_POINT('',#8504);
#8504 = CARTESIAN_POINT('',(1.95,-2.85,-1.5));
#8505 = LINE('',#8506,#8507);
#8506 = CARTESIAN_POINT('',(1.95,-2.85,-1.5));
#8507 = VECTOR('',#8508,1.);
#8508 = DIRECTION('',(1.,0.,0.));
#8509 = ORIENTED_EDGE('',*,*,#8510,.F.);
#8510 = EDGE_CURVE('',#8511,#8503,#8513,.T.);
#8511 = VERTEX_POINT('',#8512);
#8512 = CARTESIAN_POINT('',(1.6,-2.85,-1.15));
#8513 = LINE('',#8514,#8515);
#8514 = CARTESIAN_POINT('',(1.6,-2.85,-1.15));
#8515 = VECTOR('',#8516,1.);
#8516 = DIRECTION('',(0.707106781187,1.599999999999E-16,-0.707106781187)
  );
#8517 = ORIENTED_EDGE('',*,*,#8518,.F.);
#8518 = EDGE_CURVE('',#8519,#8511,#8521,.T.);
#8519 = VERTEX_POINT('',#8520);
#8520 = CARTESIAN_POINT('',(-1.6,-2.85,-1.15));
#8521 = LINE('',#8522,#8523);
#8522 = CARTESIAN_POINT('',(-1.6,-2.85,-1.15));
#8523 = VECTOR('',#8524,1.);
#8524 = DIRECTION('',(1.,0.,0.));
#8525 = ORIENTED_EDGE('',*,*,#8526,.F.);
#8526 = EDGE_CURVE('',#8527,#8519,#8529,.T.);
#8527 = VERTEX_POINT('',#8528);
#8528 = CARTESIAN_POINT('',(-1.95,-2.85,-1.5));
#8529 = LINE('',#8530,#8531);
#8530 = CARTESIAN_POINT('',(-1.95,-2.85,-1.5));
#8531 = VECTOR('',#8532,1.);
#8532 = DIRECTION('',(0.707106781187,-1.599999999999E-16,0.707106781187)
  );
#8533 = ORIENTED_EDGE('',*,*,#8534,.F.);
#8534 = EDGE_CURVE('',#8218,#8527,#8535,.T.);
#8535 = LINE('',#8536,#8537);
#8536 = CARTESIAN_POINT('',(-3.95,-2.85,-1.5));
#8537 = VECTOR('',#8538,1.);
#8538 = DIRECTION('',(1.,0.,0.));
#8539 = ORIENTED_EDGE('',*,*,#8217,.F.);
#8540 = FACE_BOUND('',#8541,.F.);
#8541 = EDGE_LOOP('',(#8542));
#8542 = ORIENTED_EDGE('',*,*,#8543,.T.);
#8543 = EDGE_CURVE('',#8544,#8544,#8546,.T.);
#8544 = VERTEX_POINT('',#8545);
#8545 = CARTESIAN_POINT('',(-4.6,-2.85,0.));
#8546 = CIRCLE('',#8547,0.7);
#8547 = AXIS2_PLACEMENT_3D('',#8548,#8549,#8550);
#8548 = CARTESIAN_POINT('',(-5.3,-2.85,-4.440892098501E-16));
#8549 = DIRECTION('',(0.,-1.,-2.2E-16));
#8550 = DIRECTION('',(1.,0.,0.));
#8551 = FACE_BOUND('',#8552,.F.);
#8552 = EDGE_LOOP('',(#8553));
#8553 = ORIENTED_EDGE('',*,*,#8554,.T.);
#8554 = EDGE_CURVE('',#8555,#8555,#8557,.T.);
#8555 = VERTEX_POINT('',#8556);
#8556 = CARTESIAN_POINT('',(-2.25,-2.85,0.));
#8557 = CIRCLE('',#8558,1.);
#8558 = AXIS2_PLACEMENT_3D('',#8559,#8560,#8561);
#8559 = CARTESIAN_POINT('',(-3.25,-2.85,-4.440892098501E-16));
#8560 = DIRECTION('',(0.,-1.,-2.2E-16));
#8561 = DIRECTION('',(1.,0.,0.));
#8562 = FACE_BOUND('',#8563,.F.);
#8563 = EDGE_LOOP('',(#8564));
#8564 = ORIENTED_EDGE('',*,*,#8565,.T.);
#8565 = EDGE_CURVE('',#8566,#8566,#8568,.T.);
#8566 = VERTEX_POINT('',#8567);
#8567 = CARTESIAN_POINT('',(5.6,-2.85,0.));
#8568 = CIRCLE('',#8569,0.5);
#8569 = AXIS2_PLACEMENT_3D('',#8570,#8571,#8572);
#8570 = CARTESIAN_POINT('',(5.1,-2.85,-4.440892098501E-16));
#8571 = DIRECTION('',(0.,-1.,-2.2E-16));
#8572 = DIRECTION('',(1.,0.,0.));
#8573 = FACE_BOUND('',#8574,.F.);
#8574 = EDGE_LOOP('',(#8575));
#8575 = ORIENTED_EDGE('',*,*,#8576,.T.);
#8576 = EDGE_CURVE('',#8577,#8577,#8579,.T.);
#8577 = VERTEX_POINT('',#8578);
#8578 = CARTESIAN_POINT('',(4.25,-2.85,0.));
#8579 = CIRCLE('',#8580,1.);
#8580 = AXIS2_PLACEMENT_3D('',#8581,#8582,#8583);
#8581 = CARTESIAN_POINT('',(3.25,-2.85,-4.440892098501E-16));
#8582 = DIRECTION('',(0.,-1.,-2.2E-16));
#8583 = DIRECTION('',(1.,0.,0.));
#8584 = PLANE('',#8585);
#8585 = AXIS2_PLACEMENT_3D('',#8586,#8587,#8588);
#8586 = CARTESIAN_POINT('',(0.119943565711,-2.85,0.17776455543));
#8587 = DIRECTION('',(0.,1.,0.));
#8588 = DIRECTION('',(0.,-0.,1.));
#8589 = ADVANCED_FACE('',(#8590),#8608,.F.);
#8590 = FACE_BOUND('',#8591,.F.);
#8591 = EDGE_LOOP('',(#8592,#8593,#8601,#8607));
#8592 = ORIENTED_EDGE('',*,*,#8249,.F.);
#8593 = ORIENTED_EDGE('',*,*,#8594,.T.);
#8594 = EDGE_CURVE('',#8250,#8595,#8597,.T.);
#8595 = VERTEX_POINT('',#8596);
#8596 = CARTESIAN_POINT('',(-5.8,2.25,1.35));
#8597 = LINE('',#8598,#8599);
#8598 = CARTESIAN_POINT('',(-5.8,2.85,1.35));
#8599 = VECTOR('',#8600,1.);
#8600 = DIRECTION('',(0.,-1.,2.2E-16));
#8601 = ORIENTED_EDGE('',*,*,#8602,.T.);
#8602 = EDGE_CURVE('',#8595,#8172,#8603,.T.);
#8603 = LINE('',#8604,#8605);
#8604 = CARTESIAN_POINT('',(-1.75,2.25,1.35));
#8605 = VECTOR('',#8606,1.);
#8606 = DIRECTION('',(-1.,0.,-0.));
#8607 = ORIENTED_EDGE('',*,*,#8169,.F.);
#8608 = PLANE('',#8609);
#8609 = AXIS2_PLACEMENT_3D('',#8610,#8611,#8612);
#8610 = CARTESIAN_POINT('',(-5.8,2.85,1.35));
#8611 = DIRECTION('',(0.,-2.2E-16,-1.));
#8612 = DIRECTION('',(-1.,-0.,0.));
#8613 = ADVANCED_FACE('',(#8614),#8632,.F.);
#8614 = FACE_BOUND('',#8615,.F.);
#8615 = EDGE_LOOP('',(#8616,#8617,#8625,#8631));
#8616 = ORIENTED_EDGE('',*,*,#8602,.F.);
#8617 = ORIENTED_EDGE('',*,*,#8618,.T.);
#8618 = EDGE_CURVE('',#8595,#8619,#8621,.T.);
#8619 = VERTEX_POINT('',#8620);
#8620 = CARTESIAN_POINT('',(-5.8,-2.25,1.35));
#8621 = LINE('',#8622,#8623);
#8622 = CARTESIAN_POINT('',(-5.8,2.85,1.35));
#8623 = VECTOR('',#8624,1.);
#8624 = DIRECTION('',(0.,-1.,2.2E-16));
#8625 = ORIENTED_EDGE('',*,*,#8626,.F.);
#8626 = EDGE_CURVE('',#8180,#8619,#8627,.T.);
#8627 = LINE('',#8628,#8629);
#8628 = CARTESIAN_POINT('',(-6.4,-2.25,1.35));
#8629 = VECTOR('',#8630,1.);
#8630 = DIRECTION('',(1.,0.,0.));
#8631 = ORIENTED_EDGE('',*,*,#8179,.F.);
#8632 = PLANE('',#8633);
#8633 = AXIS2_PLACEMENT_3D('',#8634,#8635,#8636);
#8634 = CARTESIAN_POINT('',(-5.8,2.85,1.35));
#8635 = DIRECTION('',(0.,-2.2E-16,-1.));
#8636 = DIRECTION('',(-1.,-0.,0.));
#8637 = ADVANCED_FACE('',(#8638),#8649,.F.);
#8638 = FACE_BOUND('',#8639,.F.);
#8639 = EDGE_LOOP('',(#8640,#8641,#8647,#8648));
#8640 = ORIENTED_EDGE('',*,*,#8626,.T.);
#8641 = ORIENTED_EDGE('',*,*,#8642,.T.);
#8642 = EDGE_CURVE('',#8619,#8423,#8643,.T.);
#8643 = LINE('',#8644,#8645);
#8644 = CARTESIAN_POINT('',(-5.8,2.85,1.35));
#8645 = VECTOR('',#8646,1.);
#8646 = DIRECTION('',(0.,-1.,2.2E-16));
#8647 = ORIENTED_EDGE('',*,*,#8422,.T.);
#8648 = ORIENTED_EDGE('',*,*,#8187,.F.);
#8649 = PLANE('',#8650);
#8650 = AXIS2_PLACEMENT_3D('',#8651,#8652,#8653);
#8651 = CARTESIAN_POINT('',(-5.8,2.85,1.35));
#8652 = DIRECTION('',(0.,-2.2E-16,-1.));
#8653 = DIRECTION('',(-1.,-0.,0.));
#8654 = ADVANCED_FACE('',(#8655),#8666,.F.);
#8655 = FACE_BOUND('',#8656,.F.);
#8656 = EDGE_LOOP('',(#8657,#8658,#8659,#8665));
#8657 = ORIENTED_EDGE('',*,*,#8225,.T.);
#8658 = ORIENTED_EDGE('',*,*,#8534,.T.);
#8659 = ORIENTED_EDGE('',*,*,#8660,.F.);
#8660 = EDGE_CURVE('',#8354,#8527,#8661,.T.);
#8661 = LINE('',#8662,#8663);
#8662 = CARTESIAN_POINT('',(-1.95,2.85,-1.5));
#8663 = VECTOR('',#8664,1.);
#8664 = DIRECTION('',(0.,-1.,2.2E-16));
#8665 = ORIENTED_EDGE('',*,*,#8361,.F.);
#8666 = PLANE('',#8667);
#8667 = AXIS2_PLACEMENT_3D('',#8668,#8669,#8670);
#8668 = CARTESIAN_POINT('',(-3.95,2.85,-1.5));
#8669 = DIRECTION('',(0.,2.2E-16,1.));
#8670 = DIRECTION('',(1.,0.,-0.));
#8671 = ADVANCED_FACE('',(#8672),#8683,.F.);
#8672 = FACE_BOUND('',#8673,.F.);
#8673 = EDGE_LOOP('',(#8674,#8675,#8676,#8682));
#8674 = ORIENTED_EDGE('',*,*,#8660,.T.);
#8675 = ORIENTED_EDGE('',*,*,#8526,.T.);
#8676 = ORIENTED_EDGE('',*,*,#8677,.F.);
#8677 = EDGE_CURVE('',#8346,#8519,#8678,.T.);
#8678 = LINE('',#8679,#8680);
#8679 = CARTESIAN_POINT('',(-1.6,2.85,-1.15));
#8680 = VECTOR('',#8681,1.);
#8681 = DIRECTION('',(0.,-1.,2.2E-16));
#8682 = ORIENTED_EDGE('',*,*,#8353,.F.);
#8683 = PLANE('',#8684);
#8684 = AXIS2_PLACEMENT_3D('',#8685,#8686,#8687);
#8685 = CARTESIAN_POINT('',(-1.95,2.85,-1.5));
#8686 = DIRECTION('',(-0.707106781187,1.599999999999E-16,0.707106781187)
  );
#8687 = DIRECTION('',(0.707106781187,1.599999999999E-16,0.707106781187)
  );
#8688 = ADVANCED_FACE('',(#8689),#8700,.F.);
#8689 = FACE_BOUND('',#8690,.F.);
#8690 = EDGE_LOOP('',(#8691,#8692,#8693,#8699));
#8691 = ORIENTED_EDGE('',*,*,#8677,.T.);
#8692 = ORIENTED_EDGE('',*,*,#8518,.T.);
#8693 = ORIENTED_EDGE('',*,*,#8694,.F.);
#8694 = EDGE_CURVE('',#8338,#8511,#8695,.T.);
#8695 = LINE('',#8696,#8697);
#8696 = CARTESIAN_POINT('',(1.6,2.85,-1.15));
#8697 = VECTOR('',#8698,1.);
#8698 = DIRECTION('',(0.,-1.,2.2E-16));
#8699 = ORIENTED_EDGE('',*,*,#8345,.F.);
#8700 = PLANE('',#8701);
#8701 = AXIS2_PLACEMENT_3D('',#8702,#8703,#8704);
#8702 = CARTESIAN_POINT('',(-1.6,2.85,-1.15));
#8703 = DIRECTION('',(0.,2.2E-16,1.));
#8704 = DIRECTION('',(1.,0.,-0.));
#8705 = ADVANCED_FACE('',(#8706),#8717,.F.);
#8706 = FACE_BOUND('',#8707,.F.);
#8707 = EDGE_LOOP('',(#8708,#8709,#8710,#8716));
#8708 = ORIENTED_EDGE('',*,*,#8694,.T.);
#8709 = ORIENTED_EDGE('',*,*,#8510,.T.);
#8710 = ORIENTED_EDGE('',*,*,#8711,.F.);
#8711 = EDGE_CURVE('',#8330,#8503,#8712,.T.);
#8712 = LINE('',#8713,#8714);
#8713 = CARTESIAN_POINT('',(1.95,2.85,-1.5));
#8714 = VECTOR('',#8715,1.);
#8715 = DIRECTION('',(0.,-1.,2.2E-16));
#8716 = ORIENTED_EDGE('',*,*,#8337,.F.);
#8717 = PLANE('',#8718);
#8718 = AXIS2_PLACEMENT_3D('',#8719,#8720,#8721);
#8719 = CARTESIAN_POINT('',(1.6,2.85,-1.15));
#8720 = DIRECTION('',(0.707106781187,1.599999999999E-16,0.707106781187)
  );
#8721 = DIRECTION('',(0.707106781187,-1.599999999999E-16,-0.707106781187
    ));
#8722 = ADVANCED_FACE('',(#8723),#8734,.F.);
#8723 = FACE_BOUND('',#8724,.F.);
#8724 = EDGE_LOOP('',(#8725,#8726,#8727,#8733));
#8725 = ORIENTED_EDGE('',*,*,#8711,.T.);
#8726 = ORIENTED_EDGE('',*,*,#8502,.T.);
#8727 = ORIENTED_EDGE('',*,*,#8728,.F.);
#8728 = EDGE_CURVE('',#8322,#8495,#8729,.T.);
#8729 = LINE('',#8730,#8731);
#8730 = CARTESIAN_POINT('',(3.95,2.85,-1.5));
#8731 = VECTOR('',#8732,1.);
#8732 = DIRECTION('',(0.,-1.,2.2E-16));
#8733 = ORIENTED_EDGE('',*,*,#8329,.F.);
#8734 = PLANE('',#8735);
#8735 = AXIS2_PLACEMENT_3D('',#8736,#8737,#8738);
#8736 = CARTESIAN_POINT('',(1.95,2.85,-1.5));
#8737 = DIRECTION('',(0.,2.2E-16,1.));
#8738 = DIRECTION('',(1.,0.,-0.));
#8739 = ADVANCED_FACE('',(#8740),#8751,.F.);
#8740 = FACE_BOUND('',#8741,.F.);
#8741 = EDGE_LOOP('',(#8742,#8743,#8744,#8750));
#8742 = ORIENTED_EDGE('',*,*,#8728,.T.);
#8743 = ORIENTED_EDGE('',*,*,#8494,.T.);
#8744 = ORIENTED_EDGE('',*,*,#8745,.F.);
#8745 = EDGE_CURVE('',#8314,#8487,#8746,.T.);
#8746 = LINE('',#8747,#8748);
#8747 = CARTESIAN_POINT('',(4.3,2.85,-1.15));
#8748 = VECTOR('',#8749,1.);
#8749 = DIRECTION('',(0.,-1.,2.2E-16));
#8750 = ORIENTED_EDGE('',*,*,#8321,.F.);
#8751 = PLANE('',#8752);
#8752 = AXIS2_PLACEMENT_3D('',#8753,#8754,#8755);
#8753 = CARTESIAN_POINT('',(3.95,2.85,-1.5));
#8754 = DIRECTION('',(-0.707106781187,1.599999999999E-16,0.707106781187)
  );
#8755 = DIRECTION('',(0.707106781187,1.599999999999E-16,0.707106781187)
  );
#8756 = ADVANCED_FACE('',(#8757),#8768,.F.);
#8757 = FACE_BOUND('',#8758,.F.);
#8758 = EDGE_LOOP('',(#8759,#8760,#8761,#8767));
#8759 = ORIENTED_EDGE('',*,*,#8745,.T.);
#8760 = ORIENTED_EDGE('',*,*,#8486,.T.);
#8761 = ORIENTED_EDGE('',*,*,#8762,.F.);
#8762 = EDGE_CURVE('',#8306,#8479,#8763,.T.);
#8763 = LINE('',#8764,#8765);
#8764 = CARTESIAN_POINT('',(6.4,2.85,-1.15));
#8765 = VECTOR('',#8766,1.);
#8766 = DIRECTION('',(0.,-1.,2.2E-16));
#8767 = ORIENTED_EDGE('',*,*,#8313,.F.);
#8768 = PLANE('',#8769);
#8769 = AXIS2_PLACEMENT_3D('',#8770,#8771,#8772);
#8770 = CARTESIAN_POINT('',(4.3,2.85,-1.15));
#8771 = DIRECTION('',(0.,2.2E-16,1.));
#8772 = DIRECTION('',(1.,0.,-0.));
#8773 = ADVANCED_FACE('',(#8774),#8801,.F.);
#8774 = FACE_BOUND('',#8775,.F.);
#8775 = EDGE_LOOP('',(#8776,#8777,#8778,#8786,#8794,#8800));
#8776 = ORIENTED_EDGE('',*,*,#8762,.T.);
#8777 = ORIENTED_EDGE('',*,*,#8478,.T.);
#8778 = ORIENTED_EDGE('',*,*,#8779,.F.);
#8779 = EDGE_CURVE('',#8780,#8471,#8782,.T.);
#8780 = VERTEX_POINT('',#8781);
#8781 = CARTESIAN_POINT('',(6.4,-2.25,1.35));
#8782 = LINE('',#8783,#8784);
#8783 = CARTESIAN_POINT('',(6.4,2.85,1.35));
#8784 = VECTOR('',#8785,1.);
#8785 = DIRECTION('',(0.,-1.,2.2E-16));
#8786 = ORIENTED_EDGE('',*,*,#8787,.F.);
#8787 = EDGE_CURVE('',#8788,#8780,#8790,.T.);
#8788 = VERTEX_POINT('',#8789);
#8789 = CARTESIAN_POINT('',(6.4,2.25,1.35));
#8790 = LINE('',#8791,#8792);
#8791 = CARTESIAN_POINT('',(6.4,2.85,1.35));
#8792 = VECTOR('',#8793,1.);
#8793 = DIRECTION('',(0.,-1.,2.2E-16));
#8794 = ORIENTED_EDGE('',*,*,#8795,.F.);
#8795 = EDGE_CURVE('',#8298,#8788,#8796,.T.);
#8796 = LINE('',#8797,#8798);
#8797 = CARTESIAN_POINT('',(6.4,2.85,1.35));
#8798 = VECTOR('',#8799,1.);
#8799 = DIRECTION('',(0.,-1.,2.2E-16));
#8800 = ORIENTED_EDGE('',*,*,#8305,.F.);
#8801 = PLANE('',#8802);
#8802 = AXIS2_PLACEMENT_3D('',#8803,#8804,#8805);
#8803 = CARTESIAN_POINT('',(6.4,2.85,-1.15));
#8804 = DIRECTION('',(-1.,0.,0.));
#8805 = DIRECTION('',(0.,2.2E-16,1.));
#8806 = ADVANCED_FACE('',(#8807),#8825,.F.);
#8807 = FACE_BOUND('',#8808,.F.);
#8808 = EDGE_LOOP('',(#8809,#8810,#8811,#8819));
#8809 = ORIENTED_EDGE('',*,*,#8297,.F.);
#8810 = ORIENTED_EDGE('',*,*,#8795,.T.);
#8811 = ORIENTED_EDGE('',*,*,#8812,.T.);
#8812 = EDGE_CURVE('',#8788,#8813,#8815,.T.);
#8813 = VERTEX_POINT('',#8814);
#8814 = CARTESIAN_POINT('',(5.8,2.25,1.35));
#8815 = LINE('',#8816,#8817);
#8816 = CARTESIAN_POINT('',(6.4,2.25,1.35));
#8817 = VECTOR('',#8818,1.);
#8818 = DIRECTION('',(-1.,0.,-0.));
#8819 = ORIENTED_EDGE('',*,*,#8820,.F.);
#8820 = EDGE_CURVE('',#8290,#8813,#8821,.T.);
#8821 = LINE('',#8822,#8823);
#8822 = CARTESIAN_POINT('',(5.8,2.85,1.35));
#8823 = VECTOR('',#8824,1.);
#8824 = DIRECTION('',(0.,-1.,2.2E-16));
#8825 = PLANE('',#8826);
#8826 = AXIS2_PLACEMENT_3D('',#8827,#8828,#8829);
#8827 = CARTESIAN_POINT('',(6.4,2.85,1.35));
#8828 = DIRECTION('',(0.,-2.2E-16,-1.));
#8829 = DIRECTION('',(-1.,-0.,0.));
#8830 = ADVANCED_FACE('',(#8831),#8849,.F.);
#8831 = FACE_BOUND('',#8832,.F.);
#8832 = EDGE_LOOP('',(#8833,#8834,#8835,#8843));
#8833 = ORIENTED_EDGE('',*,*,#8289,.F.);
#8834 = ORIENTED_EDGE('',*,*,#8820,.T.);
#8835 = ORIENTED_EDGE('',*,*,#8836,.T.);
#8836 = EDGE_CURVE('',#8813,#8837,#8839,.T.);
#8837 = VERTEX_POINT('',#8838);
#8838 = CARTESIAN_POINT('',(1.75,2.25,1.35));
#8839 = LINE('',#8840,#8841);
#8840 = CARTESIAN_POINT('',(6.4,2.25,1.35));
#8841 = VECTOR('',#8842,1.);
#8842 = DIRECTION('',(-1.,0.,-0.));
#8843 = ORIENTED_EDGE('',*,*,#8844,.F.);
#8844 = EDGE_CURVE('',#8282,#8837,#8845,.T.);
#8845 = LINE('',#8846,#8847);
#8846 = CARTESIAN_POINT('',(1.75,2.85,1.35));
#8847 = VECTOR('',#8848,1.);
#8848 = DIRECTION('',(0.,-1.,-2.2E-16));
#8849 = PLANE('',#8850);
#8850 = AXIS2_PLACEMENT_3D('',#8851,#8852,#8853);
#8851 = CARTESIAN_POINT('',(6.4,2.85,1.35));
#8852 = DIRECTION('',(0.,2.2E-16,-1.));
#8853 = DIRECTION('',(-1.,0.,-0.));
#8854 = ADVANCED_FACE('',(#8855),#8873,.F.);
#8855 = FACE_BOUND('',#8856,.F.);
#8856 = EDGE_LOOP('',(#8857,#8858,#8866,#8872));
#8857 = ORIENTED_EDGE('',*,*,#8844,.T.);
#8858 = ORIENTED_EDGE('',*,*,#8859,.T.);
#8859 = EDGE_CURVE('',#8837,#8860,#8862,.T.);
#8860 = VERTEX_POINT('',#8861);
#8861 = CARTESIAN_POINT('',(1.75,2.25,-0.75));
#8862 = LINE('',#8863,#8864);
#8863 = CARTESIAN_POINT('',(1.75,2.25,1.35));
#8864 = VECTOR('',#8865,1.);
#8865 = DIRECTION('',(0.,2.2E-16,-1.));
#8866 = ORIENTED_EDGE('',*,*,#8867,.F.);
#8867 = EDGE_CURVE('',#8274,#8860,#8868,.T.);
#8868 = LINE('',#8869,#8870);
#8869 = CARTESIAN_POINT('',(1.75,2.85,-0.75));
#8870 = VECTOR('',#8871,1.);
#8871 = DIRECTION('',(0.,-1.,-2.2E-16));
#8872 = ORIENTED_EDGE('',*,*,#8281,.F.);
#8873 = PLANE('',#8874);
#8874 = AXIS2_PLACEMENT_3D('',#8875,#8876,#8877);
#8875 = CARTESIAN_POINT('',(1.75,2.85,1.35));
#8876 = DIRECTION('',(1.,0.,0.));
#8877 = DIRECTION('',(0.,2.2E-16,-1.));
#8878 = ADVANCED_FACE('',(#8879),#8897,.F.);
#8879 = FACE_BOUND('',#8880,.F.);
#8880 = EDGE_LOOP('',(#8881,#8882,#8890,#8896));
#8881 = ORIENTED_EDGE('',*,*,#8867,.T.);
#8882 = ORIENTED_EDGE('',*,*,#8883,.T.);
#8883 = EDGE_CURVE('',#8860,#8884,#8886,.T.);
#8884 = VERTEX_POINT('',#8885);
#8885 = CARTESIAN_POINT('',(-1.75,2.25,-0.75));
#8886 = LINE('',#8887,#8888);
#8887 = CARTESIAN_POINT('',(1.75,2.25,-0.75));
#8888 = VECTOR('',#8889,1.);
#8889 = DIRECTION('',(-1.,0.,-0.));
#8890 = ORIENTED_EDGE('',*,*,#8891,.F.);
#8891 = EDGE_CURVE('',#8266,#8884,#8892,.T.);
#8892 = LINE('',#8893,#8894);
#8893 = CARTESIAN_POINT('',(-1.75,2.85,-0.75));
#8894 = VECTOR('',#8895,1.);
#8895 = DIRECTION('',(0.,-1.,-2.2E-16));
#8896 = ORIENTED_EDGE('',*,*,#8273,.F.);
#8897 = PLANE('',#8898);
#8898 = AXIS2_PLACEMENT_3D('',#8899,#8900,#8901);
#8899 = CARTESIAN_POINT('',(1.75,2.85,-0.75));
#8900 = DIRECTION('',(0.,2.2E-16,-1.));
#8901 = DIRECTION('',(-1.,0.,-0.));
#8902 = ADVANCED_FACE('',(#8903),#8921,.F.);
#8903 = FACE_BOUND('',#8904,.F.);
#8904 = EDGE_LOOP('',(#8905,#8906,#8914,#8920));
#8905 = ORIENTED_EDGE('',*,*,#8891,.T.);
#8906 = ORIENTED_EDGE('',*,*,#8907,.T.);
#8907 = EDGE_CURVE('',#8884,#8908,#8910,.T.);
#8908 = VERTEX_POINT('',#8909);
#8909 = CARTESIAN_POINT('',(-1.75,2.25,1.35));
#8910 = LINE('',#8911,#8912);
#8911 = CARTESIAN_POINT('',(-1.75,2.25,-0.75));
#8912 = VECTOR('',#8913,1.);
#8913 = DIRECTION('',(0.,-2.2E-16,1.));
#8914 = ORIENTED_EDGE('',*,*,#8915,.F.);
#8915 = EDGE_CURVE('',#8258,#8908,#8916,.T.);
#8916 = LINE('',#8917,#8918);
#8917 = CARTESIAN_POINT('',(-1.75,2.85,1.35));
#8918 = VECTOR('',#8919,1.);
#8919 = DIRECTION('',(0.,-1.,-2.2E-16));
#8920 = ORIENTED_EDGE('',*,*,#8265,.F.);
#8921 = PLANE('',#8922);
#8922 = AXIS2_PLACEMENT_3D('',#8923,#8924,#8925);
#8923 = CARTESIAN_POINT('',(-1.75,2.85,-0.75));
#8924 = DIRECTION('',(-1.,0.,0.));
#8925 = DIRECTION('',(0.,-2.2E-16,1.));
#8926 = ADVANCED_FACE('',(#8927),#8938,.F.);
#8927 = FACE_BOUND('',#8928,.F.);
#8928 = EDGE_LOOP('',(#8929,#8930,#8931,#8937));
#8929 = ORIENTED_EDGE('',*,*,#8257,.F.);
#8930 = ORIENTED_EDGE('',*,*,#8915,.T.);
#8931 = ORIENTED_EDGE('',*,*,#8932,.T.);
#8932 = EDGE_CURVE('',#8908,#8595,#8933,.T.);
#8933 = LINE('',#8934,#8935);
#8934 = CARTESIAN_POINT('',(-1.75,2.25,1.35));
#8935 = VECTOR('',#8936,1.);
#8936 = DIRECTION('',(-1.,0.,-0.));
#8937 = ORIENTED_EDGE('',*,*,#8594,.F.);
#8938 = PLANE('',#8939);
#8939 = AXIS2_PLACEMENT_3D('',#8940,#8941,#8942);
#8940 = CARTESIAN_POINT('',(-1.75,2.85,1.35));
#8941 = DIRECTION('',(0.,2.2E-16,-1.));
#8942 = DIRECTION('',(-1.,0.,-0.));
#8943 = ADVANCED_FACE('',(#8944),#8963,.F.);
#8944 = FACE_BOUND('',#8945,.F.);
#8945 = EDGE_LOOP('',(#8946,#8954,#8961,#8962));
#8946 = ORIENTED_EDGE('',*,*,#8947,.T.);
#8947 = EDGE_CURVE('',#8371,#8948,#8950,.T.);
#8948 = VERTEX_POINT('',#8949);
#8949 = CARTESIAN_POINT('',(-4.6,2.25,-0.));
#8950 = LINE('',#8951,#8952);
#8951 = CARTESIAN_POINT('',(-4.6,2.85,-6.3E-16));
#8952 = VECTOR('',#8953,1.);
#8953 = DIRECTION('',(0.,-1.,-2.2E-16));
#8954 = ORIENTED_EDGE('',*,*,#8955,.T.);
#8955 = EDGE_CURVE('',#8948,#8948,#8956,.T.);
#8956 = CIRCLE('',#8957,0.7);
#8957 = AXIS2_PLACEMENT_3D('',#8958,#8959,#8960);
#8958 = CARTESIAN_POINT('',(-5.3,2.25,-8.881784197001E-16));
#8959 = DIRECTION('',(-0.,1.,2.2E-16));
#8960 = DIRECTION('',(1.,0.,0.));
#8961 = ORIENTED_EDGE('',*,*,#8947,.F.);
#8962 = ORIENTED_EDGE('',*,*,#8370,.F.);
#8963 = CYLINDRICAL_SURFACE('',#8964,0.7);
#8964 = AXIS2_PLACEMENT_3D('',#8965,#8966,#8967);
#8965 = CARTESIAN_POINT('',(-5.3,2.85,-6.3E-16));
#8966 = DIRECTION('',(0.,1.,2.2E-16));
#8967 = DIRECTION('',(1.,0.,-0.));
#8968 = ADVANCED_FACE('',(#8969),#8980,.F.);
#8969 = FACE_BOUND('',#8970,.F.);
#8970 = EDGE_LOOP('',(#8971,#8972,#8978,#8979));
#8971 = ORIENTED_EDGE('',*,*,#8381,.T.);
#8972 = ORIENTED_EDGE('',*,*,#8973,.T.);
#8973 = EDGE_CURVE('',#8382,#8555,#8974,.T.);
#8974 = LINE('',#8975,#8976);
#8975 = CARTESIAN_POINT('',(-2.25,2.85,-6.3E-16));
#8976 = VECTOR('',#8977,1.);
#8977 = DIRECTION('',(0.,-1.,2.2E-16));
#8978 = ORIENTED_EDGE('',*,*,#8554,.F.);
#8979 = ORIENTED_EDGE('',*,*,#8973,.F.);
#8980 = CYLINDRICAL_SURFACE('',#8981,1.);
#8981 = AXIS2_PLACEMENT_3D('',#8982,#8983,#8984);
#8982 = CARTESIAN_POINT('',(-3.25,2.85,-6.3E-16));
#8983 = DIRECTION('',(0.,1.,-2.2E-16));
#8984 = DIRECTION('',(1.,0.,0.));
#8985 = ADVANCED_FACE('',(#8986),#9005,.F.);
#8986 = FACE_BOUND('',#8987,.F.);
#8987 = EDGE_LOOP('',(#8988,#8996,#9003,#9004));
#8988 = ORIENTED_EDGE('',*,*,#8989,.T.);
#8989 = EDGE_CURVE('',#8393,#8990,#8992,.T.);
#8990 = VERTEX_POINT('',#8991);
#8991 = CARTESIAN_POINT('',(6.,2.25,0.));
#8992 = LINE('',#8993,#8994);
#8993 = CARTESIAN_POINT('',(6.,2.85,-6.3E-16));
#8994 = VECTOR('',#8995,1.);
#8995 = DIRECTION('',(0.,-1.,-2.2E-16));
#8996 = ORIENTED_EDGE('',*,*,#8997,.T.);
#8997 = EDGE_CURVE('',#8990,#8990,#8998,.T.);
#8998 = CIRCLE('',#8999,0.7);
#8999 = AXIS2_PLACEMENT_3D('',#9000,#9001,#9002);
#9000 = CARTESIAN_POINT('',(5.3,2.25,-8.881784197001E-16));
#9001 = DIRECTION('',(-0.,1.,2.2E-16));
#9002 = DIRECTION('',(1.,0.,0.));
#9003 = ORIENTED_EDGE('',*,*,#8989,.F.);
#9004 = ORIENTED_EDGE('',*,*,#8392,.F.);
#9005 = CYLINDRICAL_SURFACE('',#9006,0.7);
#9006 = AXIS2_PLACEMENT_3D('',#9007,#9008,#9009);
#9007 = CARTESIAN_POINT('',(5.3,2.85,-6.3E-16));
#9008 = DIRECTION('',(0.,1.,2.2E-16));
#9009 = DIRECTION('',(1.,0.,-0.));
#9010 = ADVANCED_FACE('',(#9011),#9022,.F.);
#9011 = FACE_BOUND('',#9012,.F.);
#9012 = EDGE_LOOP('',(#9013,#9014,#9020,#9021));
#9013 = ORIENTED_EDGE('',*,*,#8403,.T.);
#9014 = ORIENTED_EDGE('',*,*,#9015,.T.);
#9015 = EDGE_CURVE('',#8404,#8577,#9016,.T.);
#9016 = LINE('',#9017,#9018);
#9017 = CARTESIAN_POINT('',(4.25,2.85,-6.3E-16));
#9018 = VECTOR('',#9019,1.);
#9019 = DIRECTION('',(0.,-1.,2.2E-16));
#9020 = ORIENTED_EDGE('',*,*,#8576,.F.);
#9021 = ORIENTED_EDGE('',*,*,#9015,.F.);
#9022 = CYLINDRICAL_SURFACE('',#9023,1.);
#9023 = AXIS2_PLACEMENT_3D('',#9024,#9025,#9026);
#9024 = CARTESIAN_POINT('',(3.25,2.85,-6.3E-16));
#9025 = DIRECTION('',(0.,1.,-2.2E-16));
#9026 = DIRECTION('',(1.,0.,0.));
#9027 = ADVANCED_FACE('',(#9028),#9046,.F.);
#9028 = FACE_BOUND('',#9029,.F.);
#9029 = EDGE_LOOP('',(#9030,#9038,#9039,#9040));
#9030 = ORIENTED_EDGE('',*,*,#9031,.T.);
#9031 = EDGE_CURVE('',#9032,#8780,#9034,.T.);
#9032 = VERTEX_POINT('',#9033);
#9033 = CARTESIAN_POINT('',(5.8,-2.25,1.35));
#9034 = LINE('',#9035,#9036);
#9035 = CARTESIAN_POINT('',(1.75,-2.25,1.35));
#9036 = VECTOR('',#9037,1.);
#9037 = DIRECTION('',(1.,0.,0.));
#9038 = ORIENTED_EDGE('',*,*,#8779,.T.);
#9039 = ORIENTED_EDGE('',*,*,#8470,.T.);
#9040 = ORIENTED_EDGE('',*,*,#9041,.F.);
#9041 = EDGE_CURVE('',#9032,#8463,#9042,.T.);
#9042 = LINE('',#9043,#9044);
#9043 = CARTESIAN_POINT('',(5.8,2.85,1.35));
#9044 = VECTOR('',#9045,1.);
#9045 = DIRECTION('',(0.,-1.,2.2E-16));
#9046 = PLANE('',#9047);
#9047 = AXIS2_PLACEMENT_3D('',#9048,#9049,#9050);
#9048 = CARTESIAN_POINT('',(6.4,2.85,1.35));
#9049 = DIRECTION('',(0.,-2.2E-16,-1.));
#9050 = DIRECTION('',(-1.,-0.,0.));
#9051 = ADVANCED_FACE('',(#9052),#9070,.F.);
#9052 = FACE_BOUND('',#9053,.F.);
#9053 = EDGE_LOOP('',(#9054,#9055,#9063,#9069));
#9054 = ORIENTED_EDGE('',*,*,#8462,.F.);
#9055 = ORIENTED_EDGE('',*,*,#9056,.T.);
#9056 = EDGE_CURVE('',#8455,#9057,#9059,.T.);
#9057 = VERTEX_POINT('',#9058);
#9058 = CARTESIAN_POINT('',(1.75,-2.25,1.35));
#9059 = LINE('',#9060,#9061);
#9060 = CARTESIAN_POINT('',(1.75,-2.85,1.35));
#9061 = VECTOR('',#9062,1.);
#9062 = DIRECTION('',(0.,1.,-2.2E-16));
#9063 = ORIENTED_EDGE('',*,*,#9064,.T.);
#9064 = EDGE_CURVE('',#9057,#9032,#9065,.T.);
#9065 = LINE('',#9066,#9067);
#9066 = CARTESIAN_POINT('',(1.75,-2.25,1.35));
#9067 = VECTOR('',#9068,1.);
#9068 = DIRECTION('',(1.,0.,0.));
#9069 = ORIENTED_EDGE('',*,*,#9041,.T.);
#9070 = PLANE('',#9071);
#9071 = AXIS2_PLACEMENT_3D('',#9072,#9073,#9074);
#9072 = CARTESIAN_POINT('',(1.75,-2.85,1.35));
#9073 = DIRECTION('',(0.,-2.2E-16,-1.));
#9074 = DIRECTION('',(1.,0.,0.));
#9075 = ADVANCED_FACE('',(#9076),#9094,.T.);
#9076 = FACE_BOUND('',#9077,.T.);
#9077 = EDGE_LOOP('',(#9078,#9079,#9087,#9093));
#9078 = ORIENTED_EDGE('',*,*,#9056,.T.);
#9079 = ORIENTED_EDGE('',*,*,#9080,.T.);
#9080 = EDGE_CURVE('',#9057,#9081,#9083,.T.);
#9081 = VERTEX_POINT('',#9082);
#9082 = CARTESIAN_POINT('',(1.75,-2.25,-0.75));
#9083 = LINE('',#9084,#9085);
#9084 = CARTESIAN_POINT('',(1.75,-2.25,1.35));
#9085 = VECTOR('',#9086,1.);
#9086 = DIRECTION('',(0.,2.2E-16,-1.));
#9087 = ORIENTED_EDGE('',*,*,#9088,.F.);
#9088 = EDGE_CURVE('',#8447,#9081,#9089,.T.);
#9089 = LINE('',#9090,#9091);
#9090 = CARTESIAN_POINT('',(1.75,-2.85,-0.75));
#9091 = VECTOR('',#9092,1.);
#9092 = DIRECTION('',(0.,1.,-2.2E-16));
#9093 = ORIENTED_EDGE('',*,*,#8454,.F.);
#9094 = PLANE('',#9095);
#9095 = AXIS2_PLACEMENT_3D('',#9096,#9097,#9098);
#9096 = CARTESIAN_POINT('',(1.75,-2.85,1.35));
#9097 = DIRECTION('',(-1.,0.,0.));
#9098 = DIRECTION('',(-0.,-2.2E-16,-1.));
#9099 = ADVANCED_FACE('',(#9100),#9118,.T.);
#9100 = FACE_BOUND('',#9101,.T.);
#9101 = EDGE_LOOP('',(#9102,#9103,#9111,#9117));
#9102 = ORIENTED_EDGE('',*,*,#9088,.T.);
#9103 = ORIENTED_EDGE('',*,*,#9104,.T.);
#9104 = EDGE_CURVE('',#9081,#9105,#9107,.T.);
#9105 = VERTEX_POINT('',#9106);
#9106 = CARTESIAN_POINT('',(-1.75,-2.25,-0.75));
#9107 = LINE('',#9108,#9109);
#9108 = CARTESIAN_POINT('',(1.75,-2.25,-0.75));
#9109 = VECTOR('',#9110,1.);
#9110 = DIRECTION('',(-1.,0.,0.));
#9111 = ORIENTED_EDGE('',*,*,#9112,.F.);
#9112 = EDGE_CURVE('',#8439,#9105,#9113,.T.);
#9113 = LINE('',#9114,#9115);
#9114 = CARTESIAN_POINT('',(-1.75,-2.85,-0.75));
#9115 = VECTOR('',#9116,1.);
#9116 = DIRECTION('',(0.,1.,-2.2E-16));
#9117 = ORIENTED_EDGE('',*,*,#8446,.F.);
#9118 = PLANE('',#9119);
#9119 = AXIS2_PLACEMENT_3D('',#9120,#9121,#9122);
#9120 = CARTESIAN_POINT('',(1.75,-2.85,-0.75));
#9121 = DIRECTION('',(0.,2.2E-16,1.));
#9122 = DIRECTION('',(-1.,0.,0.));
#9123 = ADVANCED_FACE('',(#9124),#9142,.T.);
#9124 = FACE_BOUND('',#9125,.T.);
#9125 = EDGE_LOOP('',(#9126,#9127,#9135,#9141));
#9126 = ORIENTED_EDGE('',*,*,#9112,.T.);
#9127 = ORIENTED_EDGE('',*,*,#9128,.T.);
#9128 = EDGE_CURVE('',#9105,#9129,#9131,.T.);
#9129 = VERTEX_POINT('',#9130);
#9130 = CARTESIAN_POINT('',(-1.75,-2.25,1.35));
#9131 = LINE('',#9132,#9133);
#9132 = CARTESIAN_POINT('',(-1.75,-2.25,-0.75));
#9133 = VECTOR('',#9134,1.);
#9134 = DIRECTION('',(0.,-2.2E-16,1.));
#9135 = ORIENTED_EDGE('',*,*,#9136,.F.);
#9136 = EDGE_CURVE('',#8431,#9129,#9137,.T.);
#9137 = LINE('',#9138,#9139);
#9138 = CARTESIAN_POINT('',(-1.75,-2.85,1.35));
#9139 = VECTOR('',#9140,1.);
#9140 = DIRECTION('',(0.,1.,-2.2E-16));
#9141 = ORIENTED_EDGE('',*,*,#8438,.F.);
#9142 = PLANE('',#9143);
#9143 = AXIS2_PLACEMENT_3D('',#9144,#9145,#9146);
#9144 = CARTESIAN_POINT('',(-1.75,-2.85,-0.75));
#9145 = DIRECTION('',(1.,0.,0.));
#9146 = DIRECTION('',(-0.,2.2E-16,1.));
#9147 = ADVANCED_FACE('',(#9148),#9159,.F.);
#9148 = FACE_BOUND('',#9149,.F.);
#9149 = EDGE_LOOP('',(#9150,#9151,#9157,#9158));
#9150 = ORIENTED_EDGE('',*,*,#8642,.F.);
#9151 = ORIENTED_EDGE('',*,*,#9152,.T.);
#9152 = EDGE_CURVE('',#8619,#9129,#9153,.T.);
#9153 = LINE('',#9154,#9155);
#9154 = CARTESIAN_POINT('',(-6.4,-2.25,1.35));
#9155 = VECTOR('',#9156,1.);
#9156 = DIRECTION('',(1.,0.,0.));
#9157 = ORIENTED_EDGE('',*,*,#9136,.F.);
#9158 = ORIENTED_EDGE('',*,*,#8430,.F.);
#9159 = PLANE('',#9160);
#9160 = AXIS2_PLACEMENT_3D('',#9161,#9162,#9163);
#9161 = CARTESIAN_POINT('',(-6.4,-2.85,1.35));
#9162 = DIRECTION('',(0.,-2.2E-16,-1.));
#9163 = DIRECTION('',(1.,0.,0.));
#9164 = ADVANCED_FACE('',(#9165),#9184,.F.);
#9165 = FACE_BOUND('',#9166,.F.);
#9166 = EDGE_LOOP('',(#9167,#9175,#9182,#9183));
#9167 = ORIENTED_EDGE('',*,*,#9168,.T.);
#9168 = EDGE_CURVE('',#8544,#9169,#9171,.T.);
#9169 = VERTEX_POINT('',#9170);
#9170 = CARTESIAN_POINT('',(-4.6,-2.25,0.));
#9171 = LINE('',#9172,#9173);
#9172 = CARTESIAN_POINT('',(-4.6,-2.85,4.3E-16));
#9173 = VECTOR('',#9174,1.);
#9174 = DIRECTION('',(0.,1.,-2.2E-16));
#9175 = ORIENTED_EDGE('',*,*,#9176,.T.);
#9176 = EDGE_CURVE('',#9169,#9169,#9177,.T.);
#9177 = CIRCLE('',#9178,0.7);
#9178 = AXIS2_PLACEMENT_3D('',#9179,#9180,#9181);
#9179 = CARTESIAN_POINT('',(-5.3,-2.25,-4.440892098501E-16));
#9180 = DIRECTION('',(0.,-1.,-2.2E-16));
#9181 = DIRECTION('',(1.,0.,0.));
#9182 = ORIENTED_EDGE('',*,*,#9168,.F.);
#9183 = ORIENTED_EDGE('',*,*,#8543,.F.);
#9184 = CYLINDRICAL_SURFACE('',#9185,0.7);
#9185 = AXIS2_PLACEMENT_3D('',#9186,#9187,#9188);
#9186 = CARTESIAN_POINT('',(-5.3,-2.85,4.3E-16));
#9187 = DIRECTION('',(0.,-1.,2.2E-16));
#9188 = DIRECTION('',(1.,0.,0.));
#9189 = ADVANCED_FACE('',(#9190),#9209,.F.);
#9190 = FACE_BOUND('',#9191,.F.);
#9191 = EDGE_LOOP('',(#9192,#9200,#9207,#9208));
#9192 = ORIENTED_EDGE('',*,*,#9193,.T.);
#9193 = EDGE_CURVE('',#8566,#9194,#9196,.T.);
#9194 = VERTEX_POINT('',#9195);
#9195 = CARTESIAN_POINT('',(5.6,-2.25,0.));
#9196 = LINE('',#9197,#9198);
#9197 = CARTESIAN_POINT('',(5.6,-2.85,4.3E-16));
#9198 = VECTOR('',#9199,1.);
#9199 = DIRECTION('',(0.,1.,-2.2E-16));
#9200 = ORIENTED_EDGE('',*,*,#9201,.T.);
#9201 = EDGE_CURVE('',#9194,#9194,#9202,.T.);
#9202 = CIRCLE('',#9203,0.5);
#9203 = AXIS2_PLACEMENT_3D('',#9204,#9205,#9206);
#9204 = CARTESIAN_POINT('',(5.1,-2.25,-4.440892098501E-16));
#9205 = DIRECTION('',(0.,-1.,-2.2E-16));
#9206 = DIRECTION('',(1.,0.,0.));
#9207 = ORIENTED_EDGE('',*,*,#9193,.F.);
#9208 = ORIENTED_EDGE('',*,*,#8565,.F.);
#9209 = CYLINDRICAL_SURFACE('',#9210,0.5);
#9210 = AXIS2_PLACEMENT_3D('',#9211,#9212,#9213);
#9211 = CARTESIAN_POINT('',(5.1,-2.85,4.3E-16));
#9212 = DIRECTION('',(0.,-1.,2.2E-16));
#9213 = DIRECTION('',(1.,0.,0.));
#9214 = ADVANCED_FACE('',(#9215),#9240,.F.);
#9215 = FACE_BOUND('',#9216,.F.);
#9216 = EDGE_LOOP('',(#9217,#9225,#9233,#9239));
#9217 = ORIENTED_EDGE('',*,*,#9218,.T.);
#9218 = EDGE_CURVE('',#8595,#9219,#9221,.T.);
#9219 = VERTEX_POINT('',#9220);
#9220 = CARTESIAN_POINT('',(-5.8,2.25,1.7));
#9221 = LINE('',#9222,#9223);
#9222 = CARTESIAN_POINT('',(-5.8,2.25,1.36690737087));
#9223 = VECTOR('',#9224,1.);
#9224 = DIRECTION('',(0.,0.,1.));
#9225 = ORIENTED_EDGE('',*,*,#9226,.T.);
#9226 = EDGE_CURVE('',#9219,#9227,#9229,.T.);
#9227 = VERTEX_POINT('',#9228);
#9228 = CARTESIAN_POINT('',(-5.8,-2.25,1.7));
#9229 = LINE('',#9230,#9231);
#9230 = CARTESIAN_POINT('',(-5.8,2.85,1.7));
#9231 = VECTOR('',#9232,1.);
#9232 = DIRECTION('',(0.,-1.,2.2E-16));
#9233 = ORIENTED_EDGE('',*,*,#9234,.F.);
#9234 = EDGE_CURVE('',#8619,#9227,#9235,.T.);
#9235 = LINE('',#9236,#9237);
#9236 = CARTESIAN_POINT('',(-5.8,-2.25,1.379903159459));
#9237 = VECTOR('',#9238,1.);
#9238 = DIRECTION('',(0.,0.,1.));
#9239 = ORIENTED_EDGE('',*,*,#8618,.F.);
#9240 = PLANE('',#9241);
#9241 = AXIS2_PLACEMENT_3D('',#9242,#9243,#9244);
#9242 = CARTESIAN_POINT('',(-5.8,2.85,1.7));
#9243 = DIRECTION('',(1.,0.,0.));
#9244 = DIRECTION('',(0.,-2.2E-16,-1.));
#9245 = ADVANCED_FACE('',(#9246),#9257,.F.);
#9246 = FACE_BOUND('',#9247,.F.);
#9247 = EDGE_LOOP('',(#9248,#9249,#9250,#9251));
#9248 = ORIENTED_EDGE('',*,*,#8812,.F.);
#9249 = ORIENTED_EDGE('',*,*,#8787,.T.);
#9250 = ORIENTED_EDGE('',*,*,#9031,.F.);
#9251 = ORIENTED_EDGE('',*,*,#9252,.F.);
#9252 = EDGE_CURVE('',#8813,#9032,#9253,.T.);
#9253 = LINE('',#9254,#9255);
#9254 = CARTESIAN_POINT('',(5.8,2.85,1.35));
#9255 = VECTOR('',#9256,1.);
#9256 = DIRECTION('',(0.,-1.,2.2E-16));
#9257 = PLANE('',#9258);
#9258 = AXIS2_PLACEMENT_3D('',#9259,#9260,#9261);
#9259 = CARTESIAN_POINT('',(6.4,2.85,1.35));
#9260 = DIRECTION('',(0.,-2.2E-16,-1.));
#9261 = DIRECTION('',(-1.,-0.,0.));
#9262 = ADVANCED_FACE('',(#9263,#9333),#9367,.T.);
#9263 = FACE_BOUND('',#9264,.T.);
#9264 = EDGE_LOOP('',(#9265,#9266,#9267,#9268,#9269,#9270,#9278,#9286,
    #9294,#9302,#9310,#9318,#9326,#9332));
#9265 = ORIENTED_EDGE('',*,*,#8859,.T.);
#9266 = ORIENTED_EDGE('',*,*,#8883,.T.);
#9267 = ORIENTED_EDGE('',*,*,#8907,.T.);
#9268 = ORIENTED_EDGE('',*,*,#8932,.T.);
#9269 = ORIENTED_EDGE('',*,*,#9218,.T.);
#9270 = ORIENTED_EDGE('',*,*,#9271,.T.);
#9271 = EDGE_CURVE('',#9219,#9272,#9274,.T.);
#9272 = VERTEX_POINT('',#9273);
#9273 = CARTESIAN_POINT('',(-1.6,2.25,1.7));
#9274 = LINE('',#9275,#9276);
#9275 = CARTESIAN_POINT('',(-0.8,2.25,1.7));
#9276 = VECTOR('',#9277,1.);
#9277 = DIRECTION('',(1.,0.,0.));
#9278 = ORIENTED_EDGE('',*,*,#9279,.T.);
#9279 = EDGE_CURVE('',#9272,#9280,#9282,.T.);
#9280 = VERTEX_POINT('',#9281);
#9281 = CARTESIAN_POINT('',(-1.25,2.25,1.35));
#9282 = LINE('',#9283,#9284);
#9283 = CARTESIAN_POINT('',(-0.858453685435,2.25,0.958453685435));
#9284 = VECTOR('',#9285,1.);
#9285 = DIRECTION('',(0.707106781187,0.,-0.707106781187));
#9286 = ORIENTED_EDGE('',*,*,#9287,.T.);
#9287 = EDGE_CURVE('',#9280,#9288,#9290,.T.);
#9288 = VERTEX_POINT('',#9289);
#9289 = CARTESIAN_POINT('',(1.25,2.25,1.35));
#9290 = LINE('',#9291,#9292);
#9291 = CARTESIAN_POINT('',(0.625,2.25,1.35));
#9292 = VECTOR('',#9293,1.);
#9293 = DIRECTION('',(1.,0.,0.));
#9294 = ORIENTED_EDGE('',*,*,#9295,.T.);
#9295 = EDGE_CURVE('',#9288,#9296,#9298,.T.);
#9296 = VERTEX_POINT('',#9297);
#9297 = CARTESIAN_POINT('',(1.6,2.25,1.7));
#9298 = LINE('',#9299,#9300);
#9299 = CARTESIAN_POINT('',(1.033453685435,2.25,1.133453685435));
#9300 = VECTOR('',#9301,1.);
#9301 = DIRECTION('',(0.707106781187,0.,0.707106781187));
#9302 = ORIENTED_EDGE('',*,*,#9303,.T.);
#9303 = EDGE_CURVE('',#9296,#9304,#9306,.T.);
#9304 = VERTEX_POINT('',#9305);
#9305 = CARTESIAN_POINT('',(4.65,2.25,1.7));
#9306 = LINE('',#9307,#9308);
#9307 = CARTESIAN_POINT('',(2.325,2.25,1.7));
#9308 = VECTOR('',#9309,1.);
#9309 = DIRECTION('',(1.,0.,0.));
#9310 = ORIENTED_EDGE('',*,*,#9311,.T.);
#9311 = EDGE_CURVE('',#9304,#9312,#9314,.T.);
#9312 = VERTEX_POINT('',#9313);
#9313 = CARTESIAN_POINT('',(4.65,2.25,2.2));
#9314 = LINE('',#9315,#9316);
#9315 = CARTESIAN_POINT('',(4.65,2.25,1.61690737087));
#9316 = VECTOR('',#9317,1.);
#9317 = DIRECTION('',(0.,0.,1.));
#9318 = ORIENTED_EDGE('',*,*,#9319,.T.);
#9319 = EDGE_CURVE('',#9312,#9320,#9322,.T.);
#9320 = VERTEX_POINT('',#9321);
#9321 = CARTESIAN_POINT('',(5.8,2.25,2.2));
#9322 = LINE('',#9323,#9324);
#9323 = CARTESIAN_POINT('',(-6.4,2.25,2.2));
#9324 = VECTOR('',#9325,1.);
#9325 = DIRECTION('',(1.,0.,0.));
#9326 = ORIENTED_EDGE('',*,*,#9327,.T.);
#9327 = EDGE_CURVE('',#9320,#8813,#9328,.T.);
#9328 = LINE('',#9329,#9330);
#9329 = CARTESIAN_POINT('',(5.8,2.25,1.19190737087));
#9330 = VECTOR('',#9331,1.);
#9331 = DIRECTION('',(0.,0.,-1.));
#9332 = ORIENTED_EDGE('',*,*,#8836,.T.);
#9333 = FACE_BOUND('',#9334,.T.);
#9334 = EDGE_LOOP('',(#9335,#9345,#9353,#9361));
#9335 = ORIENTED_EDGE('',*,*,#9336,.T.);
#9336 = EDGE_CURVE('',#9337,#9339,#9341,.T.);
#9337 = VERTEX_POINT('',#9338);
#9338 = CARTESIAN_POINT('',(-0.65,2.25,0.15));
#9339 = VERTEX_POINT('',#9340);
#9340 = CARTESIAN_POINT('',(0.65,2.25,0.15));
#9341 = LINE('',#9342,#9343);
#9342 = CARTESIAN_POINT('',(-0.65,2.25,0.15));
#9343 = VECTOR('',#9344,1.);
#9344 = DIRECTION('',(1.,0.,0.));
#9345 = ORIENTED_EDGE('',*,*,#9346,.T.);
#9346 = EDGE_CURVE('',#9339,#9347,#9349,.T.);
#9347 = VERTEX_POINT('',#9348);
#9348 = CARTESIAN_POINT('',(0.65,2.25,0.65));
#9349 = LINE('',#9350,#9351);
#9350 = CARTESIAN_POINT('',(0.65,2.25,0.15));
#9351 = VECTOR('',#9352,1.);
#9352 = DIRECTION('',(0.,-2.2E-16,1.));
#9353 = ORIENTED_EDGE('',*,*,#9354,.T.);
#9354 = EDGE_CURVE('',#9347,#9355,#9357,.T.);
#9355 = VERTEX_POINT('',#9356);
#9356 = CARTESIAN_POINT('',(-0.65,2.25,0.65));
#9357 = LINE('',#9358,#9359);
#9358 = CARTESIAN_POINT('',(0.65,2.25,0.65));
#9359 = VECTOR('',#9360,1.);
#9360 = DIRECTION('',(-1.,0.,-0.));
#9361 = ORIENTED_EDGE('',*,*,#9362,.T.);
#9362 = EDGE_CURVE('',#9355,#9337,#9363,.T.);
#9363 = LINE('',#9364,#9365);
#9364 = CARTESIAN_POINT('',(-0.65,2.25,0.65));
#9365 = VECTOR('',#9366,1.);
#9366 = DIRECTION('',(0.,2.2E-16,-1.));
#9367 = PLANE('',#9368);
#9368 = AXIS2_PLACEMENT_3D('',#9369,#9370,#9371);
#9369 = CARTESIAN_POINT('',(7.E-17,2.25,1.033814741741));
#9370 = DIRECTION('',(0.,1.,2.2E-16));
#9371 = DIRECTION('',(0.,-2.2E-16,1.));
#9372 = ADVANCED_FACE('',(#9373),#9376,.T.);
#9373 = FACE_BOUND('',#9374,.T.);
#9374 = EDGE_LOOP('',(#9375));
#9375 = ORIENTED_EDGE('',*,*,#8955,.T.);
#9376 = PLANE('',#9377);
#9377 = AXIS2_PLACEMENT_3D('',#9378,#9379,#9380);
#9378 = CARTESIAN_POINT('',(7.E-17,2.25,1.033814741741));
#9379 = DIRECTION('',(0.,1.,2.2E-16));
#9380 = DIRECTION('',(0.,-2.2E-16,1.));
#9381 = ADVANCED_FACE('',(#9382),#9385,.T.);
#9382 = FACE_BOUND('',#9383,.T.);
#9383 = EDGE_LOOP('',(#9384));
#9384 = ORIENTED_EDGE('',*,*,#8997,.T.);
#9385 = PLANE('',#9386);
#9386 = AXIS2_PLACEMENT_3D('',#9387,#9388,#9389);
#9387 = CARTESIAN_POINT('',(7.E-17,2.25,1.033814741741));
#9388 = DIRECTION('',(0.,1.,2.2E-16));
#9389 = DIRECTION('',(0.,-2.2E-16,1.));
#9390 = ADVANCED_FACE('',(#9391,#9461),#9495,.F.);
#9391 = FACE_BOUND('',#9392,.F.);
#9392 = EDGE_LOOP('',(#9393,#9394,#9395,#9396,#9397,#9398,#9399,#9407,
    #9415,#9423,#9431,#9439,#9447,#9455));
#9393 = ORIENTED_EDGE('',*,*,#9064,.F.);
#9394 = ORIENTED_EDGE('',*,*,#9080,.T.);
#9395 = ORIENTED_EDGE('',*,*,#9104,.T.);
#9396 = ORIENTED_EDGE('',*,*,#9128,.T.);
#9397 = ORIENTED_EDGE('',*,*,#9152,.F.);
#9398 = ORIENTED_EDGE('',*,*,#9234,.T.);
#9399 = ORIENTED_EDGE('',*,*,#9400,.T.);
#9400 = EDGE_CURVE('',#9227,#9401,#9403,.T.);
#9401 = VERTEX_POINT('',#9402);
#9402 = CARTESIAN_POINT('',(-1.6,-2.25,1.7));
#9403 = LINE('',#9404,#9405);
#9404 = CARTESIAN_POINT('',(-0.872910136382,-2.25,1.7));
#9405 = VECTOR('',#9406,1.);
#9406 = DIRECTION('',(1.,0.,0.));
#9407 = ORIENTED_EDGE('',*,*,#9408,.T.);
#9408 = EDGE_CURVE('',#9401,#9409,#9411,.T.);
#9409 = VERTEX_POINT('',#9410);
#9410 = CARTESIAN_POINT('',(-1.25,-2.25,1.35));
#9411 = LINE('',#9412,#9413);
#9412 = CARTESIAN_POINT('',(-0.901406647921,-2.25,1.001406647921));
#9413 = VECTOR('',#9414,1.);
#9414 = DIRECTION('',(0.707106781187,0.,-0.707106781187));
#9415 = ORIENTED_EDGE('',*,*,#9416,.T.);
#9416 = EDGE_CURVE('',#9409,#9417,#9419,.T.);
#9417 = VERTEX_POINT('',#9418);
#9418 = CARTESIAN_POINT('',(1.25,-2.25,1.35));
#9419 = LINE('',#9420,#9421);
#9420 = CARTESIAN_POINT('',(0.552089863618,-2.25,1.35));
#9421 = VECTOR('',#9422,1.);
#9422 = DIRECTION('',(1.,0.,0.));
#9423 = ORIENTED_EDGE('',*,*,#9424,.T.);
#9424 = EDGE_CURVE('',#9417,#9425,#9427,.T.);
#9425 = VERTEX_POINT('',#9426);
#9426 = CARTESIAN_POINT('',(1.6,-2.25,1.7));
#9427 = LINE('',#9428,#9429);
#9428 = CARTESIAN_POINT('',(1.003496511539,-2.25,1.103496511539));
#9429 = VECTOR('',#9430,1.);
#9430 = DIRECTION('',(0.707106781187,0.,0.707106781187));
#9431 = ORIENTED_EDGE('',*,*,#9432,.T.);
#9432 = EDGE_CURVE('',#9425,#9433,#9435,.T.);
#9433 = VERTEX_POINT('',#9434);
#9434 = CARTESIAN_POINT('',(4.65,-2.25,1.7));
#9435 = LINE('',#9436,#9437);
#9436 = CARTESIAN_POINT('',(2.252089863618,-2.25,1.7));
#9437 = VECTOR('',#9438,1.);
#9438 = DIRECTION('',(1.,0.,0.));
#9439 = ORIENTED_EDGE('',*,*,#9440,.T.);
#9440 = EDGE_CURVE('',#9433,#9441,#9443,.T.);
#9441 = VERTEX_POINT('',#9442);
#9442 = CARTESIAN_POINT('',(4.65,-2.25,2.2));
#9443 = LINE('',#9444,#9445);
#9444 = CARTESIAN_POINT('',(4.65,-2.25,1.629903159459));
#9445 = VECTOR('',#9446,1.);
#9446 = DIRECTION('',(0.,0.,1.));
#9447 = ORIENTED_EDGE('',*,*,#9448,.F.);
#9448 = EDGE_CURVE('',#9449,#9441,#9451,.T.);
#9449 = VERTEX_POINT('',#9450);
#9450 = CARTESIAN_POINT('',(5.8,-2.25,2.2));
#9451 = LINE('',#9452,#9453);
#9452 = CARTESIAN_POINT('',(6.4,-2.25,2.2));
#9453 = VECTOR('',#9454,1.);
#9454 = DIRECTION('',(-1.,0.,0.));
#9455 = ORIENTED_EDGE('',*,*,#9456,.T.);
#9456 = EDGE_CURVE('',#9449,#9032,#9457,.T.);
#9457 = LINE('',#9458,#9459);
#9458 = CARTESIAN_POINT('',(5.8,-2.25,1.204903159459));
#9459 = VECTOR('',#9460,1.);
#9460 = DIRECTION('',(0.,0.,-1.));
#9461 = FACE_BOUND('',#9462,.F.);
#9462 = EDGE_LOOP('',(#9463,#9473,#9481,#9489));
#9463 = ORIENTED_EDGE('',*,*,#9464,.F.);
#9464 = EDGE_CURVE('',#9465,#9467,#9469,.T.);
#9465 = VERTEX_POINT('',#9466);
#9466 = CARTESIAN_POINT('',(-0.65,-2.25,0.65));
#9467 = VERTEX_POINT('',#9468);
#9468 = CARTESIAN_POINT('',(0.65,-2.25,0.65));
#9469 = LINE('',#9470,#9471);
#9470 = CARTESIAN_POINT('',(-0.65,-2.25,0.65));
#9471 = VECTOR('',#9472,1.);
#9472 = DIRECTION('',(1.,0.,0.));
#9473 = ORIENTED_EDGE('',*,*,#9474,.F.);
#9474 = EDGE_CURVE('',#9475,#9465,#9477,.T.);
#9475 = VERTEX_POINT('',#9476);
#9476 = CARTESIAN_POINT('',(-0.65,-2.25,0.15));
#9477 = LINE('',#9478,#9479);
#9478 = CARTESIAN_POINT('',(-0.65,-2.25,0.15));
#9479 = VECTOR('',#9480,1.);
#9480 = DIRECTION('',(0.,-2.2E-16,1.));
#9481 = ORIENTED_EDGE('',*,*,#9482,.F.);
#9482 = EDGE_CURVE('',#9483,#9475,#9485,.T.);
#9483 = VERTEX_POINT('',#9484);
#9484 = CARTESIAN_POINT('',(0.65,-2.25,0.15));
#9485 = LINE('',#9486,#9487);
#9486 = CARTESIAN_POINT('',(0.65,-2.25,0.15));
#9487 = VECTOR('',#9488,1.);
#9488 = DIRECTION('',(-1.,0.,0.));
#9489 = ORIENTED_EDGE('',*,*,#9490,.F.);
#9490 = EDGE_CURVE('',#9467,#9483,#9491,.T.);
#9491 = LINE('',#9492,#9493);
#9492 = CARTESIAN_POINT('',(0.65,-2.25,0.65));
#9493 = VECTOR('',#9494,1.);
#9494 = DIRECTION('',(0.,2.2E-16,-1.));
#9495 = PLANE('',#9496);
#9496 = AXIS2_PLACEMENT_3D('',#9497,#9498,#9499);
#9497 = CARTESIAN_POINT('',(-0.145820272764,-2.25,1.059806318918));
#9498 = DIRECTION('',(0.,1.,2.2E-16));
#9499 = DIRECTION('',(0.,-2.2E-16,1.));
#9500 = ADVANCED_FACE('',(#9501),#9504,.F.);
#9501 = FACE_BOUND('',#9502,.T.);
#9502 = EDGE_LOOP('',(#9503));
#9503 = ORIENTED_EDGE('',*,*,#9176,.T.);
#9504 = PLANE('',#9505);
#9505 = AXIS2_PLACEMENT_3D('',#9506,#9507,#9508);
#9506 = CARTESIAN_POINT('',(-0.145820272764,-2.25,1.059806318918));
#9507 = DIRECTION('',(0.,1.,2.2E-16));
#9508 = DIRECTION('',(0.,-2.2E-16,1.));
#9509 = ADVANCED_FACE('',(#9510),#9513,.F.);
#9510 = FACE_BOUND('',#9511,.T.);
#9511 = EDGE_LOOP('',(#9512));
#9512 = ORIENTED_EDGE('',*,*,#9201,.T.);
#9513 = PLANE('',#9514);
#9514 = AXIS2_PLACEMENT_3D('',#9515,#9516,#9517);
#9515 = CARTESIAN_POINT('',(-0.145820272764,-2.25,1.059806318918));
#9516 = DIRECTION('',(0.,1.,2.2E-16));
#9517 = DIRECTION('',(0.,-2.2E-16,1.));
#9518 = ADVANCED_FACE('',(#9519),#9530,.F.);
#9519 = FACE_BOUND('',#9520,.F.);
#9520 = EDGE_LOOP('',(#9521,#9522,#9528,#9529));
#9521 = ORIENTED_EDGE('',*,*,#9271,.T.);
#9522 = ORIENTED_EDGE('',*,*,#9523,.T.);
#9523 = EDGE_CURVE('',#9272,#9401,#9524,.T.);
#9524 = LINE('',#9525,#9526);
#9525 = CARTESIAN_POINT('',(-1.6,2.85,1.7));
#9526 = VECTOR('',#9527,1.);
#9527 = DIRECTION('',(0.,-1.,2.2E-16));
#9528 = ORIENTED_EDGE('',*,*,#9400,.F.);
#9529 = ORIENTED_EDGE('',*,*,#9226,.F.);
#9530 = PLANE('',#9531);
#9531 = AXIS2_PLACEMENT_3D('',#9532,#9533,#9534);
#9532 = CARTESIAN_POINT('',(-1.6,2.85,1.7));
#9533 = DIRECTION('',(0.,-2.2E-16,-1.));
#9534 = DIRECTION('',(-1.,-0.,0.));
#9535 = ADVANCED_FACE('',(#9536),#9547,.F.);
#9536 = FACE_BOUND('',#9537,.F.);
#9537 = EDGE_LOOP('',(#9538,#9539,#9540,#9541));
#9538 = ORIENTED_EDGE('',*,*,#9327,.T.);
#9539 = ORIENTED_EDGE('',*,*,#9252,.T.);
#9540 = ORIENTED_EDGE('',*,*,#9456,.F.);
#9541 = ORIENTED_EDGE('',*,*,#9542,.F.);
#9542 = EDGE_CURVE('',#9320,#9449,#9543,.T.);
#9543 = LINE('',#9544,#9545);
#9544 = CARTESIAN_POINT('',(5.8,2.85,2.2));
#9545 = VECTOR('',#9546,1.);
#9546 = DIRECTION('',(0.,-1.,2.2E-16));
#9547 = PLANE('',#9548);
#9548 = AXIS2_PLACEMENT_3D('',#9549,#9550,#9551);
#9549 = CARTESIAN_POINT('',(5.8,2.85,1.35));
#9550 = DIRECTION('',(-1.,0.,0.));
#9551 = DIRECTION('',(0.,2.2E-16,1.));
#9552 = ADVANCED_FACE('',(#9553),#9564,.F.);
#9553 = FACE_BOUND('',#9554,.F.);
#9554 = EDGE_LOOP('',(#9555,#9556,#9557,#9558));
#9555 = ORIENTED_EDGE('',*,*,#9319,.T.);
#9556 = ORIENTED_EDGE('',*,*,#9542,.T.);
#9557 = ORIENTED_EDGE('',*,*,#9448,.T.);
#9558 = ORIENTED_EDGE('',*,*,#9559,.F.);
#9559 = EDGE_CURVE('',#9312,#9441,#9560,.T.);
#9560 = LINE('',#9561,#9562);
#9561 = CARTESIAN_POINT('',(4.65,2.85,2.2));
#9562 = VECTOR('',#9563,1.);
#9563 = DIRECTION('',(0.,-1.,2.2E-16));
#9564 = PLANE('',#9565);
#9565 = AXIS2_PLACEMENT_3D('',#9566,#9567,#9568);
#9566 = CARTESIAN_POINT('',(5.8,2.85,2.2));
#9567 = DIRECTION('',(0.,-2.2E-16,-1.));
#9568 = DIRECTION('',(-1.,-0.,0.));
#9569 = ADVANCED_FACE('',(#9570),#9581,.F.);
#9570 = FACE_BOUND('',#9571,.F.);
#9571 = EDGE_LOOP('',(#9572,#9573,#9574,#9575));
#9572 = ORIENTED_EDGE('',*,*,#9311,.T.);
#9573 = ORIENTED_EDGE('',*,*,#9559,.T.);
#9574 = ORIENTED_EDGE('',*,*,#9440,.F.);
#9575 = ORIENTED_EDGE('',*,*,#9576,.F.);
#9576 = EDGE_CURVE('',#9304,#9433,#9577,.T.);
#9577 = LINE('',#9578,#9579);
#9578 = CARTESIAN_POINT('',(4.65,2.85,1.7));
#9579 = VECTOR('',#9580,1.);
#9580 = DIRECTION('',(0.,-1.,2.2E-16));
#9581 = PLANE('',#9582);
#9582 = AXIS2_PLACEMENT_3D('',#9583,#9584,#9585);
#9583 = CARTESIAN_POINT('',(4.65,2.85,2.2));
#9584 = DIRECTION('',(1.,0.,0.));
#9585 = DIRECTION('',(0.,-2.2E-16,-1.));
#9586 = ADVANCED_FACE('',(#9587),#9598,.F.);
#9587 = FACE_BOUND('',#9588,.F.);
#9588 = EDGE_LOOP('',(#9589,#9590,#9591,#9592));
#9589 = ORIENTED_EDGE('',*,*,#9303,.T.);
#9590 = ORIENTED_EDGE('',*,*,#9576,.T.);
#9591 = ORIENTED_EDGE('',*,*,#9432,.F.);
#9592 = ORIENTED_EDGE('',*,*,#9593,.F.);
#9593 = EDGE_CURVE('',#9296,#9425,#9594,.T.);
#9594 = LINE('',#9595,#9596);
#9595 = CARTESIAN_POINT('',(1.6,2.85,1.7));
#9596 = VECTOR('',#9597,1.);
#9597 = DIRECTION('',(0.,-1.,2.2E-16));
#9598 = PLANE('',#9599);
#9599 = AXIS2_PLACEMENT_3D('',#9600,#9601,#9602);
#9600 = CARTESIAN_POINT('',(4.65,2.85,1.7));
#9601 = DIRECTION('',(0.,-2.2E-16,-1.));
#9602 = DIRECTION('',(-1.,-0.,0.));
#9603 = ADVANCED_FACE('',(#9604),#9615,.F.);
#9604 = FACE_BOUND('',#9605,.F.);
#9605 = EDGE_LOOP('',(#9606,#9607,#9608,#9609));
#9606 = ORIENTED_EDGE('',*,*,#9295,.T.);
#9607 = ORIENTED_EDGE('',*,*,#9593,.T.);
#9608 = ORIENTED_EDGE('',*,*,#9424,.F.);
#9609 = ORIENTED_EDGE('',*,*,#9610,.F.);
#9610 = EDGE_CURVE('',#9288,#9417,#9611,.T.);
#9611 = LINE('',#9612,#9613);
#9612 = CARTESIAN_POINT('',(1.25,2.85,1.35));
#9613 = VECTOR('',#9614,1.);
#9614 = DIRECTION('',(0.,-1.,2.2E-16));
#9615 = PLANE('',#9616);
#9616 = AXIS2_PLACEMENT_3D('',#9617,#9618,#9619);
#9617 = CARTESIAN_POINT('',(1.6,2.85,1.7));
#9618 = DIRECTION('',(0.707106781187,-1.599999999999E-16,-0.707106781187
    ));
#9619 = DIRECTION('',(-0.707106781187,-1.599999999999E-16,
    -0.707106781187));
#9620 = ADVANCED_FACE('',(#9621),#9632,.F.);
#9621 = FACE_BOUND('',#9622,.F.);
#9622 = EDGE_LOOP('',(#9623,#9624,#9625,#9626));
#9623 = ORIENTED_EDGE('',*,*,#9287,.T.);
#9624 = ORIENTED_EDGE('',*,*,#9610,.T.);
#9625 = ORIENTED_EDGE('',*,*,#9416,.F.);
#9626 = ORIENTED_EDGE('',*,*,#9627,.F.);
#9627 = EDGE_CURVE('',#9280,#9409,#9628,.T.);
#9628 = LINE('',#9629,#9630);
#9629 = CARTESIAN_POINT('',(-1.25,2.85,1.35));
#9630 = VECTOR('',#9631,1.);
#9631 = DIRECTION('',(0.,-1.,2.2E-16));
#9632 = PLANE('',#9633);
#9633 = AXIS2_PLACEMENT_3D('',#9634,#9635,#9636);
#9634 = CARTESIAN_POINT('',(1.25,2.85,1.35));
#9635 = DIRECTION('',(0.,-2.2E-16,-1.));
#9636 = DIRECTION('',(-1.,-0.,0.));
#9637 = ADVANCED_FACE('',(#9638),#9644,.F.);
#9638 = FACE_BOUND('',#9639,.F.);
#9639 = EDGE_LOOP('',(#9640,#9641,#9642,#9643));
#9640 = ORIENTED_EDGE('',*,*,#9279,.T.);
#9641 = ORIENTED_EDGE('',*,*,#9627,.T.);
#9642 = ORIENTED_EDGE('',*,*,#9408,.F.);
#9643 = ORIENTED_EDGE('',*,*,#9523,.F.);
#9644 = PLANE('',#9645);
#9645 = AXIS2_PLACEMENT_3D('',#9646,#9647,#9648);
#9646 = CARTESIAN_POINT('',(-1.25,2.85,1.35));
#9647 = DIRECTION('',(-0.707106781187,-1.599999999999E-16,
    -0.707106781187));
#9648 = DIRECTION('',(-0.707106781187,1.599999999999E-16,0.707106781187)
  );
#9649 = ADVANCED_FACE('',(#9650),#9675,.F.);
#9650 = FACE_BOUND('',#9651,.F.);
#9651 = EDGE_LOOP('',(#9652,#9660,#9661,#9669));
#9652 = ORIENTED_EDGE('',*,*,#9653,.T.);
#9653 = EDGE_CURVE('',#9654,#9337,#9656,.T.);
#9654 = VERTEX_POINT('',#9655);
#9655 = CARTESIAN_POINT('',(-0.65,2.85,0.15));
#9656 = LINE('',#9657,#9658);
#9657 = CARTESIAN_POINT('',(-0.65,2.85,0.15));
#9658 = VECTOR('',#9659,1.);
#9659 = DIRECTION('',(0.,-1.,-2.2E-16));
#9660 = ORIENTED_EDGE('',*,*,#9336,.T.);
#9661 = ORIENTED_EDGE('',*,*,#9662,.F.);
#9662 = EDGE_CURVE('',#9663,#9339,#9665,.T.);
#9663 = VERTEX_POINT('',#9664);
#9664 = CARTESIAN_POINT('',(0.65,2.85,0.15));
#9665 = LINE('',#9666,#9667);
#9666 = CARTESIAN_POINT('',(0.65,2.85,0.15));
#9667 = VECTOR('',#9668,1.);
#9668 = DIRECTION('',(0.,-1.,-2.2E-16));
#9669 = ORIENTED_EDGE('',*,*,#9670,.F.);
#9670 = EDGE_CURVE('',#9654,#9663,#9671,.T.);
#9671 = LINE('',#9672,#9673);
#9672 = CARTESIAN_POINT('',(-0.65,2.85,0.15));
#9673 = VECTOR('',#9674,1.);
#9674 = DIRECTION('',(1.,0.,0.));
#9675 = PLANE('',#9676);
#9676 = AXIS2_PLACEMENT_3D('',#9677,#9678,#9679);
#9677 = CARTESIAN_POINT('',(-0.65,2.85,0.15));
#9678 = DIRECTION('',(0.,-2.2E-16,1.));
#9679 = DIRECTION('',(1.,0.,0.));
#9680 = ADVANCED_FACE('',(#9681),#9699,.F.);
#9681 = FACE_BOUND('',#9682,.F.);
#9682 = EDGE_LOOP('',(#9683,#9691,#9692,#9693));
#9683 = ORIENTED_EDGE('',*,*,#9684,.T.);
#9684 = EDGE_CURVE('',#9685,#9355,#9687,.T.);
#9685 = VERTEX_POINT('',#9686);
#9686 = CARTESIAN_POINT('',(-0.65,2.85,0.65));
#9687 = LINE('',#9688,#9689);
#9688 = CARTESIAN_POINT('',(-0.65,2.85,0.65));
#9689 = VECTOR('',#9690,1.);
#9690 = DIRECTION('',(0.,-1.,-2.2E-16));
#9691 = ORIENTED_EDGE('',*,*,#9362,.T.);
#9692 = ORIENTED_EDGE('',*,*,#9653,.F.);
#9693 = ORIENTED_EDGE('',*,*,#9694,.F.);
#9694 = EDGE_CURVE('',#9685,#9654,#9695,.T.);
#9695 = LINE('',#9696,#9697);
#9696 = CARTESIAN_POINT('',(-0.65,2.85,0.65));
#9697 = VECTOR('',#9698,1.);
#9698 = DIRECTION('',(0.,2.2E-16,-1.));
#9699 = PLANE('',#9700);
#9700 = AXIS2_PLACEMENT_3D('',#9701,#9702,#9703);
#9701 = CARTESIAN_POINT('',(-0.65,2.85,0.65));
#9702 = DIRECTION('',(1.,0.,0.));
#9703 = DIRECTION('',(0.,2.2E-16,-1.));
#9704 = ADVANCED_FACE('',(#9705),#9723,.F.);
#9705 = FACE_BOUND('',#9706,.F.);
#9706 = EDGE_LOOP('',(#9707,#9708,#9709,#9717));
#9707 = ORIENTED_EDGE('',*,*,#9662,.T.);
#9708 = ORIENTED_EDGE('',*,*,#9346,.T.);
#9709 = ORIENTED_EDGE('',*,*,#9710,.F.);
#9710 = EDGE_CURVE('',#9711,#9347,#9713,.T.);
#9711 = VERTEX_POINT('',#9712);
#9712 = CARTESIAN_POINT('',(0.65,2.85,0.65));
#9713 = LINE('',#9714,#9715);
#9714 = CARTESIAN_POINT('',(0.65,2.85,0.65));
#9715 = VECTOR('',#9716,1.);
#9716 = DIRECTION('',(0.,-1.,-2.2E-16));
#9717 = ORIENTED_EDGE('',*,*,#9718,.F.);
#9718 = EDGE_CURVE('',#9663,#9711,#9719,.T.);
#9719 = LINE('',#9720,#9721);
#9720 = CARTESIAN_POINT('',(0.65,2.85,0.15));
#9721 = VECTOR('',#9722,1.);
#9722 = DIRECTION('',(0.,-2.2E-16,1.));
#9723 = PLANE('',#9724);
#9724 = AXIS2_PLACEMENT_3D('',#9725,#9726,#9727);
#9725 = CARTESIAN_POINT('',(0.65,2.85,0.15));
#9726 = DIRECTION('',(-1.,0.,0.));
#9727 = DIRECTION('',(0.,-2.2E-16,1.));
#9728 = ADVANCED_FACE('',(#9729),#9740,.F.);
#9729 = FACE_BOUND('',#9730,.F.);
#9730 = EDGE_LOOP('',(#9731,#9732,#9733,#9734));
#9731 = ORIENTED_EDGE('',*,*,#9710,.T.);
#9732 = ORIENTED_EDGE('',*,*,#9354,.T.);
#9733 = ORIENTED_EDGE('',*,*,#9684,.F.);
#9734 = ORIENTED_EDGE('',*,*,#9735,.F.);
#9735 = EDGE_CURVE('',#9711,#9685,#9736,.T.);
#9736 = LINE('',#9737,#9738);
#9737 = CARTESIAN_POINT('',(0.65,2.85,0.65));
#9738 = VECTOR('',#9739,1.);
#9739 = DIRECTION('',(-1.,0.,-0.));
#9740 = PLANE('',#9741);
#9741 = AXIS2_PLACEMENT_3D('',#9742,#9743,#9744);
#9742 = CARTESIAN_POINT('',(0.65,2.85,0.65));
#9743 = DIRECTION('',(0.,2.2E-16,-1.));
#9744 = DIRECTION('',(-1.,0.,-0.));
#9745 = ADVANCED_FACE('',(#9746),#9771,.F.);
#9746 = FACE_BOUND('',#9747,.F.);
#9747 = EDGE_LOOP('',(#9748,#9756,#9757,#9765));
#9748 = ORIENTED_EDGE('',*,*,#9749,.T.);
#9749 = EDGE_CURVE('',#9750,#9465,#9752,.T.);
#9750 = VERTEX_POINT('',#9751);
#9751 = CARTESIAN_POINT('',(-0.65,-2.85,0.65));
#9752 = LINE('',#9753,#9754);
#9753 = CARTESIAN_POINT('',(-0.65,-2.85,0.65));
#9754 = VECTOR('',#9755,1.);
#9755 = DIRECTION('',(0.,1.,-2.2E-16));
#9756 = ORIENTED_EDGE('',*,*,#9464,.T.);
#9757 = ORIENTED_EDGE('',*,*,#9758,.F.);
#9758 = EDGE_CURVE('',#9759,#9467,#9761,.T.);
#9759 = VERTEX_POINT('',#9760);
#9760 = CARTESIAN_POINT('',(0.65,-2.85,0.65));
#9761 = LINE('',#9762,#9763);
#9762 = CARTESIAN_POINT('',(0.65,-2.85,0.65));
#9763 = VECTOR('',#9764,1.);
#9764 = DIRECTION('',(0.,1.,-2.2E-16));
#9765 = ORIENTED_EDGE('',*,*,#9766,.F.);
#9766 = EDGE_CURVE('',#9750,#9759,#9767,.T.);
#9767 = LINE('',#9768,#9769);
#9768 = CARTESIAN_POINT('',(-0.65,-2.85,0.65));
#9769 = VECTOR('',#9770,1.);
#9770 = DIRECTION('',(1.,0.,0.));
#9771 = PLANE('',#9772);
#9772 = AXIS2_PLACEMENT_3D('',#9773,#9774,#9775);
#9773 = CARTESIAN_POINT('',(-0.65,-2.85,0.65));
#9774 = DIRECTION('',(0.,-2.2E-16,-1.));
#9775 = DIRECTION('',(1.,0.,0.));
#9776 = ADVANCED_FACE('',(#9777),#9795,.F.);
#9777 = FACE_BOUND('',#9778,.F.);
#9778 = EDGE_LOOP('',(#9779,#9787,#9788,#9789));
#9779 = ORIENTED_EDGE('',*,*,#9780,.T.);
#9780 = EDGE_CURVE('',#9781,#9475,#9783,.T.);
#9781 = VERTEX_POINT('',#9782);
#9782 = CARTESIAN_POINT('',(-0.65,-2.85,0.15));
#9783 = LINE('',#9784,#9785);
#9784 = CARTESIAN_POINT('',(-0.65,-2.85,0.15));
#9785 = VECTOR('',#9786,1.);
#9786 = DIRECTION('',(0.,1.,-2.2E-16));
#9787 = ORIENTED_EDGE('',*,*,#9474,.T.);
#9788 = ORIENTED_EDGE('',*,*,#9749,.F.);
#9789 = ORIENTED_EDGE('',*,*,#9790,.F.);
#9790 = EDGE_CURVE('',#9781,#9750,#9791,.T.);
#9791 = LINE('',#9792,#9793);
#9792 = CARTESIAN_POINT('',(-0.65,-2.85,0.15));
#9793 = VECTOR('',#9794,1.);
#9794 = DIRECTION('',(0.,-2.2E-16,1.));
#9795 = PLANE('',#9796);
#9796 = AXIS2_PLACEMENT_3D('',#9797,#9798,#9799);
#9797 = CARTESIAN_POINT('',(-0.65,-2.85,0.15));
#9798 = DIRECTION('',(1.,0.,0.));
#9799 = DIRECTION('',(-0.,2.2E-16,1.));
#9800 = ADVANCED_FACE('',(#9801),#9819,.F.);
#9801 = FACE_BOUND('',#9802,.F.);
#9802 = EDGE_LOOP('',(#9803,#9804,#9805,#9813));
#9803 = ORIENTED_EDGE('',*,*,#9758,.T.);
#9804 = ORIENTED_EDGE('',*,*,#9490,.T.);
#9805 = ORIENTED_EDGE('',*,*,#9806,.F.);
#9806 = EDGE_CURVE('',#9807,#9483,#9809,.T.);
#9807 = VERTEX_POINT('',#9808);
#9808 = CARTESIAN_POINT('',(0.65,-2.85,0.15));
#9809 = LINE('',#9810,#9811);
#9810 = CARTESIAN_POINT('',(0.65,-2.85,0.15));
#9811 = VECTOR('',#9812,1.);
#9812 = DIRECTION('',(0.,1.,-2.2E-16));
#9813 = ORIENTED_EDGE('',*,*,#9814,.F.);
#9814 = EDGE_CURVE('',#9759,#9807,#9815,.T.);
#9815 = LINE('',#9816,#9817);
#9816 = CARTESIAN_POINT('',(0.65,-2.85,0.65));
#9817 = VECTOR('',#9818,1.);
#9818 = DIRECTION('',(0.,2.2E-16,-1.));
#9819 = PLANE('',#9820);
#9820 = AXIS2_PLACEMENT_3D('',#9821,#9822,#9823);
#9821 = CARTESIAN_POINT('',(0.65,-2.85,0.65));
#9822 = DIRECTION('',(-1.,0.,0.));
#9823 = DIRECTION('',(-0.,-2.2E-16,-1.));
#9824 = ADVANCED_FACE('',(#9825),#9836,.F.);
#9825 = FACE_BOUND('',#9826,.F.);
#9826 = EDGE_LOOP('',(#9827,#9828,#9829,#9830));
#9827 = ORIENTED_EDGE('',*,*,#9806,.T.);
#9828 = ORIENTED_EDGE('',*,*,#9482,.T.);
#9829 = ORIENTED_EDGE('',*,*,#9780,.F.);
#9830 = ORIENTED_EDGE('',*,*,#9831,.F.);
#9831 = EDGE_CURVE('',#9807,#9781,#9832,.T.);
#9832 = LINE('',#9833,#9834);
#9833 = CARTESIAN_POINT('',(0.65,-2.85,0.15));
#9834 = VECTOR('',#9835,1.);
#9835 = DIRECTION('',(-1.,0.,0.));
#9836 = PLANE('',#9837);
#9837 = AXIS2_PLACEMENT_3D('',#9838,#9839,#9840);
#9838 = CARTESIAN_POINT('',(0.65,-2.85,0.15));
#9839 = DIRECTION('',(0.,2.2E-16,1.));
#9840 = DIRECTION('',(-1.,0.,0.));
#9841 = ADVANCED_FACE('',(#9842),#9848,.T.);
#9842 = FACE_BOUND('',#9843,.T.);
#9843 = EDGE_LOOP('',(#9844,#9845,#9846,#9847));
#9844 = ORIENTED_EDGE('',*,*,#9670,.F.);
#9845 = ORIENTED_EDGE('',*,*,#9694,.F.);
#9846 = ORIENTED_EDGE('',*,*,#9735,.F.);
#9847 = ORIENTED_EDGE('',*,*,#9718,.F.);
#9848 = PLANE('',#9849);
#9849 = AXIS2_PLACEMENT_3D('',#9850,#9851,#9852);
#9850 = CARTESIAN_POINT('',(0.119943565711,2.85,0.17776455543));
#9851 = DIRECTION('',(0.,1.,0.));
#9852 = DIRECTION('',(0.,-0.,1.));
#9853 = ADVANCED_FACE('',(#9854),#9860,.F.);
#9854 = FACE_BOUND('',#9855,.F.);
#9855 = EDGE_LOOP('',(#9856,#9857,#9858,#9859));
#9856 = ORIENTED_EDGE('',*,*,#9790,.T.);
#9857 = ORIENTED_EDGE('',*,*,#9766,.T.);
#9858 = ORIENTED_EDGE('',*,*,#9814,.T.);
#9859 = ORIENTED_EDGE('',*,*,#9831,.T.);
#9860 = PLANE('',#9861);
#9861 = AXIS2_PLACEMENT_3D('',#9862,#9863,#9864);
#9862 = CARTESIAN_POINT('',(0.119943565711,-2.85,0.17776455543));
#9863 = DIRECTION('',(0.,1.,0.));
#9864 = DIRECTION('',(0.,-0.,1.));
#9865 = ( GEOMETRIC_REPRESENTATION_CONTEXT(3) 
GLOBAL_UNCERTAINTY_ASSIGNED_CONTEXT((#9869)) 
GLOBAL_UNIT_ASSIGNED_CONTEXT((#9866,#9867,#9868)) REPRESENTATION_CONTEXT
('Context #1','3D Context with UNIT and UNCERTAINTY') );
#9866 = ( LENGTH_UNIT() NAMED_UNIT(*) SI_UNIT(.MILLI.,.METRE.) );
#9867 = ( NAMED_UNIT(*) PLANE_ANGLE_UNIT() SI_UNIT($,.RADIAN.) );
#9868 = ( NAMED_UNIT(*) SI_UNIT($,.STERADIAN.) SOLID_ANGLE_UNIT() );
#9869 = UNCERTAINTY_MEASURE_WITH_UNIT(LENGTH_MEASURE(1.E-07),#9866,
  'distance_accuracy_value','confusion accuracy');
#9870 = CONTEXT_DEPENDENT_SHAPE_REPRESENTATION(#9871,#9873);
#9871 = ( REPRESENTATION_RELATIONSHIP('','',#8122,#8075) 
REPRESENTATION_RELATIONSHIP_WITH_TRANSFORMATION(#9872) 
SHAPE_REPRESENTATION_RELATIONSHIP() );
#9872 = ITEM_DEFINED_TRANSFORMATION('','',#11,#8076);
#9873 = PRODUCT_DEFINITION_SHAPE('Placement','Placement of an item',
  #9874);
#9874 = NEXT_ASSEMBLY_USAGE_OCCURRENCE('10','Bottom001','',#8070,#8117,$
  );
#9875 = PRODUCT_RELATED_PRODUCT_CATEGORY('part',$,(#8119));
#9876 = SHAPE_DEFINITION_REPRESENTATION(#9877,#9883);
#9877 = PRODUCT_DEFINITION_SHAPE('','',#9878);
#9878 = PRODUCT_DEFINITION('design','',#9879,#9882);
#9879 = PRODUCT_DEFINITION_FORMATION('','',#9880);
#9880 = PRODUCT('Top001','Top001','',(#9881));
#9881 = PRODUCT_CONTEXT('',#2,'mechanical');
#9882 = PRODUCT_DEFINITION_CONTEXT('part definition',#2,'design');
#9883 = ADVANCED_BREP_SHAPE_REPRESENTATION('',(#11,#9884),#11632);
#9884 = MANIFOLD_SOLID_BREP('',#9885);
#9885 = CLOSED_SHELL('',(#9886,#9926,#9989,#10088,#10205,#10322,#10346,
    #10532,#10556,#10742,#10759,#10776,#10807,#10863,#10887,#10936,
    #10967,#10991,#11015,#11032,#11049,#11080,#11092,#11121,#11138,
    #11162,#11174,#11196,#11213,#11230,#11242,#11259,#11271,#11293,
    #11317,#11334,#11353,#11375,#11392,#11409,#11421,#11438,#11454,
    #11475,#11492,#11509,#11533,#11550,#11574,#11591,#11608,#11620));
#9886 = ADVANCED_FACE('',(#9887),#9921,.F.);
#9887 = FACE_BOUND('',#9888,.F.);
#9888 = EDGE_LOOP('',(#9889,#9899,#9907,#9915));
#9889 = ORIENTED_EDGE('',*,*,#9890,.T.);
#9890 = EDGE_CURVE('',#9891,#9893,#9895,.T.);
#9891 = VERTEX_POINT('',#9892);
#9892 = CARTESIAN_POINT('',(6.4,2.85,1.35));
#9893 = VERTEX_POINT('',#9894);
#9894 = CARTESIAN_POINT('',(6.4,-2.85,1.35));
#9895 = LINE('',#9896,#9897);
#9896 = CARTESIAN_POINT('',(6.4,2.85,1.35));
#9897 = VECTOR('',#9898,1.);
#9898 = DIRECTION('',(0.,-1.,2.2E-16));
#9899 = ORIENTED_EDGE('',*,*,#9900,.T.);
#9900 = EDGE_CURVE('',#9893,#9901,#9903,.T.);
#9901 = VERTEX_POINT('',#9902);
#9902 = CARTESIAN_POINT('',(6.4,-2.85,5.1));
#9903 = LINE('',#9904,#9905);
#9904 = CARTESIAN_POINT('',(6.4,-2.85,1.35));
#9905 = VECTOR('',#9906,1.);
#9906 = DIRECTION('',(0.,-2.2E-16,1.));
#9907 = ORIENTED_EDGE('',*,*,#9908,.F.);
#9908 = EDGE_CURVE('',#9909,#9901,#9911,.T.);
#9909 = VERTEX_POINT('',#9910);
#9910 = CARTESIAN_POINT('',(6.4,2.85,5.1));
#9911 = LINE('',#9912,#9913);
#9912 = CARTESIAN_POINT('',(6.4,2.85,5.1));
#9913 = VECTOR('',#9914,1.);
#9914 = DIRECTION('',(0.,-1.,2.2E-16));
#9915 = ORIENTED_EDGE('',*,*,#9916,.F.);
#9916 = EDGE_CURVE('',#9891,#9909,#9917,.T.);
#9917 = LINE('',#9918,#9919);
#9918 = CARTESIAN_POINT('',(6.4,2.85,1.35));
#9919 = VECTOR('',#9920,1.);
#9920 = DIRECTION('',(0.,-2.2E-16,1.));
#9921 = PLANE('',#9922);
#9922 = AXIS2_PLACEMENT_3D('',#9923,#9924,#9925);
#9923 = CARTESIAN_POINT('',(6.4,2.85,1.35));
#9924 = DIRECTION('',(-1.,0.,0.));
#9925 = DIRECTION('',(0.,2.2E-16,1.));
#9926 = ADVANCED_FACE('',(#9927),#9984,.F.);
#9927 = FACE_BOUND('',#9928,.F.);
#9928 = EDGE_LOOP('',(#9929,#9937,#9945,#9953,#9961,#9969,#9977,#9983));
#9929 = ORIENTED_EDGE('',*,*,#9930,.F.);
#9930 = EDGE_CURVE('',#9931,#9891,#9933,.T.);
#9931 = VERTEX_POINT('',#9932);
#9932 = CARTESIAN_POINT('',(1.75,2.85,1.35));
#9933 = LINE('',#9934,#9935);
#9934 = CARTESIAN_POINT('',(1.75,2.85,1.35));
#9935 = VECTOR('',#9936,1.);
#9936 = DIRECTION('',(1.,0.,0.));
#9937 = ORIENTED_EDGE('',*,*,#9938,.T.);
#9938 = EDGE_CURVE('',#9931,#9939,#9941,.T.);
#9939 = VERTEX_POINT('',#9940);
#9940 = CARTESIAN_POINT('',(1.75,2.35,1.35));
#9941 = LINE('',#9942,#9943);
#9942 = CARTESIAN_POINT('',(1.75,2.85,1.35));
#9943 = VECTOR('',#9944,1.);
#9944 = DIRECTION('',(0.,-1.,2.2E-16));
#9945 = ORIENTED_EDGE('',*,*,#9946,.F.);
#9946 = EDGE_CURVE('',#9947,#9939,#9949,.T.);
#9947 = VERTEX_POINT('',#9948);
#9948 = CARTESIAN_POINT('',(5.9,2.35,1.35));
#9949 = LINE('',#9950,#9951);
#9950 = CARTESIAN_POINT('',(-2.075,2.35,1.35));
#9951 = VECTOR('',#9952,1.);
#9952 = DIRECTION('',(-1.,0.,0.));
#9953 = ORIENTED_EDGE('',*,*,#9954,.F.);
#9954 = EDGE_CURVE('',#9955,#9947,#9957,.T.);
#9955 = VERTEX_POINT('',#9956);
#9956 = CARTESIAN_POINT('',(5.9,-2.35,1.35));
#9957 = LINE('',#9958,#9959);
#9958 = CARTESIAN_POINT('',(5.9,2.6,1.35));
#9959 = VECTOR('',#9960,1.);
#9960 = DIRECTION('',(0.,1.,-2.2E-16));
#9961 = ORIENTED_EDGE('',*,*,#9962,.F.);
#9962 = EDGE_CURVE('',#9963,#9955,#9965,.T.);
#9963 = VERTEX_POINT('',#9964);
#9964 = CARTESIAN_POINT('',(1.75,-2.35,1.35));
#9965 = LINE('',#9966,#9967);
#9966 = CARTESIAN_POINT('',(3.825,-2.35,1.35));
#9967 = VECTOR('',#9968,1.);
#9968 = DIRECTION('',(1.,0.,0.));
#9969 = ORIENTED_EDGE('',*,*,#9970,.T.);
#9970 = EDGE_CURVE('',#9963,#9971,#9973,.T.);
#9971 = VERTEX_POINT('',#9972);
#9972 = CARTESIAN_POINT('',(1.75,-2.85,1.35));
#9973 = LINE('',#9974,#9975);
#9974 = CARTESIAN_POINT('',(1.75,2.85,1.35));
#9975 = VECTOR('',#9976,1.);
#9976 = DIRECTION('',(0.,-1.,2.2E-16));
#9977 = ORIENTED_EDGE('',*,*,#9978,.T.);
#9978 = EDGE_CURVE('',#9971,#9893,#9979,.T.);
#9979 = LINE('',#9980,#9981);
#9980 = CARTESIAN_POINT('',(1.75,-2.85,1.35));
#9981 = VECTOR('',#9982,1.);
#9982 = DIRECTION('',(1.,0.,0.));
#9983 = ORIENTED_EDGE('',*,*,#9890,.F.);
#9984 = PLANE('',#9985);
#9985 = AXIS2_PLACEMENT_3D('',#9986,#9987,#9988);
#9986 = CARTESIAN_POINT('',(1.75,2.85,1.35));
#9987 = DIRECTION('',(0.,2.2E-16,1.));
#9988 = DIRECTION('',(1.,0.,-0.));
#9989 = ADVANCED_FACE('',(#9990,#10015,#10049),#10083,.F.);
#9990 = FACE_BOUND('',#9991,.F.);
#9991 = EDGE_LOOP('',(#9992,#9993,#10001,#10009));
#9992 = ORIENTED_EDGE('',*,*,#9908,.T.);
#9993 = ORIENTED_EDGE('',*,*,#9994,.T.);
#9994 = EDGE_CURVE('',#9901,#9995,#9997,.T.);
#9995 = VERTEX_POINT('',#9996);
#9996 = CARTESIAN_POINT('',(-6.4,-2.85,5.1));
#9997 = LINE('',#9998,#9999);
#9998 = CARTESIAN_POINT('',(6.4,-2.85,5.1));
#9999 = VECTOR('',#10000,1.);
#10000 = DIRECTION('',(-1.,0.,0.));
#10001 = ORIENTED_EDGE('',*,*,#10002,.F.);
#10002 = EDGE_CURVE('',#10003,#9995,#10005,.T.);
#10003 = VERTEX_POINT('',#10004);
#10004 = CARTESIAN_POINT('',(-6.4,2.85,5.1));
#10005 = LINE('',#10006,#10007);
#10006 = CARTESIAN_POINT('',(-6.4,2.85,5.1));
#10007 = VECTOR('',#10008,1.);
#10008 = DIRECTION('',(0.,-1.,2.2E-16));
#10009 = ORIENTED_EDGE('',*,*,#10010,.F.);
#10010 = EDGE_CURVE('',#9909,#10003,#10011,.T.);
#10011 = LINE('',#10012,#10013);
#10012 = CARTESIAN_POINT('',(6.4,2.85,5.1));
#10013 = VECTOR('',#10014,1.);
#10014 = DIRECTION('',(-1.,0.,0.));
#10015 = FACE_BOUND('',#10016,.F.);
#10016 = EDGE_LOOP('',(#10017,#10027,#10035,#10043));
#10017 = ORIENTED_EDGE('',*,*,#10018,.F.);
#10018 = EDGE_CURVE('',#10019,#10021,#10023,.T.);
#10019 = VERTEX_POINT('',#10020);
#10020 = CARTESIAN_POINT('',(-4.75,1.9,5.1));
#10021 = VERTEX_POINT('',#10022);
#10022 = CARTESIAN_POINT('',(-4.75,-1.9,5.1));
#10023 = LINE('',#10024,#10025);
#10024 = CARTESIAN_POINT('',(-4.75,1.9,5.1));
#10025 = VECTOR('',#10026,1.);
#10026 = DIRECTION('',(-0.,-1.,-2.2E-16));
#10027 = ORIENTED_EDGE('',*,*,#10028,.F.);
#10028 = EDGE_CURVE('',#10029,#10019,#10031,.T.);
#10029 = VERTEX_POINT('',#10030);
#10030 = CARTESIAN_POINT('',(-5.6,1.9,5.1));
#10031 = LINE('',#10032,#10033);
#10032 = CARTESIAN_POINT('',(-5.6,1.9,5.1));
#10033 = VECTOR('',#10034,1.);
#10034 = DIRECTION('',(1.,0.,0.));
#10035 = ORIENTED_EDGE('',*,*,#10036,.F.);
#10036 = EDGE_CURVE('',#10037,#10029,#10039,.T.);
#10037 = VERTEX_POINT('',#10038);
#10038 = CARTESIAN_POINT('',(-5.6,-1.9,5.1));
#10039 = LINE('',#10040,#10041);
#10040 = CARTESIAN_POINT('',(-5.6,-1.9,5.1));
#10041 = VECTOR('',#10042,1.);
#10042 = DIRECTION('',(0.,1.,2.2E-16));
#10043 = ORIENTED_EDGE('',*,*,#10044,.F.);
#10044 = EDGE_CURVE('',#10021,#10037,#10045,.T.);
#10045 = LINE('',#10046,#10047);
#10046 = CARTESIAN_POINT('',(-4.75,-1.9,5.1));
#10047 = VECTOR('',#10048,1.);
#10048 = DIRECTION('',(-1.,0.,0.));
#10049 = FACE_BOUND('',#10050,.F.);
#10050 = EDGE_LOOP('',(#10051,#10061,#10069,#10077));
#10051 = ORIENTED_EDGE('',*,*,#10052,.F.);
#10052 = EDGE_CURVE('',#10053,#10055,#10057,.T.);
#10053 = VERTEX_POINT('',#10054);
#10054 = CARTESIAN_POINT('',(-1.5,1.5,5.1));
#10055 = VERTEX_POINT('',#10056);
#10056 = CARTESIAN_POINT('',(-1.5,-1.5,5.1));
#10057 = LINE('',#10058,#10059);
#10058 = CARTESIAN_POINT('',(-1.5,1.5,5.1));
#10059 = VECTOR('',#10060,1.);
#10060 = DIRECTION('',(-0.,-1.,-2.2E-16));
#10061 = ORIENTED_EDGE('',*,*,#10062,.F.);
#10062 = EDGE_CURVE('',#10063,#10053,#10065,.T.);
#10063 = VERTEX_POINT('',#10064);
#10064 = CARTESIAN_POINT('',(-2.6,1.5,5.1));
#10065 = LINE('',#10066,#10067);
#10066 = CARTESIAN_POINT('',(-2.6,1.5,5.1));
#10067 = VECTOR('',#10068,1.);
#10068 = DIRECTION('',(1.,0.,0.));
#10069 = ORIENTED_EDGE('',*,*,#10070,.F.);
#10070 = EDGE_CURVE('',#10071,#10063,#10073,.T.);
#10071 = VERTEX_POINT('',#10072);
#10072 = CARTESIAN_POINT('',(-2.6,-1.5,5.1));
#10073 = LINE('',#10074,#10075);
#10074 = CARTESIAN_POINT('',(-2.6,-1.5,5.1));
#10075 = VECTOR('',#10076,1.);
#10076 = DIRECTION('',(0.,1.,2.2E-16));
#10077 = ORIENTED_EDGE('',*,*,#10078,.F.);
#10078 = EDGE_CURVE('',#10055,#10071,#10079,.T.);
#10079 = LINE('',#10080,#10081);
#10080 = CARTESIAN_POINT('',(-1.5,-1.5,5.1));
#10081 = VECTOR('',#10082,1.);
#10082 = DIRECTION('',(-1.,0.,0.));
#10083 = PLANE('',#10084);
#10084 = AXIS2_PLACEMENT_3D('',#10085,#10086,#10087);
#10085 = CARTESIAN_POINT('',(6.4,2.85,5.1));
#10086 = DIRECTION('',(0.,-2.2E-16,-1.));
#10087 = DIRECTION('',(-1.,-0.,0.));
#10088 = ADVANCED_FACE('',(#10089,#10132,#10166),#10200,.T.);
#10089 = FACE_BOUND('',#10090,.T.);
#10090 = EDGE_LOOP('',(#10091,#10092,#10093,#10101,#10109,#10117,#10125,
    #10131));
#10091 = ORIENTED_EDGE('',*,*,#9916,.F.);
#10092 = ORIENTED_EDGE('',*,*,#9930,.F.);
#10093 = ORIENTED_EDGE('',*,*,#10094,.F.);
#10094 = EDGE_CURVE('',#10095,#9931,#10097,.T.);
#10095 = VERTEX_POINT('',#10096);
#10096 = CARTESIAN_POINT('',(1.75,2.85,-0.75));
#10097 = LINE('',#10098,#10099);
#10098 = CARTESIAN_POINT('',(1.75,2.85,-0.75));
#10099 = VECTOR('',#10100,1.);
#10100 = DIRECTION('',(0.,-2.2E-16,1.));
#10101 = ORIENTED_EDGE('',*,*,#10102,.F.);
#10102 = EDGE_CURVE('',#10103,#10095,#10105,.T.);
#10103 = VERTEX_POINT('',#10104);
#10104 = CARTESIAN_POINT('',(-1.75,2.85,-0.75));
#10105 = LINE('',#10106,#10107);
#10106 = CARTESIAN_POINT('',(-1.75,2.85,-0.75));
#10107 = VECTOR('',#10108,1.);
#10108 = DIRECTION('',(1.,0.,0.));
#10109 = ORIENTED_EDGE('',*,*,#10110,.F.);
#10110 = EDGE_CURVE('',#10111,#10103,#10113,.T.);
#10111 = VERTEX_POINT('',#10112);
#10112 = CARTESIAN_POINT('',(-1.75,2.85,1.35));
#10113 = LINE('',#10114,#10115);
#10114 = CARTESIAN_POINT('',(-1.75,2.85,1.35));
#10115 = VECTOR('',#10116,1.);
#10116 = DIRECTION('',(0.,2.2E-16,-1.));
#10117 = ORIENTED_EDGE('',*,*,#10118,.F.);
#10118 = EDGE_CURVE('',#10119,#10111,#10121,.T.);
#10119 = VERTEX_POINT('',#10120);
#10120 = CARTESIAN_POINT('',(-6.4,2.85,1.35));
#10121 = LINE('',#10122,#10123);
#10122 = CARTESIAN_POINT('',(-6.4,2.85,1.35));
#10123 = VECTOR('',#10124,1.);
#10124 = DIRECTION('',(1.,0.,0.));
#10125 = ORIENTED_EDGE('',*,*,#10126,.F.);
#10126 = EDGE_CURVE('',#10003,#10119,#10127,.T.);
#10127 = LINE('',#10128,#10129);
#10128 = CARTESIAN_POINT('',(-6.4,2.85,5.1));
#10129 = VECTOR('',#10130,1.);
#10130 = DIRECTION('',(0.,2.2E-16,-1.));
#10131 = ORIENTED_EDGE('',*,*,#10010,.F.);
#10132 = FACE_BOUND('',#10133,.T.);
#10133 = EDGE_LOOP('',(#10134,#10144,#10152,#10160));
#10134 = ORIENTED_EDGE('',*,*,#10135,.T.);
#10135 = EDGE_CURVE('',#10136,#10138,#10140,.T.);
#10136 = VERTEX_POINT('',#10137);
#10137 = CARTESIAN_POINT('',(-4.8,2.85,3.9));
#10138 = VERTEX_POINT('',#10139);
#10139 = CARTESIAN_POINT('',(-4.8,2.85,4.6));
#10140 = LINE('',#10141,#10142);
#10141 = CARTESIAN_POINT('',(-4.8,2.85,3.548135696828));
#10142 = VECTOR('',#10143,1.);
#10143 = DIRECTION('',(0.,0.,1.));
#10144 = ORIENTED_EDGE('',*,*,#10145,.T.);
#10145 = EDGE_CURVE('',#10138,#10146,#10148,.T.);
#10146 = VERTEX_POINT('',#10147);
#10147 = CARTESIAN_POINT('',(-5.5,2.85,4.6));
#10148 = LINE('',#10149,#10150);
#10149 = CARTESIAN_POINT('',(-2.75,2.85,4.6));
#10150 = VECTOR('',#10151,1.);
#10151 = DIRECTION('',(-1.,0.,-0.));
#10152 = ORIENTED_EDGE('',*,*,#10153,.T.);
#10153 = EDGE_CURVE('',#10146,#10154,#10156,.T.);
#10154 = VERTEX_POINT('',#10155);
#10155 = CARTESIAN_POINT('',(-5.5,2.85,3.9));
#10156 = LINE('',#10157,#10158);
#10157 = CARTESIAN_POINT('',(-5.5,2.85,3.198135696828));
#10158 = VECTOR('',#10159,1.);
#10159 = DIRECTION('',(0.,0.,-1.));
#10160 = ORIENTED_EDGE('',*,*,#10161,.T.);
#10161 = EDGE_CURVE('',#10154,#10136,#10162,.T.);
#10162 = LINE('',#10163,#10164);
#10163 = CARTESIAN_POINT('',(-2.4,2.85,3.9));
#10164 = VECTOR('',#10165,1.);
#10165 = DIRECTION('',(1.,0.,0.));
#10166 = FACE_BOUND('',#10167,.T.);
#10167 = EDGE_LOOP('',(#10168,#10178,#10186,#10194));
#10168 = ORIENTED_EDGE('',*,*,#10169,.F.);
#10169 = EDGE_CURVE('',#10170,#10172,#10174,.T.);
#10170 = VERTEX_POINT('',#10171);
#10171 = CARTESIAN_POINT('',(0.649999999952,2.85,0.150000000018));
#10172 = VERTEX_POINT('',#10173);
#10173 = CARTESIAN_POINT('',(-0.649999999952,2.85,0.150000000018));
#10174 = LINE('',#10175,#10176);
#10175 = CARTESIAN_POINT('',(0.649999999952,2.85,0.150000000018));
#10176 = VECTOR('',#10177,1.);
#10177 = DIRECTION('',(-1.,0.,0.));
#10178 = ORIENTED_EDGE('',*,*,#10179,.F.);
#10179 = EDGE_CURVE('',#10180,#10170,#10182,.T.);
#10180 = VERTEX_POINT('',#10181);
#10181 = CARTESIAN_POINT('',(0.649999999952,2.85,0.649999999982));
#10182 = LINE('',#10183,#10184);
#10183 = CARTESIAN_POINT('',(0.649999999952,2.85,0.649999999982));
#10184 = VECTOR('',#10185,1.);
#10185 = DIRECTION('',(0.,2.2E-16,-1.));
#10186 = ORIENTED_EDGE('',*,*,#10187,.F.);
#10187 = EDGE_CURVE('',#10188,#10180,#10190,.T.);
#10188 = VERTEX_POINT('',#10189);
#10189 = CARTESIAN_POINT('',(-0.649999999952,2.85,0.649999999982));
#10190 = LINE('',#10191,#10192);
#10191 = CARTESIAN_POINT('',(-0.649999999952,2.85,0.649999999982));
#10192 = VECTOR('',#10193,1.);
#10193 = DIRECTION('',(1.,0.,0.));
#10194 = ORIENTED_EDGE('',*,*,#10195,.F.);
#10195 = EDGE_CURVE('',#10172,#10188,#10196,.T.);
#10196 = LINE('',#10197,#10198);
#10197 = CARTESIAN_POINT('',(-0.649999999952,2.85,0.150000000018));
#10198 = VECTOR('',#10199,1.);
#10199 = DIRECTION('',(0.,-2.2E-16,1.));
#10200 = PLANE('',#10201);
#10201 = AXIS2_PLACEMENT_3D('',#10202,#10203,#10204);
#10202 = CARTESIAN_POINT('',(0.,2.85,2.496271393657));
#10203 = DIRECTION('',(0.,1.,2.2E-16));
#10204 = DIRECTION('',(0.,-2.2E-16,1.));
#10205 = ADVANCED_FACE('',(#10206,#10249,#10283),#10317,.F.);
#10206 = FACE_BOUND('',#10207,.F.);
#10207 = EDGE_LOOP('',(#10208,#10209,#10210,#10218,#10226,#10234,#10242,
    #10248));
#10208 = ORIENTED_EDGE('',*,*,#9900,.F.);
#10209 = ORIENTED_EDGE('',*,*,#9978,.F.);
#10210 = ORIENTED_EDGE('',*,*,#10211,.F.);
#10211 = EDGE_CURVE('',#10212,#9971,#10214,.T.);
#10212 = VERTEX_POINT('',#10213);
#10213 = CARTESIAN_POINT('',(1.75,-2.85,-0.75));
#10214 = LINE('',#10215,#10216);
#10215 = CARTESIAN_POINT('',(1.75,-2.85,-0.75));
#10216 = VECTOR('',#10217,1.);
#10217 = DIRECTION('',(0.,-2.2E-16,1.));
#10218 = ORIENTED_EDGE('',*,*,#10219,.F.);
#10219 = EDGE_CURVE('',#10220,#10212,#10222,.T.);
#10220 = VERTEX_POINT('',#10221);
#10221 = CARTESIAN_POINT('',(-1.75,-2.85,-0.75));
#10222 = LINE('',#10223,#10224);
#10223 = CARTESIAN_POINT('',(-1.75,-2.85,-0.75));
#10224 = VECTOR('',#10225,1.);
#10225 = DIRECTION('',(1.,0.,0.));
#10226 = ORIENTED_EDGE('',*,*,#10227,.F.);
#10227 = EDGE_CURVE('',#10228,#10220,#10230,.T.);
#10228 = VERTEX_POINT('',#10229);
#10229 = CARTESIAN_POINT('',(-1.75,-2.85,1.35));
#10230 = LINE('',#10231,#10232);
#10231 = CARTESIAN_POINT('',(-1.75,-2.85,1.35));
#10232 = VECTOR('',#10233,1.);
#10233 = DIRECTION('',(0.,2.2E-16,-1.));
#10234 = ORIENTED_EDGE('',*,*,#10235,.F.);
#10235 = EDGE_CURVE('',#10236,#10228,#10238,.T.);
#10236 = VERTEX_POINT('',#10237);
#10237 = CARTESIAN_POINT('',(-6.4,-2.85,1.35));
#10238 = LINE('',#10239,#10240);
#10239 = CARTESIAN_POINT('',(-6.4,-2.85,1.35));
#10240 = VECTOR('',#10241,1.);
#10241 = DIRECTION('',(1.,0.,0.));
#10242 = ORIENTED_EDGE('',*,*,#10243,.F.);
#10243 = EDGE_CURVE('',#9995,#10236,#10244,.T.);
#10244 = LINE('',#10245,#10246);
#10245 = CARTESIAN_POINT('',(-6.4,-2.85,5.1));
#10246 = VECTOR('',#10247,1.);
#10247 = DIRECTION('',(0.,2.2E-16,-1.));
#10248 = ORIENTED_EDGE('',*,*,#9994,.F.);
#10249 = FACE_BOUND('',#10250,.F.);
#10250 = EDGE_LOOP('',(#10251,#10261,#10269,#10277));
#10251 = ORIENTED_EDGE('',*,*,#10252,.F.);
#10252 = EDGE_CURVE('',#10253,#10255,#10257,.T.);
#10253 = VERTEX_POINT('',#10254);
#10254 = CARTESIAN_POINT('',(-5.5,-2.85,4.6));
#10255 = VERTEX_POINT('',#10256);
#10256 = CARTESIAN_POINT('',(-4.8,-2.85,4.6));
#10257 = LINE('',#10258,#10259);
#10258 = CARTESIAN_POINT('',(-5.5,-2.85,4.6));
#10259 = VECTOR('',#10260,1.);
#10260 = DIRECTION('',(1.,0.,0.));
#10261 = ORIENTED_EDGE('',*,*,#10262,.F.);
#10262 = EDGE_CURVE('',#10263,#10253,#10265,.T.);
#10263 = VERTEX_POINT('',#10264);
#10264 = CARTESIAN_POINT('',(-5.5,-2.85,3.9));
#10265 = LINE('',#10266,#10267);
#10266 = CARTESIAN_POINT('',(-5.5,-2.85,3.9));
#10267 = VECTOR('',#10268,1.);
#10268 = DIRECTION('',(0.,-2.2E-16,1.));
#10269 = ORIENTED_EDGE('',*,*,#10270,.F.);
#10270 = EDGE_CURVE('',#10271,#10263,#10273,.T.);
#10271 = VERTEX_POINT('',#10272);
#10272 = CARTESIAN_POINT('',(-4.8,-2.85,3.9));
#10273 = LINE('',#10274,#10275);
#10274 = CARTESIAN_POINT('',(-4.8,-2.85,3.9));
#10275 = VECTOR('',#10276,1.);
#10276 = DIRECTION('',(-1.,0.,0.));
#10277 = ORIENTED_EDGE('',*,*,#10278,.F.);
#10278 = EDGE_CURVE('',#10255,#10271,#10279,.T.);
#10279 = LINE('',#10280,#10281);
#10280 = CARTESIAN_POINT('',(-4.8,-2.85,4.6));
#10281 = VECTOR('',#10282,1.);
#10282 = DIRECTION('',(0.,2.2E-16,-1.));
#10283 = FACE_BOUND('',#10284,.F.);
#10284 = EDGE_LOOP('',(#10285,#10295,#10303,#10311));
#10285 = ORIENTED_EDGE('',*,*,#10286,.F.);
#10286 = EDGE_CURVE('',#10287,#10289,#10291,.T.);
#10287 = VERTEX_POINT('',#10288);
#10288 = CARTESIAN_POINT('',(0.649999999952,-2.85,0.150000000018));
#10289 = VERTEX_POINT('',#10290);
#10290 = CARTESIAN_POINT('',(-0.649999999952,-2.85,0.150000000018));
#10291 = LINE('',#10292,#10293);
#10292 = CARTESIAN_POINT('',(0.649999999952,-2.85,0.150000000018));
#10293 = VECTOR('',#10294,1.);
#10294 = DIRECTION('',(-1.,0.,0.));
#10295 = ORIENTED_EDGE('',*,*,#10296,.F.);
#10296 = EDGE_CURVE('',#10297,#10287,#10299,.T.);
#10297 = VERTEX_POINT('',#10298);
#10298 = CARTESIAN_POINT('',(0.649999999952,-2.85,0.649999999982));
#10299 = LINE('',#10300,#10301);
#10300 = CARTESIAN_POINT('',(0.649999999952,-2.85,0.649999999982));
#10301 = VECTOR('',#10302,1.);
#10302 = DIRECTION('',(0.,2.2E-16,-1.));
#10303 = ORIENTED_EDGE('',*,*,#10304,.F.);
#10304 = EDGE_CURVE('',#10305,#10297,#10307,.T.);
#10305 = VERTEX_POINT('',#10306);
#10306 = CARTESIAN_POINT('',(-0.649999999952,-2.85,0.649999999982));
#10307 = LINE('',#10308,#10309);
#10308 = CARTESIAN_POINT('',(-0.649999999952,-2.85,0.649999999982));
#10309 = VECTOR('',#10310,1.);
#10310 = DIRECTION('',(1.,0.,0.));
#10311 = ORIENTED_EDGE('',*,*,#10312,.F.);
#10312 = EDGE_CURVE('',#10289,#10305,#10313,.T.);
#10313 = LINE('',#10314,#10315);
#10314 = CARTESIAN_POINT('',(-0.649999999952,-2.85,0.150000000018));
#10315 = VECTOR('',#10316,1.);
#10316 = DIRECTION('',(0.,-2.2E-16,1.));
#10317 = PLANE('',#10318);
#10318 = AXIS2_PLACEMENT_3D('',#10319,#10320,#10321);
#10319 = CARTESIAN_POINT('',(0.,-2.85,2.496271393657));
#10320 = DIRECTION('',(0.,1.,2.2E-16));
#10321 = DIRECTION('',(0.,-2.2E-16,1.));
#10322 = ADVANCED_FACE('',(#10323),#10341,.F.);
#10323 = FACE_BOUND('',#10324,.F.);
#10324 = EDGE_LOOP('',(#10325,#10333,#10339,#10340));
#10325 = ORIENTED_EDGE('',*,*,#10326,.F.);
#10326 = EDGE_CURVE('',#10327,#9963,#10329,.T.);
#10327 = VERTEX_POINT('',#10328);
#10328 = CARTESIAN_POINT('',(1.75,-2.35,-0.75));
#10329 = LINE('',#10330,#10331);
#10330 = CARTESIAN_POINT('',(1.75,-2.35,-0.75));
#10331 = VECTOR('',#10332,1.);
#10332 = DIRECTION('',(0.,0.,1.));
#10333 = ORIENTED_EDGE('',*,*,#10334,.T.);
#10334 = EDGE_CURVE('',#10327,#10212,#10335,.T.);
#10335 = LINE('',#10336,#10337);
#10336 = CARTESIAN_POINT('',(1.75,2.85,-0.75));
#10337 = VECTOR('',#10338,1.);
#10338 = DIRECTION('',(0.,-1.,2.2E-16));
#10339 = ORIENTED_EDGE('',*,*,#10211,.T.);
#10340 = ORIENTED_EDGE('',*,*,#9970,.F.);
#10341 = PLANE('',#10342);
#10342 = AXIS2_PLACEMENT_3D('',#10343,#10344,#10345);
#10343 = CARTESIAN_POINT('',(1.75,2.85,-0.75));
#10344 = DIRECTION('',(-1.,0.,0.));
#10345 = DIRECTION('',(0.,2.2E-16,1.));
#10346 = ADVANCED_FACE('',(#10347,#10493),#10527,.F.);
#10347 = FACE_BOUND('',#10348,.F.);
#10348 = EDGE_LOOP('',(#10349,#10357,#10358,#10359,#10367,#10375,#10383,
    #10391,#10399,#10407,#10415,#10423,#10431,#10439,#10447,#10455,
    #10463,#10471,#10479,#10487));
#10349 = ORIENTED_EDGE('',*,*,#10350,.F.);
#10350 = EDGE_CURVE('',#10327,#10351,#10353,.T.);
#10351 = VERTEX_POINT('',#10352);
#10352 = CARTESIAN_POINT('',(-1.75,-2.35,-0.75));
#10353 = LINE('',#10354,#10355);
#10354 = CARTESIAN_POINT('',(5.9,-2.35,-0.75));
#10355 = VECTOR('',#10356,1.);
#10356 = DIRECTION('',(-1.,-0.,0.));
#10357 = ORIENTED_EDGE('',*,*,#10326,.T.);
#10358 = ORIENTED_EDGE('',*,*,#9962,.T.);
#10359 = ORIENTED_EDGE('',*,*,#10360,.T.);
#10360 = EDGE_CURVE('',#9955,#10361,#10363,.T.);
#10361 = VERTEX_POINT('',#10362);
#10362 = CARTESIAN_POINT('',(5.9,-2.35,4.4));
#10363 = LINE('',#10364,#10365);
#10364 = CARTESIAN_POINT('',(5.9,-2.35,-0.75));
#10365 = VECTOR('',#10366,1.);
#10366 = DIRECTION('',(0.,0.,1.));
#10367 = ORIENTED_EDGE('',*,*,#10368,.T.);
#10368 = EDGE_CURVE('',#10361,#10369,#10371,.T.);
#10369 = VERTEX_POINT('',#10370);
#10370 = CARTESIAN_POINT('',(-0.8,-2.35,4.4));
#10371 = LINE('',#10372,#10373);
#10372 = CARTESIAN_POINT('',(5.9,-2.35,4.4));
#10373 = VECTOR('',#10374,1.);
#10374 = DIRECTION('',(-1.,-0.,0.));
#10375 = ORIENTED_EDGE('',*,*,#10376,.T.);
#10376 = EDGE_CURVE('',#10369,#10377,#10379,.T.);
#10377 = VERTEX_POINT('',#10378);
#10378 = CARTESIAN_POINT('',(-0.8,-2.35,3.6));
#10379 = LINE('',#10380,#10381);
#10380 = CARTESIAN_POINT('',(-0.8,-2.35,4.4));
#10381 = VECTOR('',#10382,1.);
#10382 = DIRECTION('',(0.,0.,-1.));
#10383 = ORIENTED_EDGE('',*,*,#10384,.F.);
#10384 = EDGE_CURVE('',#10385,#10377,#10387,.T.);
#10385 = VERTEX_POINT('',#10386);
#10386 = CARTESIAN_POINT('',(-1.5,-2.35,3.6));
#10387 = LINE('',#10388,#10389);
#10388 = CARTESIAN_POINT('',(-1.5,-2.35,3.6));
#10389 = VECTOR('',#10390,1.);
#10390 = DIRECTION('',(1.,0.,0.));
#10391 = ORIENTED_EDGE('',*,*,#10392,.F.);
#10392 = EDGE_CURVE('',#10393,#10385,#10395,.T.);
#10393 = VERTEX_POINT('',#10394);
#10394 = CARTESIAN_POINT('',(-1.5,-2.35,4.4));
#10395 = LINE('',#10396,#10397);
#10396 = CARTESIAN_POINT('',(-1.5,-2.35,4.4));
#10397 = VECTOR('',#10398,1.);
#10398 = DIRECTION('',(0.,0.,-1.));
#10399 = ORIENTED_EDGE('',*,*,#10400,.T.);
#10400 = EDGE_CURVE('',#10393,#10401,#10403,.T.);
#10401 = VERTEX_POINT('',#10402);
#10402 = CARTESIAN_POINT('',(-2.6,-2.35,4.4));
#10403 = LINE('',#10404,#10405);
#10404 = CARTESIAN_POINT('',(5.9,-2.35,4.4));
#10405 = VECTOR('',#10406,1.);
#10406 = DIRECTION('',(-1.,-0.,0.));
#10407 = ORIENTED_EDGE('',*,*,#10408,.T.);
#10408 = EDGE_CURVE('',#10401,#10409,#10411,.T.);
#10409 = VERTEX_POINT('',#10410);
#10410 = CARTESIAN_POINT('',(-2.6,-2.35,3.6));
#10411 = LINE('',#10412,#10413);
#10412 = CARTESIAN_POINT('',(-2.6,-2.35,4.4));
#10413 = VECTOR('',#10414,1.);
#10414 = DIRECTION('',(0.,0.,-1.));
#10415 = ORIENTED_EDGE('',*,*,#10416,.T.);
#10416 = EDGE_CURVE('',#10409,#10417,#10419,.T.);
#10417 = VERTEX_POINT('',#10418);
#10418 = CARTESIAN_POINT('',(-3.3,-2.35,3.6));
#10419 = LINE('',#10420,#10421);
#10420 = CARTESIAN_POINT('',(-2.6,-2.35,3.6));
#10421 = VECTOR('',#10422,1.);
#10422 = DIRECTION('',(-1.,-0.,0.));
#10423 = ORIENTED_EDGE('',*,*,#10424,.F.);
#10424 = EDGE_CURVE('',#10425,#10417,#10427,.T.);
#10425 = VERTEX_POINT('',#10426);
#10426 = CARTESIAN_POINT('',(-3.3,-2.35,4.4));
#10427 = LINE('',#10428,#10429);
#10428 = CARTESIAN_POINT('',(-3.3,-2.35,4.4));
#10429 = VECTOR('',#10430,1.);
#10430 = DIRECTION('',(0.,0.,-1.));
#10431 = ORIENTED_EDGE('',*,*,#10432,.T.);
#10432 = EDGE_CURVE('',#10425,#10433,#10435,.T.);
#10433 = VERTEX_POINT('',#10434);
#10434 = CARTESIAN_POINT('',(-4.8,-2.35,4.4));
#10435 = LINE('',#10436,#10437);
#10436 = CARTESIAN_POINT('',(5.9,-2.35,4.4));
#10437 = VECTOR('',#10438,1.);
#10438 = DIRECTION('',(-1.,-0.,0.));
#10439 = ORIENTED_EDGE('',*,*,#10440,.T.);
#10440 = EDGE_CURVE('',#10433,#10441,#10443,.T.);
#10441 = VERTEX_POINT('',#10442);
#10442 = CARTESIAN_POINT('',(-4.8,-2.35,3.9));
#10443 = LINE('',#10444,#10445);
#10444 = CARTESIAN_POINT('',(-4.8,-2.35,1.925));
#10445 = VECTOR('',#10446,1.);
#10446 = DIRECTION('',(0.,0.,-1.));
#10447 = ORIENTED_EDGE('',*,*,#10448,.T.);
#10448 = EDGE_CURVE('',#10441,#10449,#10451,.T.);
#10449 = VERTEX_POINT('',#10450);
#10450 = CARTESIAN_POINT('',(-5.5,-2.35,3.9));
#10451 = LINE('',#10452,#10453);
#10452 = CARTESIAN_POINT('',(0.55,-2.35,3.9));
#10453 = VECTOR('',#10454,1.);
#10454 = DIRECTION('',(-1.,-0.,0.));
#10455 = ORIENTED_EDGE('',*,*,#10456,.T.);
#10456 = EDGE_CURVE('',#10449,#10457,#10459,.T.);
#10457 = VERTEX_POINT('',#10458);
#10458 = CARTESIAN_POINT('',(-5.5,-2.35,4.4));
#10459 = LINE('',#10460,#10461);
#10460 = CARTESIAN_POINT('',(-5.5,-2.35,1.575));
#10461 = VECTOR('',#10462,1.);
#10462 = DIRECTION('',(0.,0.,1.));
#10463 = ORIENTED_EDGE('',*,*,#10464,.T.);
#10464 = EDGE_CURVE('',#10457,#10465,#10467,.T.);
#10465 = VERTEX_POINT('',#10466);
#10466 = CARTESIAN_POINT('',(-5.9,-2.35,4.4));
#10467 = LINE('',#10468,#10469);
#10468 = CARTESIAN_POINT('',(5.9,-2.35,4.4));
#10469 = VECTOR('',#10470,1.);
#10470 = DIRECTION('',(-1.,-0.,0.));
#10471 = ORIENTED_EDGE('',*,*,#10472,.F.);
#10472 = EDGE_CURVE('',#10473,#10465,#10475,.T.);
#10473 = VERTEX_POINT('',#10474);
#10474 = CARTESIAN_POINT('',(-5.9,-2.35,1.35));
#10475 = LINE('',#10476,#10477);
#10476 = CARTESIAN_POINT('',(-5.9,-2.35,-0.75));
#10477 = VECTOR('',#10478,1.);
#10478 = DIRECTION('',(0.,0.,1.));
#10479 = ORIENTED_EDGE('',*,*,#10480,.T.);
#10480 = EDGE_CURVE('',#10473,#10481,#10483,.T.);
#10481 = VERTEX_POINT('',#10482);
#10482 = CARTESIAN_POINT('',(-1.75,-2.35,1.35));
#10483 = LINE('',#10484,#10485);
#10484 = CARTESIAN_POINT('',(-0.25,-2.35,1.35));
#10485 = VECTOR('',#10486,1.);
#10486 = DIRECTION('',(1.,0.,0.));
#10487 = ORIENTED_EDGE('',*,*,#10488,.T.);
#10488 = EDGE_CURVE('',#10481,#10351,#10489,.T.);
#10489 = LINE('',#10490,#10491);
#10490 = CARTESIAN_POINT('',(-1.75,-2.35,0.3));
#10491 = VECTOR('',#10492,1.);
#10492 = DIRECTION('',(0.,0.,-1.));
#10493 = FACE_BOUND('',#10494,.F.);
#10494 = EDGE_LOOP('',(#10495,#10505,#10513,#10521));
#10495 = ORIENTED_EDGE('',*,*,#10496,.T.);
#10496 = EDGE_CURVE('',#10497,#10499,#10501,.T.);
#10497 = VERTEX_POINT('',#10498);
#10498 = CARTESIAN_POINT('',(0.649999999952,-2.35,0.649999999982));
#10499 = VERTEX_POINT('',#10500);
#10500 = CARTESIAN_POINT('',(0.649999999952,-2.35,0.150000000018));
#10501 = LINE('',#10502,#10503);
#10502 = CARTESIAN_POINT('',(0.649999999952,-2.35,-5.000000000925E-02));
#10503 = VECTOR('',#10504,1.);
#10504 = DIRECTION('',(0.,0.,-1.));
#10505 = ORIENTED_EDGE('',*,*,#10506,.T.);
#10506 = EDGE_CURVE('',#10499,#10507,#10509,.T.);
#10507 = VERTEX_POINT('',#10508);
#10508 = CARTESIAN_POINT('',(-0.649999999952,-2.35,0.150000000018));
#10509 = LINE('',#10510,#10511);
#10510 = CARTESIAN_POINT('',(3.274999999976,-2.35,0.150000000018));
#10511 = VECTOR('',#10512,1.);
#10512 = DIRECTION('',(-1.,0.,0.));
#10513 = ORIENTED_EDGE('',*,*,#10514,.T.);
#10514 = EDGE_CURVE('',#10507,#10515,#10517,.T.);
#10515 = VERTEX_POINT('',#10516);
#10516 = CARTESIAN_POINT('',(-0.649999999952,-2.35,0.649999999982));
#10517 = LINE('',#10518,#10519);
#10518 = CARTESIAN_POINT('',(-0.649999999952,-2.35,-0.299999999991));
#10519 = VECTOR('',#10520,1.);
#10520 = DIRECTION('',(0.,0.,1.));
#10521 = ORIENTED_EDGE('',*,*,#10522,.T.);
#10522 = EDGE_CURVE('',#10515,#10497,#10523,.T.);
#10523 = LINE('',#10524,#10525);
#10524 = CARTESIAN_POINT('',(2.625000000024,-2.35,0.649999999982));
#10525 = VECTOR('',#10526,1.);
#10526 = DIRECTION('',(1.,0.,0.));
#10527 = PLANE('',#10528);
#10528 = AXIS2_PLACEMENT_3D('',#10529,#10530,#10531);
#10529 = CARTESIAN_POINT('',(5.9,-2.35,-0.75));
#10530 = DIRECTION('',(0.,-1.,0.));
#10531 = DIRECTION('',(-1.,0.,0.));
#10532 = ADVANCED_FACE('',(#10533),#10551,.F.);
#10533 = FACE_BOUND('',#10534,.F.);
#10534 = EDGE_LOOP('',(#10535,#10536,#10544,#10550));
#10535 = ORIENTED_EDGE('',*,*,#9954,.T.);
#10536 = ORIENTED_EDGE('',*,*,#10537,.T.);
#10537 = EDGE_CURVE('',#9947,#10538,#10540,.T.);
#10538 = VERTEX_POINT('',#10539);
#10539 = CARTESIAN_POINT('',(5.9,2.35,4.4));
#10540 = LINE('',#10541,#10542);
#10541 = CARTESIAN_POINT('',(5.9,2.35,-0.75));
#10542 = VECTOR('',#10543,1.);
#10543 = DIRECTION('',(0.,0.,1.));
#10544 = ORIENTED_EDGE('',*,*,#10545,.T.);
#10545 = EDGE_CURVE('',#10538,#10361,#10546,.T.);
#10546 = LINE('',#10547,#10548);
#10547 = CARTESIAN_POINT('',(5.9,2.35,4.4));
#10548 = VECTOR('',#10549,1.);
#10549 = DIRECTION('',(0.,-1.,-2.2E-16));
#10550 = ORIENTED_EDGE('',*,*,#10360,.F.);
#10551 = PLANE('',#10552);
#10552 = AXIS2_PLACEMENT_3D('',#10553,#10554,#10555);
#10553 = CARTESIAN_POINT('',(5.9,2.35,-0.75));
#10554 = DIRECTION('',(1.,0.,0.));
#10555 = DIRECTION('',(0.,-1.,0.));
#10556 = ADVANCED_FACE('',(#10557,#10703),#10737,.F.);
#10557 = FACE_BOUND('',#10558,.F.);
#10558 = EDGE_LOOP('',(#10559,#10569,#10577,#10585,#10593,#10601,#10609,
    #10617,#10625,#10633,#10641,#10649,#10657,#10665,#10673,#10681,
    #10689,#10695,#10696,#10697));
#10559 = ORIENTED_EDGE('',*,*,#10560,.F.);
#10560 = EDGE_CURVE('',#10561,#10563,#10565,.T.);
#10561 = VERTEX_POINT('',#10562);
#10562 = CARTESIAN_POINT('',(-1.75,2.35,-0.75));
#10563 = VERTEX_POINT('',#10564);
#10564 = CARTESIAN_POINT('',(1.75,2.35,-0.75));
#10565 = LINE('',#10566,#10567);
#10566 = CARTESIAN_POINT('',(-5.9,2.35,-0.75));
#10567 = VECTOR('',#10568,1.);
#10568 = DIRECTION('',(1.,0.,0.));
#10569 = ORIENTED_EDGE('',*,*,#10570,.T.);
#10570 = EDGE_CURVE('',#10561,#10571,#10573,.T.);
#10571 = VERTEX_POINT('',#10572);
#10572 = CARTESIAN_POINT('',(-1.75,2.35,1.35));
#10573 = LINE('',#10574,#10575);
#10574 = CARTESIAN_POINT('',(-1.75,2.35,0.3));
#10575 = VECTOR('',#10576,1.);
#10576 = DIRECTION('',(0.,0.,1.));
#10577 = ORIENTED_EDGE('',*,*,#10578,.T.);
#10578 = EDGE_CURVE('',#10571,#10579,#10581,.T.);
#10579 = VERTEX_POINT('',#10580);
#10580 = CARTESIAN_POINT('',(-5.9,2.35,1.35));
#10581 = LINE('',#10582,#10583);
#10582 = CARTESIAN_POINT('',(-6.15,2.35,1.35));
#10583 = VECTOR('',#10584,1.);
#10584 = DIRECTION('',(-1.,0.,0.));
#10585 = ORIENTED_EDGE('',*,*,#10586,.T.);
#10586 = EDGE_CURVE('',#10579,#10587,#10589,.T.);
#10587 = VERTEX_POINT('',#10588);
#10588 = CARTESIAN_POINT('',(-5.9,2.35,4.4));
#10589 = LINE('',#10590,#10591);
#10590 = CARTESIAN_POINT('',(-5.9,2.35,-0.75));
#10591 = VECTOR('',#10592,1.);
#10592 = DIRECTION('',(0.,0.,1.));
#10593 = ORIENTED_EDGE('',*,*,#10594,.T.);
#10594 = EDGE_CURVE('',#10587,#10595,#10597,.T.);
#10595 = VERTEX_POINT('',#10596);
#10596 = CARTESIAN_POINT('',(-5.5,2.35,4.4));
#10597 = LINE('',#10598,#10599);
#10598 = CARTESIAN_POINT('',(-5.9,2.35,4.4));
#10599 = VECTOR('',#10600,1.);
#10600 = DIRECTION('',(1.,0.,0.));
#10601 = ORIENTED_EDGE('',*,*,#10602,.T.);
#10602 = EDGE_CURVE('',#10595,#10603,#10605,.T.);
#10603 = VERTEX_POINT('',#10604);
#10604 = CARTESIAN_POINT('',(-5.5,2.35,3.9));
#10605 = LINE('',#10606,#10607);
#10606 = CARTESIAN_POINT('',(-5.5,2.35,1.575));
#10607 = VECTOR('',#10608,1.);
#10608 = DIRECTION('',(0.,0.,-1.));
#10609 = ORIENTED_EDGE('',*,*,#10610,.T.);
#10610 = EDGE_CURVE('',#10603,#10611,#10613,.T.);
#10611 = VERTEX_POINT('',#10612);
#10612 = CARTESIAN_POINT('',(-4.8,2.35,3.9));
#10613 = LINE('',#10614,#10615);
#10614 = CARTESIAN_POINT('',(-5.35,2.35,3.9));
#10615 = VECTOR('',#10616,1.);
#10616 = DIRECTION('',(1.,0.,0.));
#10617 = ORIENTED_EDGE('',*,*,#10618,.T.);
#10618 = EDGE_CURVE('',#10611,#10619,#10621,.T.);
#10619 = VERTEX_POINT('',#10620);
#10620 = CARTESIAN_POINT('',(-4.8,2.35,4.4));
#10621 = LINE('',#10622,#10623);
#10622 = CARTESIAN_POINT('',(-4.8,2.35,1.925));
#10623 = VECTOR('',#10624,1.);
#10624 = DIRECTION('',(0.,0.,1.));
#10625 = ORIENTED_EDGE('',*,*,#10626,.T.);
#10626 = EDGE_CURVE('',#10619,#10627,#10629,.T.);
#10627 = VERTEX_POINT('',#10628);
#10628 = CARTESIAN_POINT('',(-3.3,2.35,4.4));
#10629 = LINE('',#10630,#10631);
#10630 = CARTESIAN_POINT('',(-5.9,2.35,4.4));
#10631 = VECTOR('',#10632,1.);
#10632 = DIRECTION('',(1.,0.,0.));
#10633 = ORIENTED_EDGE('',*,*,#10634,.T.);
#10634 = EDGE_CURVE('',#10627,#10635,#10637,.T.);
#10635 = VERTEX_POINT('',#10636);
#10636 = CARTESIAN_POINT('',(-3.3,2.35,3.6));
#10637 = LINE('',#10638,#10639);
#10638 = CARTESIAN_POINT('',(-3.3,2.35,4.4));
#10639 = VECTOR('',#10640,1.);
#10640 = DIRECTION('',(0.,0.,-1.));
#10641 = ORIENTED_EDGE('',*,*,#10642,.T.);
#10642 = EDGE_CURVE('',#10635,#10643,#10645,.T.);
#10643 = VERTEX_POINT('',#10644);
#10644 = CARTESIAN_POINT('',(-2.6,2.35,3.6));
#10645 = LINE('',#10646,#10647);
#10646 = CARTESIAN_POINT('',(-3.3,2.35,3.6));
#10647 = VECTOR('',#10648,1.);
#10648 = DIRECTION('',(1.,0.,0.));
#10649 = ORIENTED_EDGE('',*,*,#10650,.F.);
#10650 = EDGE_CURVE('',#10651,#10643,#10653,.T.);
#10651 = VERTEX_POINT('',#10652);
#10652 = CARTESIAN_POINT('',(-2.6,2.35,4.4));
#10653 = LINE('',#10654,#10655);
#10654 = CARTESIAN_POINT('',(-2.6,2.35,4.4));
#10655 = VECTOR('',#10656,1.);
#10656 = DIRECTION('',(0.,0.,-1.));
#10657 = ORIENTED_EDGE('',*,*,#10658,.T.);
#10658 = EDGE_CURVE('',#10651,#10659,#10661,.T.);
#10659 = VERTEX_POINT('',#10660);
#10660 = CARTESIAN_POINT('',(-1.5,2.35,4.4));
#10661 = LINE('',#10662,#10663);
#10662 = CARTESIAN_POINT('',(-5.9,2.35,4.4));
#10663 = VECTOR('',#10664,1.);
#10664 = DIRECTION('',(1.,0.,0.));
#10665 = ORIENTED_EDGE('',*,*,#10666,.T.);
#10666 = EDGE_CURVE('',#10659,#10667,#10669,.T.);
#10667 = VERTEX_POINT('',#10668);
#10668 = CARTESIAN_POINT('',(-1.5,2.35,3.6));
#10669 = LINE('',#10670,#10671);
#10670 = CARTESIAN_POINT('',(-1.5,2.35,4.4));
#10671 = VECTOR('',#10672,1.);
#10672 = DIRECTION('',(0.,0.,-1.));
#10673 = ORIENTED_EDGE('',*,*,#10674,.F.);
#10674 = EDGE_CURVE('',#10675,#10667,#10677,.T.);
#10675 = VERTEX_POINT('',#10676);
#10676 = CARTESIAN_POINT('',(-0.8,2.35,3.6));
#10677 = LINE('',#10678,#10679);
#10678 = CARTESIAN_POINT('',(-0.8,2.35,3.6));
#10679 = VECTOR('',#10680,1.);
#10680 = DIRECTION('',(-1.,-0.,0.));
#10681 = ORIENTED_EDGE('',*,*,#10682,.F.);
#10682 = EDGE_CURVE('',#10683,#10675,#10685,.T.);
#10683 = VERTEX_POINT('',#10684);
#10684 = CARTESIAN_POINT('',(-0.8,2.35,4.4));
#10685 = LINE('',#10686,#10687);
#10686 = CARTESIAN_POINT('',(-0.8,2.35,4.4));
#10687 = VECTOR('',#10688,1.);
#10688 = DIRECTION('',(0.,0.,-1.));
#10689 = ORIENTED_EDGE('',*,*,#10690,.T.);
#10690 = EDGE_CURVE('',#10683,#10538,#10691,.T.);
#10691 = LINE('',#10692,#10693);
#10692 = CARTESIAN_POINT('',(-5.9,2.35,4.4));
#10693 = VECTOR('',#10694,1.);
#10694 = DIRECTION('',(1.,0.,0.));
#10695 = ORIENTED_EDGE('',*,*,#10537,.F.);
#10696 = ORIENTED_EDGE('',*,*,#9946,.T.);
#10697 = ORIENTED_EDGE('',*,*,#10698,.T.);
#10698 = EDGE_CURVE('',#9939,#10563,#10699,.T.);
#10699 = LINE('',#10700,#10701);
#10700 = CARTESIAN_POINT('',(1.75,2.35,-0.75));
#10701 = VECTOR('',#10702,1.);
#10702 = DIRECTION('',(0.,0.,-1.));
#10703 = FACE_BOUND('',#10704,.F.);
#10704 = EDGE_LOOP('',(#10705,#10715,#10723,#10731));
#10705 = ORIENTED_EDGE('',*,*,#10706,.T.);
#10706 = EDGE_CURVE('',#10707,#10709,#10711,.T.);
#10707 = VERTEX_POINT('',#10708);
#10708 = CARTESIAN_POINT('',(-0.649999999952,2.35,0.649999999982));
#10709 = VERTEX_POINT('',#10710);
#10710 = CARTESIAN_POINT('',(-0.649999999952,2.35,0.150000000018));
#10711 = LINE('',#10712,#10713);
#10712 = CARTESIAN_POINT('',(-0.649999999952,2.35,-0.299999999991));
#10713 = VECTOR('',#10714,1.);
#10714 = DIRECTION('',(0.,0.,-1.));
#10715 = ORIENTED_EDGE('',*,*,#10716,.T.);
#10716 = EDGE_CURVE('',#10709,#10717,#10719,.T.);
#10717 = VERTEX_POINT('',#10718);
#10718 = CARTESIAN_POINT('',(0.649999999952,2.35,0.150000000018));
#10719 = LINE('',#10720,#10721);
#10720 = CARTESIAN_POINT('',(-2.625000000024,2.35,0.150000000018));
#10721 = VECTOR('',#10722,1.);
#10722 = DIRECTION('',(1.,0.,0.));
#10723 = ORIENTED_EDGE('',*,*,#10724,.T.);
#10724 = EDGE_CURVE('',#10717,#10725,#10727,.T.);
#10725 = VERTEX_POINT('',#10726);
#10726 = CARTESIAN_POINT('',(0.649999999952,2.35,0.649999999982));
#10727 = LINE('',#10728,#10729);
#10728 = CARTESIAN_POINT('',(0.649999999952,2.35,-5.000000000925E-02));
#10729 = VECTOR('',#10730,1.);
#10730 = DIRECTION('',(0.,0.,1.));
#10731 = ORIENTED_EDGE('',*,*,#10732,.T.);
#10732 = EDGE_CURVE('',#10725,#10707,#10733,.T.);
#10733 = LINE('',#10734,#10735);
#10734 = CARTESIAN_POINT('',(-3.274999999976,2.35,0.649999999982));
#10735 = VECTOR('',#10736,1.);
#10736 = DIRECTION('',(-1.,0.,0.));
#10737 = PLANE('',#10738);
#10738 = AXIS2_PLACEMENT_3D('',#10739,#10740,#10741);
#10739 = CARTESIAN_POINT('',(-5.9,2.35,-0.75));
#10740 = DIRECTION('',(0.,1.,0.));
#10741 = DIRECTION('',(1.,0.,0.));
#10742 = ADVANCED_FACE('',(#10743),#10754,.F.);
#10743 = FACE_BOUND('',#10744,.F.);
#10744 = EDGE_LOOP('',(#10745,#10746,#10752,#10753));
#10745 = ORIENTED_EDGE('',*,*,#10094,.F.);
#10746 = ORIENTED_EDGE('',*,*,#10747,.T.);
#10747 = EDGE_CURVE('',#10095,#10563,#10748,.T.);
#10748 = LINE('',#10749,#10750);
#10749 = CARTESIAN_POINT('',(1.75,2.85,-0.75));
#10750 = VECTOR('',#10751,1.);
#10751 = DIRECTION('',(0.,-1.,2.2E-16));
#10752 = ORIENTED_EDGE('',*,*,#10698,.F.);
#10753 = ORIENTED_EDGE('',*,*,#9938,.F.);
#10754 = PLANE('',#10755);
#10755 = AXIS2_PLACEMENT_3D('',#10756,#10757,#10758);
#10756 = CARTESIAN_POINT('',(1.75,2.85,-0.75));
#10757 = DIRECTION('',(-1.,0.,0.));
#10758 = DIRECTION('',(0.,2.2E-16,1.));
#10759 = ADVANCED_FACE('',(#10760),#10771,.F.);
#10760 = FACE_BOUND('',#10761,.F.);
#10761 = EDGE_LOOP('',(#10762,#10763,#10764,#10770));
#10762 = ORIENTED_EDGE('',*,*,#10002,.T.);
#10763 = ORIENTED_EDGE('',*,*,#10243,.T.);
#10764 = ORIENTED_EDGE('',*,*,#10765,.F.);
#10765 = EDGE_CURVE('',#10119,#10236,#10766,.T.);
#10766 = LINE('',#10767,#10768);
#10767 = CARTESIAN_POINT('',(-6.4,2.85,1.35));
#10768 = VECTOR('',#10769,1.);
#10769 = DIRECTION('',(0.,-1.,2.2E-16));
#10770 = ORIENTED_EDGE('',*,*,#10126,.F.);
#10771 = PLANE('',#10772);
#10772 = AXIS2_PLACEMENT_3D('',#10773,#10774,#10775);
#10773 = CARTESIAN_POINT('',(-6.4,2.85,5.1));
#10774 = DIRECTION('',(1.,0.,0.));
#10775 = DIRECTION('',(0.,-2.2E-16,-1.));
#10776 = ADVANCED_FACE('',(#10777),#10802,.T.);
#10777 = FACE_BOUND('',#10778,.T.);
#10778 = EDGE_LOOP('',(#10779,#10780,#10788,#10796));
#10779 = ORIENTED_EDGE('',*,*,#10018,.F.);
#10780 = ORIENTED_EDGE('',*,*,#10781,.T.);
#10781 = EDGE_CURVE('',#10019,#10782,#10784,.T.);
#10782 = VERTEX_POINT('',#10783);
#10783 = CARTESIAN_POINT('',(-4.75,1.9,4.4));
#10784 = LINE('',#10785,#10786);
#10785 = CARTESIAN_POINT('',(-4.75,1.9,5.1));
#10786 = VECTOR('',#10787,1.);
#10787 = DIRECTION('',(0.,0.,-1.));
#10788 = ORIENTED_EDGE('',*,*,#10789,.T.);
#10789 = EDGE_CURVE('',#10782,#10790,#10792,.T.);
#10790 = VERTEX_POINT('',#10791);
#10791 = CARTESIAN_POINT('',(-4.75,-1.9,4.4));
#10792 = LINE('',#10793,#10794);
#10793 = CARTESIAN_POINT('',(-4.75,0.95,4.4));
#10794 = VECTOR('',#10795,1.);
#10795 = DIRECTION('',(0.,-1.,0.));
#10796 = ORIENTED_EDGE('',*,*,#10797,.F.);
#10797 = EDGE_CURVE('',#10021,#10790,#10798,.T.);
#10798 = LINE('',#10799,#10800);
#10799 = CARTESIAN_POINT('',(-4.75,-1.9,5.1));
#10800 = VECTOR('',#10801,1.);
#10801 = DIRECTION('',(0.,0.,-1.));
#10802 = PLANE('',#10803);
#10803 = AXIS2_PLACEMENT_3D('',#10804,#10805,#10806);
#10804 = CARTESIAN_POINT('',(-4.75,1.9,5.1));
#10805 = DIRECTION('',(-1.,0.,0.));
#10806 = DIRECTION('',(0.,-1.,0.));
#10807 = ADVANCED_FACE('',(#10808),#10858,.T.);
#10808 = FACE_BOUND('',#10809,.T.);
#10809 = EDGE_LOOP('',(#10810,#10811,#10812,#10820,#10828,#10836,#10844,
    #10852));
#10810 = ORIENTED_EDGE('',*,*,#10044,.F.);
#10811 = ORIENTED_EDGE('',*,*,#10797,.T.);
#10812 = ORIENTED_EDGE('',*,*,#10813,.T.);
#10813 = EDGE_CURVE('',#10790,#10814,#10816,.T.);
#10814 = VERTEX_POINT('',#10815);
#10815 = CARTESIAN_POINT('',(-4.8,-1.9,4.4));
#10816 = LINE('',#10817,#10818);
#10817 = CARTESIAN_POINT('',(-2.375,-1.9,4.4));
#10818 = VECTOR('',#10819,1.);
#10819 = DIRECTION('',(-1.,0.,0.));
#10820 = ORIENTED_EDGE('',*,*,#10821,.T.);
#10821 = EDGE_CURVE('',#10814,#10822,#10824,.T.);
#10822 = VERTEX_POINT('',#10823);
#10823 = CARTESIAN_POINT('',(-4.8,-1.9,4.6));
#10824 = LINE('',#10825,#10826);
#10825 = CARTESIAN_POINT('',(-4.8,-1.9,4.85));
#10826 = VECTOR('',#10827,1.);
#10827 = DIRECTION('',(0.,0.,1.));
#10828 = ORIENTED_EDGE('',*,*,#10829,.T.);
#10829 = EDGE_CURVE('',#10822,#10830,#10832,.T.);
#10830 = VERTEX_POINT('',#10831);
#10831 = CARTESIAN_POINT('',(-5.5,-1.9,4.6));
#10832 = LINE('',#10833,#10834);
#10833 = CARTESIAN_POINT('',(-5.125,-1.9,4.6));
#10834 = VECTOR('',#10835,1.);
#10835 = DIRECTION('',(-1.,-0.,0.));
#10836 = ORIENTED_EDGE('',*,*,#10837,.T.);
#10837 = EDGE_CURVE('',#10830,#10838,#10840,.T.);
#10838 = VERTEX_POINT('',#10839);
#10839 = CARTESIAN_POINT('',(-5.5,-1.9,4.4));
#10840 = LINE('',#10841,#10842);
#10841 = CARTESIAN_POINT('',(-5.5,-1.9,4.5));
#10842 = VECTOR('',#10843,1.);
#10843 = DIRECTION('',(0.,0.,-1.));
#10844 = ORIENTED_EDGE('',*,*,#10845,.T.);
#10845 = EDGE_CURVE('',#10838,#10846,#10848,.T.);
#10846 = VERTEX_POINT('',#10847);
#10847 = CARTESIAN_POINT('',(-5.6,-1.9,4.4));
#10848 = LINE('',#10849,#10850);
#10849 = CARTESIAN_POINT('',(-2.375,-1.9,4.4));
#10850 = VECTOR('',#10851,1.);
#10851 = DIRECTION('',(-1.,0.,0.));
#10852 = ORIENTED_EDGE('',*,*,#10853,.F.);
#10853 = EDGE_CURVE('',#10037,#10846,#10854,.T.);
#10854 = LINE('',#10855,#10856);
#10855 = CARTESIAN_POINT('',(-5.6,-1.9,5.1));
#10856 = VECTOR('',#10857,1.);
#10857 = DIRECTION('',(0.,0.,-1.));
#10858 = PLANE('',#10859);
#10859 = AXIS2_PLACEMENT_3D('',#10860,#10861,#10862);
#10860 = CARTESIAN_POINT('',(-4.75,-1.9,5.1));
#10861 = DIRECTION('',(0.,1.,0.));
#10862 = DIRECTION('',(-1.,0.,0.));
#10863 = ADVANCED_FACE('',(#10864),#10882,.T.);
#10864 = FACE_BOUND('',#10865,.T.);
#10865 = EDGE_LOOP('',(#10866,#10867,#10868,#10876));
#10866 = ORIENTED_EDGE('',*,*,#10036,.F.);
#10867 = ORIENTED_EDGE('',*,*,#10853,.T.);
#10868 = ORIENTED_EDGE('',*,*,#10869,.T.);
#10869 = EDGE_CURVE('',#10846,#10870,#10872,.T.);
#10870 = VERTEX_POINT('',#10871);
#10871 = CARTESIAN_POINT('',(-5.6,1.9,4.4));
#10872 = LINE('',#10873,#10874);
#10873 = CARTESIAN_POINT('',(-5.6,-0.95,4.4));
#10874 = VECTOR('',#10875,1.);
#10875 = DIRECTION('',(0.,1.,0.));
#10876 = ORIENTED_EDGE('',*,*,#10877,.F.);
#10877 = EDGE_CURVE('',#10029,#10870,#10878,.T.);
#10878 = LINE('',#10879,#10880);
#10879 = CARTESIAN_POINT('',(-5.6,1.9,5.1));
#10880 = VECTOR('',#10881,1.);
#10881 = DIRECTION('',(0.,0.,-1.));
#10882 = PLANE('',#10883);
#10883 = AXIS2_PLACEMENT_3D('',#10884,#10885,#10886);
#10884 = CARTESIAN_POINT('',(-5.6,-1.9,5.1));
#10885 = DIRECTION('',(1.,0.,0.));
#10886 = DIRECTION('',(-0.,1.,0.));
#10887 = ADVANCED_FACE('',(#10888),#10931,.T.);
#10888 = FACE_BOUND('',#10889,.T.);
#10889 = EDGE_LOOP('',(#10890,#10891,#10892,#10900,#10908,#10916,#10924,
    #10930));
#10890 = ORIENTED_EDGE('',*,*,#10028,.F.);
#10891 = ORIENTED_EDGE('',*,*,#10877,.T.);
#10892 = ORIENTED_EDGE('',*,*,#10893,.T.);
#10893 = EDGE_CURVE('',#10870,#10894,#10896,.T.);
#10894 = VERTEX_POINT('',#10895);
#10895 = CARTESIAN_POINT('',(-5.5,1.9,4.4));
#10896 = LINE('',#10897,#10898);
#10897 = CARTESIAN_POINT('',(-2.8,1.9,4.4));
#10898 = VECTOR('',#10899,1.);
#10899 = DIRECTION('',(1.,0.,0.));
#10900 = ORIENTED_EDGE('',*,*,#10901,.T.);
#10901 = EDGE_CURVE('',#10894,#10902,#10904,.T.);
#10902 = VERTEX_POINT('',#10903);
#10903 = CARTESIAN_POINT('',(-5.5,1.9,4.6));
#10904 = LINE('',#10905,#10906);
#10905 = CARTESIAN_POINT('',(-5.5,1.9,4.5));
#10906 = VECTOR('',#10907,1.);
#10907 = DIRECTION('',(0.,0.,1.));
#10908 = ORIENTED_EDGE('',*,*,#10909,.T.);
#10909 = EDGE_CURVE('',#10902,#10910,#10912,.T.);
#10910 = VERTEX_POINT('',#10911);
#10911 = CARTESIAN_POINT('',(-4.8,1.9,4.6));
#10912 = LINE('',#10913,#10914);
#10913 = CARTESIAN_POINT('',(-5.55,1.9,4.6));
#10914 = VECTOR('',#10915,1.);
#10915 = DIRECTION('',(1.,0.,0.));
#10916 = ORIENTED_EDGE('',*,*,#10917,.T.);
#10917 = EDGE_CURVE('',#10910,#10918,#10920,.T.);
#10918 = VERTEX_POINT('',#10919);
#10919 = CARTESIAN_POINT('',(-4.8,1.9,4.4));
#10920 = LINE('',#10921,#10922);
#10921 = CARTESIAN_POINT('',(-4.8,1.9,4.85));
#10922 = VECTOR('',#10923,1.);
#10923 = DIRECTION('',(0.,0.,-1.));
#10924 = ORIENTED_EDGE('',*,*,#10925,.T.);
#10925 = EDGE_CURVE('',#10918,#10782,#10926,.T.);
#10926 = LINE('',#10927,#10928);
#10927 = CARTESIAN_POINT('',(-2.8,1.9,4.4));
#10928 = VECTOR('',#10929,1.);
#10929 = DIRECTION('',(1.,0.,0.));
#10930 = ORIENTED_EDGE('',*,*,#10781,.F.);
#10931 = PLANE('',#10932);
#10932 = AXIS2_PLACEMENT_3D('',#10933,#10934,#10935);
#10933 = CARTESIAN_POINT('',(-5.6,1.9,5.1));
#10934 = DIRECTION('',(0.,-1.,0.));
#10935 = DIRECTION('',(1.,0.,0.));
#10936 = ADVANCED_FACE('',(#10937),#10962,.T.);
#10937 = FACE_BOUND('',#10938,.T.);
#10938 = EDGE_LOOP('',(#10939,#10940,#10948,#10956));
#10939 = ORIENTED_EDGE('',*,*,#10052,.F.);
#10940 = ORIENTED_EDGE('',*,*,#10941,.T.);
#10941 = EDGE_CURVE('',#10053,#10942,#10944,.T.);
#10942 = VERTEX_POINT('',#10943);
#10943 = CARTESIAN_POINT('',(-1.5,1.5,4.4));
#10944 = LINE('',#10945,#10946);
#10945 = CARTESIAN_POINT('',(-1.5,1.5,5.1));
#10946 = VECTOR('',#10947,1.);
#10947 = DIRECTION('',(0.,0.,-1.));
#10948 = ORIENTED_EDGE('',*,*,#10949,.T.);
#10949 = EDGE_CURVE('',#10942,#10950,#10952,.T.);
#10950 = VERTEX_POINT('',#10951);
#10951 = CARTESIAN_POINT('',(-1.5,-1.5,4.4));
#10952 = LINE('',#10953,#10954);
#10953 = CARTESIAN_POINT('',(-1.5,0.75,4.4));
#10954 = VECTOR('',#10955,1.);
#10955 = DIRECTION('',(0.,-1.,0.));
#10956 = ORIENTED_EDGE('',*,*,#10957,.F.);
#10957 = EDGE_CURVE('',#10055,#10950,#10958,.T.);
#10958 = LINE('',#10959,#10960);
#10959 = CARTESIAN_POINT('',(-1.5,-1.5,5.1));
#10960 = VECTOR('',#10961,1.);
#10961 = DIRECTION('',(0.,0.,-1.));
#10962 = PLANE('',#10963);
#10963 = AXIS2_PLACEMENT_3D('',#10964,#10965,#10966);
#10964 = CARTESIAN_POINT('',(-1.5,1.5,5.1));
#10965 = DIRECTION('',(-1.,0.,0.));
#10966 = DIRECTION('',(0.,-1.,0.));
#10967 = ADVANCED_FACE('',(#10968),#10986,.T.);
#10968 = FACE_BOUND('',#10969,.T.);
#10969 = EDGE_LOOP('',(#10970,#10971,#10979,#10985));
#10970 = ORIENTED_EDGE('',*,*,#10062,.F.);
#10971 = ORIENTED_EDGE('',*,*,#10972,.T.);
#10972 = EDGE_CURVE('',#10063,#10973,#10975,.T.);
#10973 = VERTEX_POINT('',#10974);
#10974 = CARTESIAN_POINT('',(-2.6,1.5,4.4));
#10975 = LINE('',#10976,#10977);
#10976 = CARTESIAN_POINT('',(-2.6,1.5,5.1));
#10977 = VECTOR('',#10978,1.);
#10978 = DIRECTION('',(0.,0.,-1.));
#10979 = ORIENTED_EDGE('',*,*,#10980,.T.);
#10980 = EDGE_CURVE('',#10973,#10942,#10981,.T.);
#10981 = LINE('',#10982,#10983);
#10982 = CARTESIAN_POINT('',(-1.3,1.5,4.4));
#10983 = VECTOR('',#10984,1.);
#10984 = DIRECTION('',(1.,0.,0.));
#10985 = ORIENTED_EDGE('',*,*,#10941,.F.);
#10986 = PLANE('',#10987);
#10987 = AXIS2_PLACEMENT_3D('',#10988,#10989,#10990);
#10988 = CARTESIAN_POINT('',(-2.6,1.5,5.1));
#10989 = DIRECTION('',(0.,-1.,0.));
#10990 = DIRECTION('',(1.,0.,0.));
#10991 = ADVANCED_FACE('',(#10992),#11010,.T.);
#10992 = FACE_BOUND('',#10993,.T.);
#10993 = EDGE_LOOP('',(#10994,#10995,#10996,#11004));
#10994 = ORIENTED_EDGE('',*,*,#10078,.F.);
#10995 = ORIENTED_EDGE('',*,*,#10957,.T.);
#10996 = ORIENTED_EDGE('',*,*,#10997,.T.);
#10997 = EDGE_CURVE('',#10950,#10998,#11000,.T.);
#10998 = VERTEX_POINT('',#10999);
#10999 = CARTESIAN_POINT('',(-2.6,-1.5,4.4));
#11000 = LINE('',#11001,#11002);
#11001 = CARTESIAN_POINT('',(-0.75,-1.5,4.4));
#11002 = VECTOR('',#11003,1.);
#11003 = DIRECTION('',(-1.,0.,0.));
#11004 = ORIENTED_EDGE('',*,*,#11005,.F.);
#11005 = EDGE_CURVE('',#10071,#10998,#11006,.T.);
#11006 = LINE('',#11007,#11008);
#11007 = CARTESIAN_POINT('',(-2.6,-1.5,5.1));
#11008 = VECTOR('',#11009,1.);
#11009 = DIRECTION('',(0.,0.,-1.));
#11010 = PLANE('',#11011);
#11011 = AXIS2_PLACEMENT_3D('',#11012,#11013,#11014);
#11012 = CARTESIAN_POINT('',(-1.5,-1.5,5.1));
#11013 = DIRECTION('',(0.,1.,0.));
#11014 = DIRECTION('',(-1.,0.,0.));
#11015 = ADVANCED_FACE('',(#11016),#11027,.T.);
#11016 = FACE_BOUND('',#11017,.T.);
#11017 = EDGE_LOOP('',(#11018,#11019,#11020,#11026));
#11018 = ORIENTED_EDGE('',*,*,#10070,.F.);
#11019 = ORIENTED_EDGE('',*,*,#11005,.T.);
#11020 = ORIENTED_EDGE('',*,*,#11021,.T.);
#11021 = EDGE_CURVE('',#10998,#10973,#11022,.T.);
#11022 = LINE('',#11023,#11024);
#11023 = CARTESIAN_POINT('',(-2.6,-0.75,4.4));
#11024 = VECTOR('',#11025,1.);
#11025 = DIRECTION('',(0.,1.,0.));
#11026 = ORIENTED_EDGE('',*,*,#10972,.F.);
#11027 = PLANE('',#11028);
#11028 = AXIS2_PLACEMENT_3D('',#11029,#11030,#11031);
#11029 = CARTESIAN_POINT('',(-2.6,-1.5,5.1));
#11030 = DIRECTION('',(1.,0.,0.));
#11031 = DIRECTION('',(-0.,1.,0.));
#11032 = ADVANCED_FACE('',(#11033),#11044,.F.);
#11033 = FACE_BOUND('',#11034,.F.);
#11034 = EDGE_LOOP('',(#11035,#11036,#11042,#11043));
#11035 = ORIENTED_EDGE('',*,*,#10102,.F.);
#11036 = ORIENTED_EDGE('',*,*,#11037,.T.);
#11037 = EDGE_CURVE('',#10103,#10561,#11038,.T.);
#11038 = LINE('',#11039,#11040);
#11039 = CARTESIAN_POINT('',(-1.75,2.85,-0.75));
#11040 = VECTOR('',#11041,1.);
#11041 = DIRECTION('',(0.,-1.,2.2E-16));
#11042 = ORIENTED_EDGE('',*,*,#10560,.T.);
#11043 = ORIENTED_EDGE('',*,*,#10747,.F.);
#11044 = PLANE('',#11045);
#11045 = AXIS2_PLACEMENT_3D('',#11046,#11047,#11048);
#11046 = CARTESIAN_POINT('',(-1.75,2.85,-0.75));
#11047 = DIRECTION('',(0.,2.2E-16,1.));
#11048 = DIRECTION('',(1.,0.,-0.));
#11049 = ADVANCED_FACE('',(#11050),#11075,.F.);
#11050 = FACE_BOUND('',#11051,.F.);
#11051 = EDGE_LOOP('',(#11052,#11053,#11054,#11055,#11061,#11062,#11068,
    #11069));
#11052 = ORIENTED_EDGE('',*,*,#10118,.F.);
#11053 = ORIENTED_EDGE('',*,*,#10765,.T.);
#11054 = ORIENTED_EDGE('',*,*,#10235,.T.);
#11055 = ORIENTED_EDGE('',*,*,#11056,.F.);
#11056 = EDGE_CURVE('',#10481,#10228,#11057,.T.);
#11057 = LINE('',#11058,#11059);
#11058 = CARTESIAN_POINT('',(-1.75,2.85,1.35));
#11059 = VECTOR('',#11060,1.);
#11060 = DIRECTION('',(0.,-1.,2.2E-16));
#11061 = ORIENTED_EDGE('',*,*,#10480,.F.);
#11062 = ORIENTED_EDGE('',*,*,#11063,.F.);
#11063 = EDGE_CURVE('',#10579,#10473,#11064,.T.);
#11064 = LINE('',#11065,#11066);
#11065 = CARTESIAN_POINT('',(-5.9,0.25,1.35));
#11066 = VECTOR('',#11067,1.);
#11067 = DIRECTION('',(0.,-1.,2.2E-16));
#11068 = ORIENTED_EDGE('',*,*,#10578,.F.);
#11069 = ORIENTED_EDGE('',*,*,#11070,.F.);
#11070 = EDGE_CURVE('',#10111,#10571,#11071,.T.);
#11071 = LINE('',#11072,#11073);
#11072 = CARTESIAN_POINT('',(-1.75,2.85,1.35));
#11073 = VECTOR('',#11074,1.);
#11074 = DIRECTION('',(0.,-1.,2.2E-16));
#11075 = PLANE('',#11076);
#11076 = AXIS2_PLACEMENT_3D('',#11077,#11078,#11079);
#11077 = CARTESIAN_POINT('',(-6.4,2.85,1.35));
#11078 = DIRECTION('',(0.,2.2E-16,1.));
#11079 = DIRECTION('',(1.,0.,-0.));
#11080 = ADVANCED_FACE('',(#11081),#11087,.F.);
#11081 = FACE_BOUND('',#11082,.F.);
#11082 = EDGE_LOOP('',(#11083,#11084,#11085,#11086));
#11083 = ORIENTED_EDGE('',*,*,#10110,.F.);
#11084 = ORIENTED_EDGE('',*,*,#11070,.T.);
#11085 = ORIENTED_EDGE('',*,*,#10570,.F.);
#11086 = ORIENTED_EDGE('',*,*,#11037,.F.);
#11087 = PLANE('',#11088);
#11088 = AXIS2_PLACEMENT_3D('',#11089,#11090,#11091);
#11089 = CARTESIAN_POINT('',(-1.75,2.85,1.35));
#11090 = DIRECTION('',(1.,0.,0.));
#11091 = DIRECTION('',(0.,-2.2E-16,-1.));
#11092 = ADVANCED_FACE('',(#11093),#11116,.T.);
#11093 = FACE_BOUND('',#11094,.T.);
#11094 = EDGE_LOOP('',(#11095,#11096,#11102,#11103,#11109,#11110));
#11095 = ORIENTED_EDGE('',*,*,#10917,.F.);
#11096 = ORIENTED_EDGE('',*,*,#11097,.T.);
#11097 = EDGE_CURVE('',#10910,#10138,#11098,.T.);
#11098 = LINE('',#11099,#11100);
#11099 = CARTESIAN_POINT('',(-4.8,-2.85,4.6));
#11100 = VECTOR('',#11101,1.);
#11101 = DIRECTION('',(0.,1.,-2.2E-16));
#11102 = ORIENTED_EDGE('',*,*,#10135,.F.);
#11103 = ORIENTED_EDGE('',*,*,#11104,.F.);
#11104 = EDGE_CURVE('',#10611,#10136,#11105,.T.);
#11105 = LINE('',#11106,#11107);
#11106 = CARTESIAN_POINT('',(-4.8,-2.85,3.9));
#11107 = VECTOR('',#11108,1.);
#11108 = DIRECTION('',(0.,1.,-2.2E-16));
#11109 = ORIENTED_EDGE('',*,*,#10618,.T.);
#11110 = ORIENTED_EDGE('',*,*,#11111,.T.);
#11111 = EDGE_CURVE('',#10619,#10918,#11112,.T.);
#11112 = LINE('',#11113,#11114);
#11113 = CARTESIAN_POINT('',(-4.8,-1.425,4.4));
#11114 = VECTOR('',#11115,1.);
#11115 = DIRECTION('',(0.,-1.,0.));
#11116 = PLANE('',#11117);
#11117 = AXIS2_PLACEMENT_3D('',#11118,#11119,#11120);
#11118 = CARTESIAN_POINT('',(-4.8,-2.85,4.6));
#11119 = DIRECTION('',(-1.,0.,-0.));
#11120 = DIRECTION('',(0.,-2.2E-16,-1.));
#11121 = ADVANCED_FACE('',(#11122),#11133,.T.);
#11122 = FACE_BOUND('',#11123,.T.);
#11123 = EDGE_LOOP('',(#11124,#11125,#11126,#11127));
#11124 = ORIENTED_EDGE('',*,*,#10610,.T.);
#11125 = ORIENTED_EDGE('',*,*,#11104,.T.);
#11126 = ORIENTED_EDGE('',*,*,#10161,.F.);
#11127 = ORIENTED_EDGE('',*,*,#11128,.F.);
#11128 = EDGE_CURVE('',#10603,#10154,#11129,.T.);
#11129 = LINE('',#11130,#11131);
#11130 = CARTESIAN_POINT('',(-5.5,-2.85,3.9));
#11131 = VECTOR('',#11132,1.);
#11132 = DIRECTION('',(0.,1.,-2.2E-16));
#11133 = PLANE('',#11134);
#11134 = AXIS2_PLACEMENT_3D('',#11135,#11136,#11137);
#11135 = CARTESIAN_POINT('',(-4.8,-2.85,3.9));
#11136 = DIRECTION('',(0.,2.2E-16,1.));
#11137 = DIRECTION('',(-1.,0.,0.));
#11138 = ADVANCED_FACE('',(#11139),#11157,.T.);
#11139 = FACE_BOUND('',#11140,.T.);
#11140 = EDGE_LOOP('',(#11141,#11142,#11143,#11144,#11150,#11151));
#11141 = ORIENTED_EDGE('',*,*,#10602,.T.);
#11142 = ORIENTED_EDGE('',*,*,#11128,.T.);
#11143 = ORIENTED_EDGE('',*,*,#10153,.F.);
#11144 = ORIENTED_EDGE('',*,*,#11145,.F.);
#11145 = EDGE_CURVE('',#10902,#10146,#11146,.T.);
#11146 = LINE('',#11147,#11148);
#11147 = CARTESIAN_POINT('',(-5.5,-2.85,4.6));
#11148 = VECTOR('',#11149,1.);
#11149 = DIRECTION('',(0.,1.,-2.2E-16));
#11150 = ORIENTED_EDGE('',*,*,#10901,.F.);
#11151 = ORIENTED_EDGE('',*,*,#11152,.T.);
#11152 = EDGE_CURVE('',#10894,#10595,#11153,.T.);
#11153 = LINE('',#11154,#11155);
#11154 = CARTESIAN_POINT('',(-5.5,-1.425,4.4));
#11155 = VECTOR('',#11156,1.);
#11156 = DIRECTION('',(0.,1.,0.));
#11157 = PLANE('',#11158);
#11158 = AXIS2_PLACEMENT_3D('',#11159,#11160,#11161);
#11159 = CARTESIAN_POINT('',(-5.5,-2.85,3.9));
#11160 = DIRECTION('',(1.,0.,0.));
#11161 = DIRECTION('',(-0.,2.2E-16,1.));
#11162 = ADVANCED_FACE('',(#11163),#11169,.T.);
#11163 = FACE_BOUND('',#11164,.T.);
#11164 = EDGE_LOOP('',(#11165,#11166,#11167,#11168));
#11165 = ORIENTED_EDGE('',*,*,#10909,.F.);
#11166 = ORIENTED_EDGE('',*,*,#11145,.T.);
#11167 = ORIENTED_EDGE('',*,*,#10145,.F.);
#11168 = ORIENTED_EDGE('',*,*,#11097,.F.);
#11169 = PLANE('',#11170);
#11170 = AXIS2_PLACEMENT_3D('',#11171,#11172,#11173);
#11171 = CARTESIAN_POINT('',(-5.5,-2.85,4.6));
#11172 = DIRECTION('',(0.,-2.2E-16,-1.));
#11173 = DIRECTION('',(1.,0.,0.));
#11174 = ADVANCED_FACE('',(#11175),#11191,.F.);
#11175 = FACE_BOUND('',#11176,.F.);
#11176 = EDGE_LOOP('',(#11177,#11178,#11184,#11185));
#11177 = ORIENTED_EDGE('',*,*,#10169,.F.);
#11178 = ORIENTED_EDGE('',*,*,#11179,.T.);
#11179 = EDGE_CURVE('',#10170,#10717,#11180,.T.);
#11180 = LINE('',#11181,#11182);
#11181 = CARTESIAN_POINT('',(0.649999999952,2.85,0.150000000018));
#11182 = VECTOR('',#11183,1.);
#11183 = DIRECTION('',(0.,-1.,2.2E-16));
#11184 = ORIENTED_EDGE('',*,*,#10716,.F.);
#11185 = ORIENTED_EDGE('',*,*,#11186,.F.);
#11186 = EDGE_CURVE('',#10172,#10709,#11187,.T.);
#11187 = LINE('',#11188,#11189);
#11188 = CARTESIAN_POINT('',(-0.649999999952,2.85,0.150000000018));
#11189 = VECTOR('',#11190,1.);
#11190 = DIRECTION('',(0.,-1.,2.2E-16));
#11191 = PLANE('',#11192);
#11192 = AXIS2_PLACEMENT_3D('',#11193,#11194,#11195);
#11193 = CARTESIAN_POINT('',(0.649999999952,2.85,0.150000000018));
#11194 = DIRECTION('',(0.,-2.2E-16,-1.));
#11195 = DIRECTION('',(-1.,-0.,0.));
#11196 = ADVANCED_FACE('',(#11197),#11208,.F.);
#11197 = FACE_BOUND('',#11198,.F.);
#11198 = EDGE_LOOP('',(#11199,#11200,#11206,#11207));
#11199 = ORIENTED_EDGE('',*,*,#10179,.F.);
#11200 = ORIENTED_EDGE('',*,*,#11201,.T.);
#11201 = EDGE_CURVE('',#10180,#10725,#11202,.T.);
#11202 = LINE('',#11203,#11204);
#11203 = CARTESIAN_POINT('',(0.649999999952,2.85,0.649999999982));
#11204 = VECTOR('',#11205,1.);
#11205 = DIRECTION('',(0.,-1.,2.2E-16));
#11206 = ORIENTED_EDGE('',*,*,#10724,.F.);
#11207 = ORIENTED_EDGE('',*,*,#11179,.F.);
#11208 = PLANE('',#11209);
#11209 = AXIS2_PLACEMENT_3D('',#11210,#11211,#11212);
#11210 = CARTESIAN_POINT('',(0.649999999952,2.85,0.649999999982));
#11211 = DIRECTION('',(1.,0.,0.));
#11212 = DIRECTION('',(0.,-2.2E-16,-1.));
#11213 = ADVANCED_FACE('',(#11214),#11225,.F.);
#11214 = FACE_BOUND('',#11215,.F.);
#11215 = EDGE_LOOP('',(#11216,#11217,#11218,#11219));
#11216 = ORIENTED_EDGE('',*,*,#10195,.F.);
#11217 = ORIENTED_EDGE('',*,*,#11186,.T.);
#11218 = ORIENTED_EDGE('',*,*,#10706,.F.);
#11219 = ORIENTED_EDGE('',*,*,#11220,.F.);
#11220 = EDGE_CURVE('',#10188,#10707,#11221,.T.);
#11221 = LINE('',#11222,#11223);
#11222 = CARTESIAN_POINT('',(-0.649999999952,2.85,0.649999999982));
#11223 = VECTOR('',#11224,1.);
#11224 = DIRECTION('',(0.,-1.,2.2E-16));
#11225 = PLANE('',#11226);
#11226 = AXIS2_PLACEMENT_3D('',#11227,#11228,#11229);
#11227 = CARTESIAN_POINT('',(-0.649999999952,2.85,0.150000000018));
#11228 = DIRECTION('',(-1.,0.,0.));
#11229 = DIRECTION('',(0.,2.2E-16,1.));
#11230 = ADVANCED_FACE('',(#11231),#11237,.F.);
#11231 = FACE_BOUND('',#11232,.F.);
#11232 = EDGE_LOOP('',(#11233,#11234,#11235,#11236));
#11233 = ORIENTED_EDGE('',*,*,#10187,.F.);
#11234 = ORIENTED_EDGE('',*,*,#11220,.T.);
#11235 = ORIENTED_EDGE('',*,*,#10732,.F.);
#11236 = ORIENTED_EDGE('',*,*,#11201,.F.);
#11237 = PLANE('',#11238);
#11238 = AXIS2_PLACEMENT_3D('',#11239,#11240,#11241);
#11239 = CARTESIAN_POINT('',(-0.649999999952,2.85,0.649999999982));
#11240 = DIRECTION('',(0.,2.2E-16,1.));
#11241 = DIRECTION('',(1.,0.,-0.));
#11242 = ADVANCED_FACE('',(#11243),#11254,.F.);
#11243 = FACE_BOUND('',#11244,.F.);
#11244 = EDGE_LOOP('',(#11245,#11246,#11252,#11253));
#11245 = ORIENTED_EDGE('',*,*,#10350,.T.);
#11246 = ORIENTED_EDGE('',*,*,#11247,.T.);
#11247 = EDGE_CURVE('',#10351,#10220,#11248,.T.);
#11248 = LINE('',#11249,#11250);
#11249 = CARTESIAN_POINT('',(-1.75,2.85,-0.75));
#11250 = VECTOR('',#11251,1.);
#11251 = DIRECTION('',(0.,-1.,2.2E-16));
#11252 = ORIENTED_EDGE('',*,*,#10219,.T.);
#11253 = ORIENTED_EDGE('',*,*,#10334,.F.);
#11254 = PLANE('',#11255);
#11255 = AXIS2_PLACEMENT_3D('',#11256,#11257,#11258);
#11256 = CARTESIAN_POINT('',(-1.75,2.85,-0.75));
#11257 = DIRECTION('',(0.,2.2E-16,1.));
#11258 = DIRECTION('',(1.,0.,-0.));
#11259 = ADVANCED_FACE('',(#11260),#11266,.F.);
#11260 = FACE_BOUND('',#11261,.F.);
#11261 = EDGE_LOOP('',(#11262,#11263,#11264,#11265));
#11262 = ORIENTED_EDGE('',*,*,#10488,.F.);
#11263 = ORIENTED_EDGE('',*,*,#11056,.T.);
#11264 = ORIENTED_EDGE('',*,*,#10227,.T.);
#11265 = ORIENTED_EDGE('',*,*,#11247,.F.);
#11266 = PLANE('',#11267);
#11267 = AXIS2_PLACEMENT_3D('',#11268,#11269,#11270);
#11268 = CARTESIAN_POINT('',(-1.75,2.85,1.35));
#11269 = DIRECTION('',(1.,0.,0.));
#11270 = DIRECTION('',(0.,-2.2E-16,-1.));
#11271 = ADVANCED_FACE('',(#11272),#11288,.T.);
#11272 = FACE_BOUND('',#11273,.T.);
#11273 = EDGE_LOOP('',(#11274,#11275,#11281,#11282));
#11274 = ORIENTED_EDGE('',*,*,#10252,.F.);
#11275 = ORIENTED_EDGE('',*,*,#11276,.T.);
#11276 = EDGE_CURVE('',#10253,#10830,#11277,.T.);
#11277 = LINE('',#11278,#11279);
#11278 = CARTESIAN_POINT('',(-5.5,-2.85,4.6));
#11279 = VECTOR('',#11280,1.);
#11280 = DIRECTION('',(0.,1.,-2.2E-16));
#11281 = ORIENTED_EDGE('',*,*,#10829,.F.);
#11282 = ORIENTED_EDGE('',*,*,#11283,.F.);
#11283 = EDGE_CURVE('',#10255,#10822,#11284,.T.);
#11284 = LINE('',#11285,#11286);
#11285 = CARTESIAN_POINT('',(-4.8,-2.85,4.6));
#11286 = VECTOR('',#11287,1.);
#11287 = DIRECTION('',(0.,1.,-2.2E-16));
#11288 = PLANE('',#11289);
#11289 = AXIS2_PLACEMENT_3D('',#11290,#11291,#11292);
#11290 = CARTESIAN_POINT('',(-5.5,-2.85,4.6));
#11291 = DIRECTION('',(0.,-2.2E-16,-1.));
#11292 = DIRECTION('',(1.,0.,0.));
#11293 = ADVANCED_FACE('',(#11294),#11312,.T.);
#11294 = FACE_BOUND('',#11295,.T.);
#11295 = EDGE_LOOP('',(#11296,#11297,#11298,#11299,#11305,#11306));
#11296 = ORIENTED_EDGE('',*,*,#10278,.F.);
#11297 = ORIENTED_EDGE('',*,*,#11283,.T.);
#11298 = ORIENTED_EDGE('',*,*,#10821,.F.);
#11299 = ORIENTED_EDGE('',*,*,#11300,.T.);
#11300 = EDGE_CURVE('',#10814,#10433,#11301,.T.);
#11301 = LINE('',#11302,#11303);
#11302 = CARTESIAN_POINT('',(-4.8,-1.425,4.4));
#11303 = VECTOR('',#11304,1.);
#11304 = DIRECTION('',(0.,-1.,0.));
#11305 = ORIENTED_EDGE('',*,*,#10440,.T.);
#11306 = ORIENTED_EDGE('',*,*,#11307,.F.);
#11307 = EDGE_CURVE('',#10271,#10441,#11308,.T.);
#11308 = LINE('',#11309,#11310);
#11309 = CARTESIAN_POINT('',(-4.8,-2.85,3.9));
#11310 = VECTOR('',#11311,1.);
#11311 = DIRECTION('',(0.,1.,-2.2E-16));
#11312 = PLANE('',#11313);
#11313 = AXIS2_PLACEMENT_3D('',#11314,#11315,#11316);
#11314 = CARTESIAN_POINT('',(-4.8,-2.85,4.6));
#11315 = DIRECTION('',(-1.,0.,-0.));
#11316 = DIRECTION('',(0.,-2.2E-16,-1.));
#11317 = ADVANCED_FACE('',(#11318),#11329,.T.);
#11318 = FACE_BOUND('',#11319,.T.);
#11319 = EDGE_LOOP('',(#11320,#11321,#11322,#11323));
#11320 = ORIENTED_EDGE('',*,*,#10270,.F.);
#11321 = ORIENTED_EDGE('',*,*,#11307,.T.);
#11322 = ORIENTED_EDGE('',*,*,#10448,.T.);
#11323 = ORIENTED_EDGE('',*,*,#11324,.F.);
#11324 = EDGE_CURVE('',#10263,#10449,#11325,.T.);
#11325 = LINE('',#11326,#11327);
#11326 = CARTESIAN_POINT('',(-5.5,-2.85,3.9));
#11327 = VECTOR('',#11328,1.);
#11328 = DIRECTION('',(0.,1.,-2.2E-16));
#11329 = PLANE('',#11330);
#11330 = AXIS2_PLACEMENT_3D('',#11331,#11332,#11333);
#11331 = CARTESIAN_POINT('',(-4.8,-2.85,3.9));
#11332 = DIRECTION('',(0.,2.2E-16,1.));
#11333 = DIRECTION('',(-1.,0.,0.));
#11334 = ADVANCED_FACE('',(#11335),#11348,.T.);
#11335 = FACE_BOUND('',#11336,.T.);
#11336 = EDGE_LOOP('',(#11337,#11338,#11339,#11340,#11346,#11347));
#11337 = ORIENTED_EDGE('',*,*,#10262,.F.);
#11338 = ORIENTED_EDGE('',*,*,#11324,.T.);
#11339 = ORIENTED_EDGE('',*,*,#10456,.T.);
#11340 = ORIENTED_EDGE('',*,*,#11341,.T.);
#11341 = EDGE_CURVE('',#10457,#10838,#11342,.T.);
#11342 = LINE('',#11343,#11344);
#11343 = CARTESIAN_POINT('',(-5.5,-1.425,4.4));
#11344 = VECTOR('',#11345,1.);
#11345 = DIRECTION('',(0.,1.,0.));
#11346 = ORIENTED_EDGE('',*,*,#10837,.F.);
#11347 = ORIENTED_EDGE('',*,*,#11276,.F.);
#11348 = PLANE('',#11349);
#11349 = AXIS2_PLACEMENT_3D('',#11350,#11351,#11352);
#11350 = CARTESIAN_POINT('',(-5.5,-2.85,3.9));
#11351 = DIRECTION('',(1.,0.,0.));
#11352 = DIRECTION('',(-0.,2.2E-16,1.));
#11353 = ADVANCED_FACE('',(#11354),#11370,.F.);
#11354 = FACE_BOUND('',#11355,.F.);
#11355 = EDGE_LOOP('',(#11356,#11357,#11363,#11364));
#11356 = ORIENTED_EDGE('',*,*,#10506,.F.);
#11357 = ORIENTED_EDGE('',*,*,#11358,.T.);
#11358 = EDGE_CURVE('',#10499,#10287,#11359,.T.);
#11359 = LINE('',#11360,#11361);
#11360 = CARTESIAN_POINT('',(0.649999999952,2.85,0.150000000018));
#11361 = VECTOR('',#11362,1.);
#11362 = DIRECTION('',(0.,-1.,2.2E-16));
#11363 = ORIENTED_EDGE('',*,*,#10286,.T.);
#11364 = ORIENTED_EDGE('',*,*,#11365,.F.);
#11365 = EDGE_CURVE('',#10507,#10289,#11366,.T.);
#11366 = LINE('',#11367,#11368);
#11367 = CARTESIAN_POINT('',(-0.649999999952,2.85,0.150000000018));
#11368 = VECTOR('',#11369,1.);
#11369 = DIRECTION('',(0.,-1.,2.2E-16));
#11370 = PLANE('',#11371);
#11371 = AXIS2_PLACEMENT_3D('',#11372,#11373,#11374);
#11372 = CARTESIAN_POINT('',(0.649999999952,2.85,0.150000000018));
#11373 = DIRECTION('',(0.,-2.2E-16,-1.));
#11374 = DIRECTION('',(-1.,-0.,0.));
#11375 = ADVANCED_FACE('',(#11376),#11387,.F.);
#11376 = FACE_BOUND('',#11377,.F.);
#11377 = EDGE_LOOP('',(#11378,#11379,#11385,#11386));
#11378 = ORIENTED_EDGE('',*,*,#10496,.F.);
#11379 = ORIENTED_EDGE('',*,*,#11380,.T.);
#11380 = EDGE_CURVE('',#10497,#10297,#11381,.T.);
#11381 = LINE('',#11382,#11383);
#11382 = CARTESIAN_POINT('',(0.649999999952,2.85,0.649999999982));
#11383 = VECTOR('',#11384,1.);
#11384 = DIRECTION('',(0.,-1.,2.2E-16));
#11385 = ORIENTED_EDGE('',*,*,#10296,.T.);
#11386 = ORIENTED_EDGE('',*,*,#11358,.F.);
#11387 = PLANE('',#11388);
#11388 = AXIS2_PLACEMENT_3D('',#11389,#11390,#11391);
#11389 = CARTESIAN_POINT('',(0.649999999952,2.85,0.649999999982));
#11390 = DIRECTION('',(1.,0.,0.));
#11391 = DIRECTION('',(0.,-2.2E-16,-1.));
#11392 = ADVANCED_FACE('',(#11393),#11404,.F.);
#11393 = FACE_BOUND('',#11394,.F.);
#11394 = EDGE_LOOP('',(#11395,#11396,#11397,#11398));
#11395 = ORIENTED_EDGE('',*,*,#10514,.F.);
#11396 = ORIENTED_EDGE('',*,*,#11365,.T.);
#11397 = ORIENTED_EDGE('',*,*,#10312,.T.);
#11398 = ORIENTED_EDGE('',*,*,#11399,.F.);
#11399 = EDGE_CURVE('',#10515,#10305,#11400,.T.);
#11400 = LINE('',#11401,#11402);
#11401 = CARTESIAN_POINT('',(-0.649999999952,2.85,0.649999999982));
#11402 = VECTOR('',#11403,1.);
#11403 = DIRECTION('',(0.,-1.,2.2E-16));
#11404 = PLANE('',#11405);
#11405 = AXIS2_PLACEMENT_3D('',#11406,#11407,#11408);
#11406 = CARTESIAN_POINT('',(-0.649999999952,2.85,0.150000000018));
#11407 = DIRECTION('',(-1.,0.,0.));
#11408 = DIRECTION('',(0.,2.2E-16,1.));
#11409 = ADVANCED_FACE('',(#11410),#11416,.F.);
#11410 = FACE_BOUND('',#11411,.F.);
#11411 = EDGE_LOOP('',(#11412,#11413,#11414,#11415));
#11412 = ORIENTED_EDGE('',*,*,#10522,.F.);
#11413 = ORIENTED_EDGE('',*,*,#11399,.T.);
#11414 = ORIENTED_EDGE('',*,*,#10304,.T.);
#11415 = ORIENTED_EDGE('',*,*,#11380,.F.);
#11416 = PLANE('',#11417);
#11417 = AXIS2_PLACEMENT_3D('',#11418,#11419,#11420);
#11418 = CARTESIAN_POINT('',(-0.649999999952,2.85,0.649999999982));
#11419 = DIRECTION('',(0.,2.2E-16,1.));
#11420 = DIRECTION('',(1.,0.,-0.));
#11421 = ADVANCED_FACE('',(#11422),#11433,.F.);
#11422 = FACE_BOUND('',#11423,.F.);
#11423 = EDGE_LOOP('',(#11424,#11425,#11426,#11432));
#11424 = ORIENTED_EDGE('',*,*,#11063,.T.);
#11425 = ORIENTED_EDGE('',*,*,#10472,.T.);
#11426 = ORIENTED_EDGE('',*,*,#11427,.T.);
#11427 = EDGE_CURVE('',#10465,#10587,#11428,.T.);
#11428 = LINE('',#11429,#11430);
#11429 = CARTESIAN_POINT('',(-5.9,-2.35,4.4));
#11430 = VECTOR('',#11431,1.);
#11431 = DIRECTION('',(0.,1.,2.2E-16));
#11432 = ORIENTED_EDGE('',*,*,#10586,.F.);
#11433 = PLANE('',#11434);
#11434 = AXIS2_PLACEMENT_3D('',#11435,#11436,#11437);
#11435 = CARTESIAN_POINT('',(-5.9,-2.35,-0.75));
#11436 = DIRECTION('',(-1.,0.,0.));
#11437 = DIRECTION('',(0.,1.,0.));
#11438 = ADVANCED_FACE('',(#11439),#11449,.F.);
#11439 = FACE_BOUND('',#11440,.F.);
#11440 = EDGE_LOOP('',(#11441,#11442,#11443,#11444,#11445,#11446,#11447,
    #11448));
#11441 = ORIENTED_EDGE('',*,*,#11427,.F.);
#11442 = ORIENTED_EDGE('',*,*,#10464,.F.);
#11443 = ORIENTED_EDGE('',*,*,#11341,.T.);
#11444 = ORIENTED_EDGE('',*,*,#10845,.T.);
#11445 = ORIENTED_EDGE('',*,*,#10869,.T.);
#11446 = ORIENTED_EDGE('',*,*,#10893,.T.);
#11447 = ORIENTED_EDGE('',*,*,#11152,.T.);
#11448 = ORIENTED_EDGE('',*,*,#10594,.F.);
#11449 = PLANE('',#11450);
#11450 = AXIS2_PLACEMENT_3D('',#11451,#11452,#11453);
#11451 = CARTESIAN_POINT('',(0.,-8.881784197001E-16,4.4));
#11452 = DIRECTION('',(0.,-2.2E-16,1.));
#11453 = DIRECTION('',(1.,0.,0.));
#11454 = ADVANCED_FACE('',(#11455),#11470,.F.);
#11455 = FACE_BOUND('',#11456,.F.);
#11456 = EDGE_LOOP('',(#11457,#11458,#11459,#11465,#11466,#11467,#11468,
    #11469));
#11457 = ORIENTED_EDGE('',*,*,#11300,.T.);
#11458 = ORIENTED_EDGE('',*,*,#10432,.F.);
#11459 = ORIENTED_EDGE('',*,*,#11460,.T.);
#11460 = EDGE_CURVE('',#10425,#10627,#11461,.T.);
#11461 = LINE('',#11462,#11463);
#11462 = CARTESIAN_POINT('',(-3.3,-2.35,4.4));
#11463 = VECTOR('',#11464,1.);
#11464 = DIRECTION('',(0.,1.,2.2E-16));
#11465 = ORIENTED_EDGE('',*,*,#10626,.F.);
#11466 = ORIENTED_EDGE('',*,*,#11111,.T.);
#11467 = ORIENTED_EDGE('',*,*,#10925,.T.);
#11468 = ORIENTED_EDGE('',*,*,#10789,.T.);
#11469 = ORIENTED_EDGE('',*,*,#10813,.T.);
#11470 = PLANE('',#11471);
#11471 = AXIS2_PLACEMENT_3D('',#11472,#11473,#11474);
#11472 = CARTESIAN_POINT('',(0.,-8.881784197001E-16,4.4));
#11473 = DIRECTION('',(0.,-2.2E-16,1.));
#11474 = DIRECTION('',(1.,0.,0.));
#11475 = ADVANCED_FACE('',(#11476),#11487,.F.);
#11476 = FACE_BOUND('',#11477,.F.);
#11477 = EDGE_LOOP('',(#11478,#11479,#11485,#11486));
#11478 = ORIENTED_EDGE('',*,*,#10424,.T.);
#11479 = ORIENTED_EDGE('',*,*,#11480,.T.);
#11480 = EDGE_CURVE('',#10417,#10635,#11481,.T.);
#11481 = LINE('',#11482,#11483);
#11482 = CARTESIAN_POINT('',(-3.3,-2.35,3.6));
#11483 = VECTOR('',#11484,1.);
#11484 = DIRECTION('',(0.,1.,2.2E-16));
#11485 = ORIENTED_EDGE('',*,*,#10634,.F.);
#11486 = ORIENTED_EDGE('',*,*,#11460,.F.);
#11487 = PLANE('',#11488);
#11488 = AXIS2_PLACEMENT_3D('',#11489,#11490,#11491);
#11489 = CARTESIAN_POINT('',(-3.3,-2.35,4.4));
#11490 = DIRECTION('',(1.,0.,0.));
#11491 = DIRECTION('',(-0.,1.,0.));
#11492 = ADVANCED_FACE('',(#11493),#11504,.F.);
#11493 = FACE_BOUND('',#11494,.T.);
#11494 = EDGE_LOOP('',(#11495,#11496,#11502,#11503));
#11495 = ORIENTED_EDGE('',*,*,#10642,.T.);
#11496 = ORIENTED_EDGE('',*,*,#11497,.T.);
#11497 = EDGE_CURVE('',#10643,#10409,#11498,.T.);
#11498 = LINE('',#11499,#11500);
#11499 = CARTESIAN_POINT('',(-2.6,2.35,3.6));
#11500 = VECTOR('',#11501,1.);
#11501 = DIRECTION('',(0.,-1.,-2.2E-16));
#11502 = ORIENTED_EDGE('',*,*,#10416,.T.);
#11503 = ORIENTED_EDGE('',*,*,#11480,.T.);
#11504 = PLANE('',#11505);
#11505 = AXIS2_PLACEMENT_3D('',#11506,#11507,#11508);
#11506 = CARTESIAN_POINT('',(-2.05,-7.771561172376E-16,3.6));
#11507 = DIRECTION('',(0.,-2.2E-16,1.));
#11508 = DIRECTION('',(1.,0.,0.));
#11509 = ADVANCED_FACE('',(#11510),#11528,.F.);
#11510 = FACE_BOUND('',#11511,.F.);
#11511 = EDGE_LOOP('',(#11512,#11513,#11514,#11515,#11521,#11522));
#11512 = ORIENTED_EDGE('',*,*,#10650,.T.);
#11513 = ORIENTED_EDGE('',*,*,#11497,.T.);
#11514 = ORIENTED_EDGE('',*,*,#10408,.F.);
#11515 = ORIENTED_EDGE('',*,*,#11516,.F.);
#11516 = EDGE_CURVE('',#10998,#10401,#11517,.T.);
#11517 = LINE('',#11518,#11519);
#11518 = CARTESIAN_POINT('',(-2.6,2.35,4.4));
#11519 = VECTOR('',#11520,1.);
#11520 = DIRECTION('',(0.,-1.,-2.2E-16));
#11521 = ORIENTED_EDGE('',*,*,#11021,.T.);
#11522 = ORIENTED_EDGE('',*,*,#11523,.F.);
#11523 = EDGE_CURVE('',#10651,#10973,#11524,.T.);
#11524 = LINE('',#11525,#11526);
#11525 = CARTESIAN_POINT('',(-2.6,2.35,4.4));
#11526 = VECTOR('',#11527,1.);
#11527 = DIRECTION('',(0.,-1.,-2.2E-16));
#11528 = PLANE('',#11529);
#11529 = AXIS2_PLACEMENT_3D('',#11530,#11531,#11532);
#11530 = CARTESIAN_POINT('',(-2.6,2.35,4.4));
#11531 = DIRECTION('',(-1.,0.,0.));
#11532 = DIRECTION('',(0.,-1.,0.));
#11533 = ADVANCED_FACE('',(#11534),#11545,.F.);
#11534 = FACE_BOUND('',#11535,.F.);
#11535 = EDGE_LOOP('',(#11536,#11537,#11538,#11544));
#11536 = ORIENTED_EDGE('',*,*,#11516,.T.);
#11537 = ORIENTED_EDGE('',*,*,#10400,.F.);
#11538 = ORIENTED_EDGE('',*,*,#11539,.F.);
#11539 = EDGE_CURVE('',#10950,#10393,#11540,.T.);
#11540 = LINE('',#11541,#11542);
#11541 = CARTESIAN_POINT('',(-1.5,2.35,4.4));
#11542 = VECTOR('',#11543,1.);
#11543 = DIRECTION('',(0.,-1.,-2.2E-16));
#11544 = ORIENTED_EDGE('',*,*,#10997,.T.);
#11545 = PLANE('',#11546);
#11546 = AXIS2_PLACEMENT_3D('',#11547,#11548,#11549);
#11547 = CARTESIAN_POINT('',(0.,-8.881784197001E-16,4.4));
#11548 = DIRECTION('',(0.,-2.2E-16,1.));
#11549 = DIRECTION('',(1.,0.,0.));
#11550 = ADVANCED_FACE('',(#11551),#11569,.T.);
#11551 = FACE_BOUND('',#11552,.T.);
#11552 = EDGE_LOOP('',(#11553,#11554,#11560,#11561,#11562,#11563));
#11553 = ORIENTED_EDGE('',*,*,#10666,.T.);
#11554 = ORIENTED_EDGE('',*,*,#11555,.T.);
#11555 = EDGE_CURVE('',#10667,#10385,#11556,.T.);
#11556 = LINE('',#11557,#11558);
#11557 = CARTESIAN_POINT('',(-1.5,2.35,3.6));
#11558 = VECTOR('',#11559,1.);
#11559 = DIRECTION('',(0.,-1.,-2.2E-16));
#11560 = ORIENTED_EDGE('',*,*,#10392,.F.);
#11561 = ORIENTED_EDGE('',*,*,#11539,.F.);
#11562 = ORIENTED_EDGE('',*,*,#10949,.F.);
#11563 = ORIENTED_EDGE('',*,*,#11564,.F.);
#11564 = EDGE_CURVE('',#10659,#10942,#11565,.T.);
#11565 = LINE('',#11566,#11567);
#11566 = CARTESIAN_POINT('',(-1.5,2.35,4.4));
#11567 = VECTOR('',#11568,1.);
#11568 = DIRECTION('',(0.,-1.,-2.2E-16));
#11569 = PLANE('',#11570);
#11570 = AXIS2_PLACEMENT_3D('',#11571,#11572,#11573);
#11571 = CARTESIAN_POINT('',(-1.5,2.35,4.4));
#11572 = DIRECTION('',(-1.,0.,0.));
#11573 = DIRECTION('',(0.,-1.,0.));
#11574 = ADVANCED_FACE('',(#11575),#11586,.F.);
#11575 = FACE_BOUND('',#11576,.F.);
#11576 = EDGE_LOOP('',(#11577,#11578,#11584,#11585));
#11577 = ORIENTED_EDGE('',*,*,#10384,.T.);
#11578 = ORIENTED_EDGE('',*,*,#11579,.T.);
#11579 = EDGE_CURVE('',#10377,#10675,#11580,.T.);
#11580 = LINE('',#11581,#11582);
#11581 = CARTESIAN_POINT('',(-0.8,-2.35,3.6));
#11582 = VECTOR('',#11583,1.);
#11583 = DIRECTION('',(0.,1.,2.2E-16));
#11584 = ORIENTED_EDGE('',*,*,#10674,.T.);
#11585 = ORIENTED_EDGE('',*,*,#11555,.T.);
#11586 = PLANE('',#11587);
#11587 = AXIS2_PLACEMENT_3D('',#11588,#11589,#11590);
#11588 = CARTESIAN_POINT('',(-2.05,-7.771561172376E-16,3.6));
#11589 = DIRECTION('',(0.,-2.2E-16,1.));
#11590 = DIRECTION('',(1.,0.,0.));
#11591 = ADVANCED_FACE('',(#11592),#11603,.T.);
#11592 = FACE_BOUND('',#11593,.T.);
#11593 = EDGE_LOOP('',(#11594,#11595,#11596,#11597));
#11594 = ORIENTED_EDGE('',*,*,#10376,.T.);
#11595 = ORIENTED_EDGE('',*,*,#11579,.T.);
#11596 = ORIENTED_EDGE('',*,*,#10682,.F.);
#11597 = ORIENTED_EDGE('',*,*,#11598,.F.);
#11598 = EDGE_CURVE('',#10369,#10683,#11599,.T.);
#11599 = LINE('',#11600,#11601);
#11600 = CARTESIAN_POINT('',(-0.8,-2.35,4.4));
#11601 = VECTOR('',#11602,1.);
#11602 = DIRECTION('',(0.,1.,2.2E-16));
#11603 = PLANE('',#11604);
#11604 = AXIS2_PLACEMENT_3D('',#11605,#11606,#11607);
#11605 = CARTESIAN_POINT('',(-0.8,-2.35,4.4));
#11606 = DIRECTION('',(1.,0.,0.));
#11607 = DIRECTION('',(-0.,1.,0.));
#11608 = ADVANCED_FACE('',(#11609),#11615,.F.);
#11609 = FACE_BOUND('',#11610,.F.);
#11610 = EDGE_LOOP('',(#11611,#11612,#11613,#11614));
#11611 = ORIENTED_EDGE('',*,*,#11598,.F.);
#11612 = ORIENTED_EDGE('',*,*,#10368,.F.);
#11613 = ORIENTED_EDGE('',*,*,#10545,.F.);
#11614 = ORIENTED_EDGE('',*,*,#10690,.F.);
#11615 = PLANE('',#11616);
#11616 = AXIS2_PLACEMENT_3D('',#11617,#11618,#11619);
#11617 = CARTESIAN_POINT('',(0.,-8.881784197001E-16,4.4));
#11618 = DIRECTION('',(0.,-2.2E-16,1.));
#11619 = DIRECTION('',(1.,0.,0.));
#11620 = ADVANCED_FACE('',(#11621),#11627,.F.);
#11621 = FACE_BOUND('',#11622,.F.);
#11622 = EDGE_LOOP('',(#11623,#11624,#11625,#11626));
#11623 = ORIENTED_EDGE('',*,*,#10658,.F.);
#11624 = ORIENTED_EDGE('',*,*,#11523,.T.);
#11625 = ORIENTED_EDGE('',*,*,#10980,.T.);
#11626 = ORIENTED_EDGE('',*,*,#11564,.F.);
#11627 = PLANE('',#11628);
#11628 = AXIS2_PLACEMENT_3D('',#11629,#11630,#11631);
#11629 = CARTESIAN_POINT('',(0.,-8.881784197001E-16,4.4));
#11630 = DIRECTION('',(0.,-2.2E-16,1.));
#11631 = DIRECTION('',(1.,0.,0.));
#11632 = ( GEOMETRIC_REPRESENTATION_CONTEXT(3) 
GLOBAL_UNCERTAINTY_ASSIGNED_CONTEXT((#11636)) 
GLOBAL_UNIT_ASSIGNED_CONTEXT((#11633,#11634,#11635)) 
REPRESENTATION_CONTEXT('Context #1',
  '3D Context with UNIT and UNCERTAINTY') );
#11633 = ( LENGTH_UNIT() NAMED_UNIT(*) SI_UNIT(.MILLI.,.METRE.) );
#11634 = ( NAMED_UNIT(*) PLANE_ANGLE_UNIT() SI_UNIT($,.RADIAN.) );
#11635 = ( NAMED_UNIT(*) SI_UNIT($,.STERADIAN.) SOLID_ANGLE_UNIT() );
#11636 = UNCERTAINTY_MEASURE_WITH_UNIT(LENGTH_MEASURE(1.E-07),#11633,
  'distance_accuracy_value','confusion accuracy');
#11637 = CONTEXT_DEPENDENT_SHAPE_REPRESENTATION(#11638,#11640);
#11638 = ( REPRESENTATION_RELATIONSHIP('','',#9883,#8075) 
REPRESENTATION_RELATIONSHIP_WITH_TRANSFORMATION(#11639) 
SHAPE_REPRESENTATION_RELATIONSHIP() );
#11639 = ITEM_DEFINED_TRANSFORMATION('','',#11,#8080);
#11640 = PRODUCT_DEFINITION_SHAPE('Placement','Placement of an item',
  #11641);
#11641 = NEXT_ASSEMBLY_USAGE_OCCURRENCE('11','Top001','',#8070,#9878,$);
#11642 = PRODUCT_RELATED_PRODUCT_CATEGORY('part',$,(#9880));
#11643 = SHAPE_DEFINITION_REPRESENTATION(#11644,#11650);
#11644 = PRODUCT_DEFINITION_SHAPE('','',#11645);
#11645 = PRODUCT_DEFINITION('design','',#11646,#11649);
#11646 = PRODUCT_DEFINITION_FORMATION('','',#11647);
#11647 = PRODUCT('Plunger001','Plunger001','',(#11648));
#11648 = PRODUCT_CONTEXT('',#2,'mechanical');
#11649 = PRODUCT_DEFINITION_CONTEXT('part definition',#2,'design');
#11650 = ADVANCED_BREP_SHAPE_REPRESENTATION('',(#11,#11651),#11803);
#11651 = MANIFOLD_SOLID_BREP('',#11652);
#11652 = CLOSED_SHELL('',(#11653,#11693,#11724,#11755,#11779,#11791));
#11653 = ADVANCED_FACE('',(#11654),#11688,.F.);
#11654 = FACE_BOUND('',#11655,.F.);
#11655 = EDGE_LOOP('',(#11656,#11666,#11674,#11682));
#11656 = ORIENTED_EDGE('',*,*,#11657,.T.);
#11657 = EDGE_CURVE('',#11658,#11660,#11662,.T.);
#11658 = VERTEX_POINT('',#11659);
#11659 = CARTESIAN_POINT('',(-2.55,1.45,5.056974));
#11660 = VERTEX_POINT('',#11661);
#11661 = CARTESIAN_POINT('',(-2.55,-1.45,5.056974));
#11662 = LINE('',#11663,#11664);
#11663 = CARTESIAN_POINT('',(-2.55,1.45,5.056974));
#11664 = VECTOR('',#11665,1.);
#11665 = DIRECTION('',(0.,-1.,2.2E-16));
#11666 = ORIENTED_EDGE('',*,*,#11667,.T.);
#11667 = EDGE_CURVE('',#11660,#11668,#11670,.T.);
#11668 = VERTEX_POINT('',#11669);
#11669 = CARTESIAN_POINT('',(-2.55,-1.45,2.256974));
#11670 = LINE('',#11671,#11672);
#11671 = CARTESIAN_POINT('',(-2.55,-1.45,5.056974));
#11672 = VECTOR('',#11673,1.);
#11673 = DIRECTION('',(0.,2.2E-16,-1.));
#11674 = ORIENTED_EDGE('',*,*,#11675,.F.);
#11675 = EDGE_CURVE('',#11676,#11668,#11678,.T.);
#11676 = VERTEX_POINT('',#11677);
#11677 = CARTESIAN_POINT('',(-2.55,1.45,2.256974));
#11678 = LINE('',#11679,#11680);
#11679 = CARTESIAN_POINT('',(-2.55,1.45,2.256974));
#11680 = VECTOR('',#11681,1.);
#11681 = DIRECTION('',(0.,-1.,2.2E-16));
#11682 = ORIENTED_EDGE('',*,*,#11683,.F.);
#11683 = EDGE_CURVE('',#11658,#11676,#11684,.T.);
#11684 = LINE('',#11685,#11686);
#11685 = CARTESIAN_POINT('',(-2.55,1.45,5.056974));
#11686 = VECTOR('',#11687,1.);
#11687 = DIRECTION('',(0.,2.2E-16,-1.));
#11688 = PLANE('',#11689);
#11689 = AXIS2_PLACEMENT_3D('',#11690,#11691,#11692);
#11690 = CARTESIAN_POINT('',(-2.55,1.45,5.056974));
#11691 = DIRECTION('',(1.,0.,0.));
#11692 = DIRECTION('',(0.,-2.2E-16,-1.));
#11693 = ADVANCED_FACE('',(#11694),#11719,.F.);
#11694 = FACE_BOUND('',#11695,.F.);
#11695 = EDGE_LOOP('',(#11696,#11697,#11705,#11713));
#11696 = ORIENTED_EDGE('',*,*,#11675,.T.);
#11697 = ORIENTED_EDGE('',*,*,#11698,.T.);
#11698 = EDGE_CURVE('',#11668,#11699,#11701,.T.);
#11699 = VERTEX_POINT('',#11700);
#11700 = CARTESIAN_POINT('',(-1.55,-1.45,2.256974));
#11701 = LINE('',#11702,#11703);
#11702 = CARTESIAN_POINT('',(-2.55,-1.45,2.256974));
#11703 = VECTOR('',#11704,1.);
#11704 = DIRECTION('',(1.,0.,0.));
#11705 = ORIENTED_EDGE('',*,*,#11706,.F.);
#11706 = EDGE_CURVE('',#11707,#11699,#11709,.T.);
#11707 = VERTEX_POINT('',#11708);
#11708 = CARTESIAN_POINT('',(-1.55,1.45,2.256974));
#11709 = LINE('',#11710,#11711);
#11710 = CARTESIAN_POINT('',(-1.55,1.45,2.256974));
#11711 = VECTOR('',#11712,1.);
#11712 = DIRECTION('',(0.,-1.,2.2E-16));
#11713 = ORIENTED_EDGE('',*,*,#11714,.F.);
#11714 = EDGE_CURVE('',#11676,#11707,#11715,.T.);
#11715 = LINE('',#11716,#11717);
#11716 = CARTESIAN_POINT('',(-2.55,1.45,2.256974));
#11717 = VECTOR('',#11718,1.);
#11718 = DIRECTION('',(1.,0.,0.));
#11719 = PLANE('',#11720);
#11720 = AXIS2_PLACEMENT_3D('',#11721,#11722,#11723);
#11721 = CARTESIAN_POINT('',(-2.55,1.45,2.256974));
#11722 = DIRECTION('',(0.,2.2E-16,1.));
#11723 = DIRECTION('',(1.,0.,-0.));
#11724 = ADVANCED_FACE('',(#11725),#11750,.F.);
#11725 = FACE_BOUND('',#11726,.F.);
#11726 = EDGE_LOOP('',(#11727,#11728,#11736,#11744));
#11727 = ORIENTED_EDGE('',*,*,#11706,.T.);
#11728 = ORIENTED_EDGE('',*,*,#11729,.T.);
#11729 = EDGE_CURVE('',#11699,#11730,#11732,.T.);
#11730 = VERTEX_POINT('',#11731);
#11731 = CARTESIAN_POINT('',(-1.55,-1.45,5.056974));
#11732 = LINE('',#11733,#11734);
#11733 = CARTESIAN_POINT('',(-1.55,-1.45,2.256974));
#11734 = VECTOR('',#11735,1.);
#11735 = DIRECTION('',(0.,-2.2E-16,1.));
#11736 = ORIENTED_EDGE('',*,*,#11737,.F.);
#11737 = EDGE_CURVE('',#11738,#11730,#11740,.T.);
#11738 = VERTEX_POINT('',#11739);
#11739 = CARTESIAN_POINT('',(-1.55,1.45,5.056974));
#11740 = LINE('',#11741,#11742);
#11741 = CARTESIAN_POINT('',(-1.55,1.45,5.056974));
#11742 = VECTOR('',#11743,1.);
#11743 = DIRECTION('',(0.,-1.,2.2E-16));
#11744 = ORIENTED_EDGE('',*,*,#11745,.F.);
#11745 = EDGE_CURVE('',#11707,#11738,#11746,.T.);
#11746 = LINE('',#11747,#11748);
#11747 = CARTESIAN_POINT('',(-1.55,1.45,2.256974));
#11748 = VECTOR('',#11749,1.);
#11749 = DIRECTION('',(0.,-2.2E-16,1.));
#11750 = PLANE('',#11751);
#11751 = AXIS2_PLACEMENT_3D('',#11752,#11753,#11754);
#11752 = CARTESIAN_POINT('',(-1.55,1.45,2.256974));
#11753 = DIRECTION('',(-1.,-0.,0.));
#11754 = DIRECTION('',(0.,2.2E-16,1.));
#11755 = ADVANCED_FACE('',(#11756),#11774,.T.);
#11756 = FACE_BOUND('',#11757,.T.);
#11757 = EDGE_LOOP('',(#11758,#11765,#11766,#11773));
#11758 = ORIENTED_EDGE('',*,*,#11759,.T.);
#11759 = EDGE_CURVE('',#11738,#11658,#11760,.T.);
#11760 = CIRCLE('',#11761,0.5);
#11761 = AXIS2_PLACEMENT_3D('',#11762,#11763,#11764);
#11762 = CARTESIAN_POINT('',(-2.05,1.45,5.056974));
#11763 = DIRECTION('',(0.,-1.,-2.2E-16));
#11764 = DIRECTION('',(1.,0.,0.));
#11765 = ORIENTED_EDGE('',*,*,#11657,.T.);
#11766 = ORIENTED_EDGE('',*,*,#11767,.F.);
#11767 = EDGE_CURVE('',#11730,#11660,#11768,.T.);
#11768 = CIRCLE('',#11769,0.5);
#11769 = AXIS2_PLACEMENT_3D('',#11770,#11771,#11772);
#11770 = CARTESIAN_POINT('',(-2.05,-1.45,5.056974));
#11771 = DIRECTION('',(0.,-1.,-2.2E-16));
#11772 = DIRECTION('',(1.,0.,0.));
#11773 = ORIENTED_EDGE('',*,*,#11737,.F.);
#11774 = CYLINDRICAL_SURFACE('',#11775,0.5);
#11775 = AXIS2_PLACEMENT_3D('',#11776,#11777,#11778);
#11776 = CARTESIAN_POINT('',(-2.05,1.45,5.056974));
#11777 = DIRECTION('',(0.,1.,-2.2E-16));
#11778 = DIRECTION('',(1.,0.,0.));
#11779 = ADVANCED_FACE('',(#11780),#11786,.T.);
#11780 = FACE_BOUND('',#11781,.F.);
#11781 = EDGE_LOOP('',(#11782,#11783,#11784,#11785));
#11782 = ORIENTED_EDGE('',*,*,#11683,.T.);
#11783 = ORIENTED_EDGE('',*,*,#11714,.T.);
#11784 = ORIENTED_EDGE('',*,*,#11745,.T.);
#11785 = ORIENTED_EDGE('',*,*,#11759,.T.);
#11786 = PLANE('',#11787);
#11787 = AXIS2_PLACEMENT_3D('',#11788,#11789,#11790);
#11788 = CARTESIAN_POINT('',(-2.05,1.45,3.796852111345));
#11789 = DIRECTION('',(0.,1.,2.2E-16));
#11790 = DIRECTION('',(0.,-2.2E-16,1.));
#11791 = ADVANCED_FACE('',(#11792),#11798,.F.);
#11792 = FACE_BOUND('',#11793,.T.);
#11793 = EDGE_LOOP('',(#11794,#11795,#11796,#11797));
#11794 = ORIENTED_EDGE('',*,*,#11667,.T.);
#11795 = ORIENTED_EDGE('',*,*,#11698,.T.);
#11796 = ORIENTED_EDGE('',*,*,#11729,.T.);
#11797 = ORIENTED_EDGE('',*,*,#11767,.T.);
#11798 = PLANE('',#11799);
#11799 = AXIS2_PLACEMENT_3D('',#11800,#11801,#11802);
#11800 = CARTESIAN_POINT('',(-2.05,-1.45,3.796852111345));
#11801 = DIRECTION('',(0.,1.,2.2E-16));
#11802 = DIRECTION('',(0.,-2.2E-16,1.));
#11803 = ( GEOMETRIC_REPRESENTATION_CONTEXT(3) 
GLOBAL_UNCERTAINTY_ASSIGNED_CONTEXT((#11807)) 
GLOBAL_UNIT_ASSIGNED_CONTEXT((#11804,#11805,#11806)) 
REPRESENTATION_CONTEXT('Context #1',
  '3D Context with UNIT and UNCERTAINTY') );
#11804 = ( LENGTH_UNIT() NAMED_UNIT(*) SI_UNIT(.MILLI.,.METRE.) );
#11805 = ( NAMED_UNIT(*) PLANE_ANGLE_UNIT() SI_UNIT($,.RADIAN.) );
#11806 = ( NAMED_UNIT(*) SI_UNIT($,.STERADIAN.) SOLID_ANGLE_UNIT() );
#11807 = UNCERTAINTY_MEASURE_WITH_UNIT(LENGTH_MEASURE(1.E-07),#11804,
  'distance_accuracy_value','confusion accuracy');
#11808 = CONTEXT_DEPENDENT_SHAPE_REPRESENTATION(#11809,#11811);
#11809 = ( REPRESENTATION_RELATIONSHIP('','',#11650,#8075) 
REPRESENTATION_RELATIONSHIP_WITH_TRANSFORMATION(#11810) 
SHAPE_REPRESENTATION_RELATIONSHIP() );
#11810 = ITEM_DEFINED_TRANSFORMATION('','',#11,#8084);
#11811 = PRODUCT_DEFINITION_SHAPE('Placement','Placement of an item',
  #11812);
#11812 = NEXT_ASSEMBLY_USAGE_OCCURRENCE('12','Plunger001','',#8070,
  #11645,$);
#11813 = PRODUCT_RELATED_PRODUCT_CATEGORY('part',$,(#11647));
#11814 = SHAPE_DEFINITION_REPRESENTATION(#11815,#11821);
#11815 = PRODUCT_DEFINITION_SHAPE('','',#11816);
#11816 = PRODUCT_DEFINITION('design','',#11817,#11820);
#11817 = PRODUCT_DEFINITION_FORMATION('','',#11818);
#11818 = PRODUCT('Lever_16U001','Lever_16U001','',(#11819));
#11819 = PRODUCT_CONTEXT('',#2,'mechanical');
#11820 = PRODUCT_DEFINITION_CONTEXT('part definition',#2,'design');
#11821 = ADVANCED_BREP_SHAPE_REPRESENTATION('',(#11,#11822),#12506);
#11822 = MANIFOLD_SOLID_BREP('',#11823);
#11823 = CLOSED_SHELL('',(#11824,#11864,#11897,#11930,#11995,#12060,
    #12077,#12094,#12144,#12175,#12225,#12256,#12294,#12311,#12344,
    #12375,#12406,#12425,#12444,#12463,#12482,#12494));
#11824 = ADVANCED_FACE('',(#11825),#11859,.F.);
#11825 = FACE_BOUND('',#11826,.F.);
#11826 = EDGE_LOOP('',(#11827,#11837,#11845,#11853));
#11827 = ORIENTED_EDGE('',*,*,#11828,.T.);
#11828 = EDGE_CURVE('',#11829,#11831,#11833,.T.);
#11829 = VERTEX_POINT('',#11830);
#11830 = CARTESIAN_POINT('',(9.596282523842,1.85,10.082978238294));
#11831 = VERTEX_POINT('',#11832);
#11832 = CARTESIAN_POINT('',(9.596282523842,-1.85,10.082978238294));
#11833 = LINE('',#11834,#11835);
#11834 = CARTESIAN_POINT('',(9.596282523842,1.85,10.082978238294));
#11835 = VECTOR('',#11836,1.);
#11836 = DIRECTION('',(0.,-1.,2.22044604925E-16));
#11837 = ORIENTED_EDGE('',*,*,#11838,.T.);
#11838 = EDGE_CURVE('',#11831,#11839,#11841,.T.);
#11839 = VERTEX_POINT('',#11840);
#11840 = CARTESIAN_POINT('',(9.888748927004,-1.85,10.016169533612));
#11841 = LINE('',#11842,#11843);
#11842 = CARTESIAN_POINT('',(9.596282523842,-1.85,10.082978238294));
#11843 = VECTOR('',#11844,1.);
#11844 = DIRECTION('',(0.974888010541,-4.944837478881E-17,
    -0.222695682273));
#11845 = ORIENTED_EDGE('',*,*,#11846,.F.);
#11846 = EDGE_CURVE('',#11847,#11839,#11849,.T.);
#11847 = VERTEX_POINT('',#11848);
#11848 = CARTESIAN_POINT('',(9.888748927004,1.85,10.016169533612));
#11849 = LINE('',#11850,#11851);
#11850 = CARTESIAN_POINT('',(9.888748927004,1.85,10.016169533612));
#11851 = VECTOR('',#11852,1.);
#11852 = DIRECTION('',(0.,-1.,2.22044604925E-16));
#11853 = ORIENTED_EDGE('',*,*,#11854,.F.);
#11854 = EDGE_CURVE('',#11829,#11847,#11855,.T.);
#11855 = LINE('',#11856,#11857);
#11856 = CARTESIAN_POINT('',(9.596282523842,1.85,10.082978238294));
#11857 = VECTOR('',#11858,1.);
#11858 = DIRECTION('',(0.974888010541,-4.944837478881E-17,
    -0.222695682273));
#11859 = PLANE('',#11860);
#11860 = AXIS2_PLACEMENT_3D('',#11861,#11862,#11863);
#11861 = CARTESIAN_POINT('',(9.596282523842,1.85,10.082978238294));
#11862 = DIRECTION('',(0.222695682273,2.164686231468E-16,0.974888010541)
  );
#11863 = DIRECTION('',(0.974888010541,-4.944837478881E-17,
    -0.222695682273));
#11864 = ADVANCED_FACE('',(#11865),#11892,.F.);
#11865 = FACE_BOUND('',#11866,.F.);
#11866 = EDGE_LOOP('',(#11867,#11876,#11884,#11891));
#11867 = ORIENTED_EDGE('',*,*,#11868,.T.);
#11868 = EDGE_CURVE('',#11829,#11869,#11871,.T.);
#11869 = VERTEX_POINT('',#11870);
#11870 = CARTESIAN_POINT('',(8.133950508031,1.85,10.417021761705));
#11871 = CIRCLE('',#11872,0.75);
#11872 = AXIS2_PLACEMENT_3D('',#11873,#11874,#11875);
#11873 = CARTESIAN_POINT('',(8.865116515936,1.85,10.25));
#11874 = DIRECTION('',(0.,-1.,2.22044604925E-16));
#11875 = DIRECTION('',(1.,0.,0.));
#11876 = ORIENTED_EDGE('',*,*,#11877,.T.);
#11877 = EDGE_CURVE('',#11869,#11878,#11880,.T.);
#11878 = VERTEX_POINT('',#11879);
#11879 = CARTESIAN_POINT('',(8.133950508031,-1.85,10.417021761705));
#11880 = LINE('',#11881,#11882);
#11881 = CARTESIAN_POINT('',(8.133950508031,1.85,10.417021761705));
#11882 = VECTOR('',#11883,1.);
#11883 = DIRECTION('',(0.,-1.,2.22044604925E-16));
#11884 = ORIENTED_EDGE('',*,*,#11885,.F.);
#11885 = EDGE_CURVE('',#11831,#11878,#11886,.T.);
#11886 = CIRCLE('',#11887,0.75);
#11887 = AXIS2_PLACEMENT_3D('',#11888,#11889,#11890);
#11888 = CARTESIAN_POINT('',(8.865116515936,-1.85,10.25));
#11889 = DIRECTION('',(0.,-1.,2.22044604925E-16));
#11890 = DIRECTION('',(1.,0.,0.));
#11891 = ORIENTED_EDGE('',*,*,#11828,.F.);
#11892 = CYLINDRICAL_SURFACE('',#11893,0.75);
#11893 = AXIS2_PLACEMENT_3D('',#11894,#11895,#11896);
#11894 = CARTESIAN_POINT('',(8.865116515936,1.85,10.25));
#11895 = DIRECTION('',(0.,1.,-2.22044604925E-16));
#11896 = DIRECTION('',(1.,0.,0.));
#11897 = ADVANCED_FACE('',(#11898),#11925,.T.);
#11898 = FACE_BOUND('',#11899,.T.);
#11899 = EDGE_LOOP('',(#11900,#11909,#11917,#11924));
#11900 = ORIENTED_EDGE('',*,*,#11901,.T.);
#11901 = EDGE_CURVE('',#11847,#11902,#11904,.T.);
#11902 = VERTEX_POINT('',#11903);
#11903 = CARTESIAN_POINT('',(7.841484104868,1.85,10.483830466388));
#11904 = CIRCLE('',#11905,1.05);
#11905 = AXIS2_PLACEMENT_3D('',#11906,#11907,#11908);
#11906 = CARTESIAN_POINT('',(8.865116515936,1.85,10.25));
#11907 = DIRECTION('',(0.,-1.,2.22044604925E-16));
#11908 = DIRECTION('',(1.,0.,0.));
#11909 = ORIENTED_EDGE('',*,*,#11910,.T.);
#11910 = EDGE_CURVE('',#11902,#11911,#11913,.T.);
#11911 = VERTEX_POINT('',#11912);
#11912 = CARTESIAN_POINT('',(7.841484104868,-1.85,10.483830466388));
#11913 = LINE('',#11914,#11915);
#11914 = CARTESIAN_POINT('',(7.841484104868,1.85,10.483830466388));
#11915 = VECTOR('',#11916,1.);
#11916 = DIRECTION('',(0.,-1.,2.22044604925E-16));
#11917 = ORIENTED_EDGE('',*,*,#11918,.F.);
#11918 = EDGE_CURVE('',#11839,#11911,#11919,.T.);
#11919 = CIRCLE('',#11920,1.05);
#11920 = AXIS2_PLACEMENT_3D('',#11921,#11922,#11923);
#11921 = CARTESIAN_POINT('',(8.865116515936,-1.85,10.25));
#11922 = DIRECTION('',(0.,-1.,2.22044604925E-16));
#11923 = DIRECTION('',(1.,0.,0.));
#11924 = ORIENTED_EDGE('',*,*,#11846,.F.);
#11925 = CYLINDRICAL_SURFACE('',#11926,1.05);
#11926 = AXIS2_PLACEMENT_3D('',#11927,#11928,#11929);
#11927 = CARTESIAN_POINT('',(8.865116515936,1.85,10.25));
#11928 = DIRECTION('',(0.,1.,-2.22044604925E-16));
#11929 = DIRECTION('',(1.,0.,0.));
#11930 = ADVANCED_FACE('',(#11931),#11990,.T.);
#11931 = FACE_BOUND('',#11932,.T.);
#11932 = EDGE_LOOP('',(#11933,#11934,#11935,#11943,#11951,#11959,#11967,
    #11975,#11983,#11989));
#11933 = ORIENTED_EDGE('',*,*,#11854,.F.);
#11934 = ORIENTED_EDGE('',*,*,#11868,.T.);
#11935 = ORIENTED_EDGE('',*,*,#11936,.T.);
#11936 = EDGE_CURVE('',#11869,#11937,#11939,.T.);
#11937 = VERTEX_POINT('',#11938);
#11938 = CARTESIAN_POINT('',(7.817008881552,1.85,9.02955619193));
#11939 = LINE('',#11940,#11941);
#11940 = CARTESIAN_POINT('',(8.133950508031,1.85,10.417021761705));
#11941 = VECTOR('',#11942,1.);
#11942 = DIRECTION('',(-0.222695682276,-2.164686231465E-16,
    -0.974888010541));
#11943 = ORIENTED_EDGE('',*,*,#11944,.F.);
#11944 = EDGE_CURVE('',#11945,#11937,#11947,.T.);
#11945 = VERTEX_POINT('',#11946);
#11946 = CARTESIAN_POINT('',(-5.,1.85,5.078548389109));
#11947 = LINE('',#11948,#11949);
#11948 = CARTESIAN_POINT('',(-5.,1.85,5.078548389109));
#11949 = VECTOR('',#11950,1.);
#11950 = DIRECTION('',(0.95562562411,6.541076283034E-17,0.294583887109)
  );
#11951 = ORIENTED_EDGE('',*,*,#11952,.F.);
#11952 = EDGE_CURVE('',#11953,#11945,#11955,.T.);
#11953 = VERTEX_POINT('',#11954);
#11954 = CARTESIAN_POINT('',(-5.,1.85,4.55));
#11955 = LINE('',#11956,#11957);
#11956 = CARTESIAN_POINT('',(-5.,1.85,3.85));
#11957 = VECTOR('',#11958,1.);
#11958 = DIRECTION('',(0.,2.22044604925E-16,1.));
#11959 = ORIENTED_EDGE('',*,*,#11960,.F.);
#11960 = EDGE_CURVE('',#11961,#11953,#11963,.T.);
#11961 = VERTEX_POINT('',#11962);
#11962 = CARTESIAN_POINT('',(-5.3,1.85,4.55));
#11963 = LINE('',#11964,#11965);
#11964 = CARTESIAN_POINT('',(-5.3,1.85,4.55));
#11965 = VECTOR('',#11966,1.);
#11966 = DIRECTION('',(1.,0.,0.));
#11967 = ORIENTED_EDGE('',*,*,#11968,.F.);
#11968 = EDGE_CURVE('',#11969,#11961,#11971,.T.);
#11969 = VERTEX_POINT('',#11970);
#11970 = CARTESIAN_POINT('',(-5.3,1.85,5.3));
#11971 = LINE('',#11972,#11973);
#11972 = CARTESIAN_POINT('',(-5.3,1.85,5.3));
#11973 = VECTOR('',#11974,1.);
#11974 = DIRECTION('',(0.,-2.22044604925E-16,-1.));
#11975 = ORIENTED_EDGE('',*,*,#11976,.T.);
#11976 = EDGE_CURVE('',#11969,#11977,#11979,.T.);
#11977 = VERTEX_POINT('',#11978);
#11978 = CARTESIAN_POINT('',(7.563114502027,1.85,9.265220453211));
#11979 = LINE('',#11980,#11981);
#11980 = CARTESIAN_POINT('',(-5.3,1.85,5.3));
#11981 = VECTOR('',#11982,1.);
#11982 = DIRECTION('',(0.95562562411,6.541076283038E-17,0.294583887109)
  );
#11983 = ORIENTED_EDGE('',*,*,#11984,.F.);
#11984 = EDGE_CURVE('',#11902,#11977,#11985,.T.);
#11985 = LINE('',#11986,#11987);
#11986 = CARTESIAN_POINT('',(7.841484104868,1.85,10.483830466388));
#11987 = VECTOR('',#11988,1.);
#11988 = DIRECTION('',(-0.222695682273,-2.164686231467E-16,
    -0.974888010541));
#11989 = ORIENTED_EDGE('',*,*,#11901,.F.);
#11990 = PLANE('',#11991);
#11991 = AXIS2_PLACEMENT_3D('',#11992,#11993,#11994);
#11992 = CARTESIAN_POINT('',(2.384994137479,1.85,7.672288270412));
#11993 = DIRECTION('',(0.,1.,0.));
#11994 = DIRECTION('',(0.,-0.,1.));
#11995 = ADVANCED_FACE('',(#11996),#12055,.F.);
#11996 = FACE_BOUND('',#11997,.F.);
#11997 = EDGE_LOOP('',(#11998,#11999,#12000,#12008,#12016,#12024,#12032,
    #12040,#12048,#12054));
#11998 = ORIENTED_EDGE('',*,*,#11838,.F.);
#11999 = ORIENTED_EDGE('',*,*,#11885,.T.);
#12000 = ORIENTED_EDGE('',*,*,#12001,.T.);
#12001 = EDGE_CURVE('',#11878,#12002,#12004,.T.);
#12002 = VERTEX_POINT('',#12003);
#12003 = CARTESIAN_POINT('',(7.817008881552,-1.85,9.02955619193));
#12004 = LINE('',#12005,#12006);
#12005 = CARTESIAN_POINT('',(8.133950508031,-1.85,10.417021761705));
#12006 = VECTOR('',#12007,1.);
#12007 = DIRECTION('',(-0.222695682276,-2.164686231465E-16,
    -0.974888010541));
#12008 = ORIENTED_EDGE('',*,*,#12009,.F.);
#12009 = EDGE_CURVE('',#12010,#12002,#12012,.T.);
#12010 = VERTEX_POINT('',#12011);
#12011 = CARTESIAN_POINT('',(-5.,-1.85,5.078548389109));
#12012 = LINE('',#12013,#12014);
#12013 = CARTESIAN_POINT('',(-5.,-1.85,5.078548389109));
#12014 = VECTOR('',#12015,1.);
#12015 = DIRECTION('',(0.95562562411,6.541076283034E-17,0.294583887109)
  );
#12016 = ORIENTED_EDGE('',*,*,#12017,.F.);
#12017 = EDGE_CURVE('',#12018,#12010,#12020,.T.);
#12018 = VERTEX_POINT('',#12019);
#12019 = CARTESIAN_POINT('',(-5.,-1.85,4.55));
#12020 = LINE('',#12021,#12022);
#12021 = CARTESIAN_POINT('',(-5.,-1.85,3.85));
#12022 = VECTOR('',#12023,1.);
#12023 = DIRECTION('',(0.,2.22044604925E-16,1.));
#12024 = ORIENTED_EDGE('',*,*,#12025,.F.);
#12025 = EDGE_CURVE('',#12026,#12018,#12028,.T.);
#12026 = VERTEX_POINT('',#12027);
#12027 = CARTESIAN_POINT('',(-5.3,-1.85,4.55));
#12028 = LINE('',#12029,#12030);
#12029 = CARTESIAN_POINT('',(-5.3,-1.85,4.55));
#12030 = VECTOR('',#12031,1.);
#12031 = DIRECTION('',(1.,0.,0.));
#12032 = ORIENTED_EDGE('',*,*,#12033,.F.);
#12033 = EDGE_CURVE('',#12034,#12026,#12036,.T.);
#12034 = VERTEX_POINT('',#12035);
#12035 = CARTESIAN_POINT('',(-5.3,-1.85,5.3));
#12036 = LINE('',#12037,#12038);
#12037 = CARTESIAN_POINT('',(-5.3,-1.85,5.3));
#12038 = VECTOR('',#12039,1.);
#12039 = DIRECTION('',(0.,-2.22044604925E-16,-1.));
#12040 = ORIENTED_EDGE('',*,*,#12041,.T.);
#12041 = EDGE_CURVE('',#12034,#12042,#12044,.T.);
#12042 = VERTEX_POINT('',#12043);
#12043 = CARTESIAN_POINT('',(7.563114502027,-1.85,9.265220453211));
#12044 = LINE('',#12045,#12046);
#12045 = CARTESIAN_POINT('',(-5.3,-1.85,5.3));
#12046 = VECTOR('',#12047,1.);
#12047 = DIRECTION('',(0.95562562411,6.541076283038E-17,0.294583887109)
  );
#12048 = ORIENTED_EDGE('',*,*,#12049,.F.);
#12049 = EDGE_CURVE('',#11911,#12042,#12050,.T.);
#12050 = LINE('',#12051,#12052);
#12051 = CARTESIAN_POINT('',(7.841484104868,-1.85,10.483830466388));
#12052 = VECTOR('',#12053,1.);
#12053 = DIRECTION('',(-0.222695682273,-2.164686231467E-16,
    -0.974888010541));
#12054 = ORIENTED_EDGE('',*,*,#11918,.F.);
#12055 = PLANE('',#12056);
#12056 = AXIS2_PLACEMENT_3D('',#12057,#12058,#12059);
#12057 = CARTESIAN_POINT('',(2.384994137479,-1.85,7.672288270412));
#12058 = DIRECTION('',(0.,1.,0.));
#12059 = DIRECTION('',(0.,-0.,1.));
#12060 = ADVANCED_FACE('',(#12061),#12072,.T.);
#12061 = FACE_BOUND('',#12062,.T.);
#12062 = EDGE_LOOP('',(#12063,#12064,#12065,#12071));
#12063 = ORIENTED_EDGE('',*,*,#11877,.T.);
#12064 = ORIENTED_EDGE('',*,*,#12001,.T.);
#12065 = ORIENTED_EDGE('',*,*,#12066,.F.);
#12066 = EDGE_CURVE('',#11937,#12002,#12067,.T.);
#12067 = LINE('',#12068,#12069);
#12068 = CARTESIAN_POINT('',(7.817008881552,1.85,9.02955619193));
#12069 = VECTOR('',#12070,1.);
#12070 = DIRECTION('',(0.,-1.,2.22044604925E-16));
#12071 = ORIENTED_EDGE('',*,*,#11936,.F.);
#12072 = PLANE('',#12073);
#12073 = AXIS2_PLACEMENT_3D('',#12074,#12075,#12076);
#12074 = CARTESIAN_POINT('',(8.133950508031,1.85,10.417021761705));
#12075 = DIRECTION('',(0.974888010541,-4.944837478937E-17,
    -0.222695682276));
#12076 = DIRECTION('',(-0.222695682276,-2.164686231465E-16,
    -0.974888010541));
#12077 = ADVANCED_FACE('',(#12078),#12089,.F.);
#12078 = FACE_BOUND('',#12079,.F.);
#12079 = EDGE_LOOP('',(#12080,#12081,#12082,#12088));
#12080 = ORIENTED_EDGE('',*,*,#11910,.T.);
#12081 = ORIENTED_EDGE('',*,*,#12049,.T.);
#12082 = ORIENTED_EDGE('',*,*,#12083,.F.);
#12083 = EDGE_CURVE('',#11977,#12042,#12084,.T.);
#12084 = LINE('',#12085,#12086);
#12085 = CARTESIAN_POINT('',(7.563114502027,1.85,9.265220453211));
#12086 = VECTOR('',#12087,1.);
#12087 = DIRECTION('',(0.,-1.,2.22044604925E-16));
#12088 = ORIENTED_EDGE('',*,*,#11984,.F.);
#12089 = PLANE('',#12090);
#12090 = AXIS2_PLACEMENT_3D('',#12091,#12092,#12093);
#12091 = CARTESIAN_POINT('',(7.841484104868,1.85,10.483830466388));
#12092 = DIRECTION('',(0.974888010541,-4.944837478893E-17,
    -0.222695682273));
#12093 = DIRECTION('',(-0.222695682273,-2.164686231467E-16,
    -0.974888010541));
#12094 = ADVANCED_FACE('',(#12095),#12139,.T.);
#12095 = FACE_BOUND('',#12096,.T.);
#12096 = EDGE_LOOP('',(#12097,#12098,#12106,#12114,#12123,#12131,#12137,
    #12138));
#12097 = ORIENTED_EDGE('',*,*,#11976,.F.);
#12098 = ORIENTED_EDGE('',*,*,#12099,.T.);
#12099 = EDGE_CURVE('',#11969,#12100,#12102,.T.);
#12100 = VERTEX_POINT('',#12101);
#12101 = CARTESIAN_POINT('',(-5.3,0.35,5.3));
#12102 = LINE('',#12103,#12104);
#12103 = CARTESIAN_POINT('',(-5.3,1.85,5.3));
#12104 = VECTOR('',#12105,1.);
#12105 = DIRECTION('',(0.,-1.,2.22044604925E-16));
#12106 = ORIENTED_EDGE('',*,*,#12107,.F.);
#12107 = EDGE_CURVE('',#12108,#12100,#12110,.T.);
#12108 = VERTEX_POINT('',#12109);
#12109 = CARTESIAN_POINT('',(2.7,0.35,7.766102872729));
#12110 = LINE('',#12111,#12112);
#12111 = CARTESIAN_POINT('',(-5.504096135454,0.35,5.237084741755));
#12112 = VECTOR('',#12113,1.);
#12113 = DIRECTION('',(-0.95562562411,0.,-0.294583887109));
#12114 = ORIENTED_EDGE('',*,*,#12115,.F.);
#12115 = EDGE_CURVE('',#12116,#12108,#12118,.T.);
#12116 = VERTEX_POINT('',#12117);
#12117 = CARTESIAN_POINT('',(2.7,-0.35,7.766102872729));
#12118 = ELLIPSE('',#12119,0.366252213387,0.35);
#12119 = AXIS2_PLACEMENT_3D('',#12120,#12121,#12122);
#12120 = CARTESIAN_POINT('',(2.7,8.548717289614E-16,7.766102872729));
#12121 = DIRECTION('',(-0.294583887109,2.121915141618E-16,0.95562562411)
  );
#12122 = DIRECTION('',(-0.95562562411,6.883460264639E-16,-0.294583887109
    ));
#12123 = ORIENTED_EDGE('',*,*,#12124,.F.);
#12124 = EDGE_CURVE('',#12125,#12116,#12127,.T.);
#12125 = VERTEX_POINT('',#12126);
#12126 = CARTESIAN_POINT('',(-5.3,-0.35,5.3));
#12127 = LINE('',#12128,#12129);
#12128 = CARTESIAN_POINT('',(-1.851214801631,-0.35,6.36313238564));
#12129 = VECTOR('',#12130,1.);
#12130 = DIRECTION('',(0.95562562411,0.,0.294583887109));
#12131 = ORIENTED_EDGE('',*,*,#12132,.T.);
#12132 = EDGE_CURVE('',#12125,#12034,#12133,.T.);
#12133 = LINE('',#12134,#12135);
#12134 = CARTESIAN_POINT('',(-5.3,1.85,5.3));
#12135 = VECTOR('',#12136,1.);
#12136 = DIRECTION('',(0.,-1.,2.22044604925E-16));
#12137 = ORIENTED_EDGE('',*,*,#12041,.T.);
#12138 = ORIENTED_EDGE('',*,*,#12083,.F.);
#12139 = PLANE('',#12140);
#12140 = AXIS2_PLACEMENT_3D('',#12141,#12142,#12143);
#12141 = CARTESIAN_POINT('',(-5.3,1.85,5.3));
#12142 = DIRECTION('',(-0.294583887109,2.121915141618E-16,0.95562562411)
  );
#12143 = DIRECTION('',(0.95562562411,6.541076283038E-17,0.294583887109)
  );
#12144 = ADVANCED_FACE('',(#12145),#12170,.F.);
#12145 = FACE_BOUND('',#12146,.F.);
#12146 = EDGE_LOOP('',(#12147,#12155,#12163,#12169));
#12147 = ORIENTED_EDGE('',*,*,#12148,.T.);
#12148 = EDGE_CURVE('',#11961,#12149,#12151,.T.);
#12149 = VERTEX_POINT('',#12150);
#12150 = CARTESIAN_POINT('',(-5.3,2.35,4.55));
#12151 = LINE('',#12152,#12153);
#12152 = CARTESIAN_POINT('',(-5.3,1.85,4.55));
#12153 = VECTOR('',#12154,1.);
#12154 = DIRECTION('',(0.,1.,2.22044604925E-16));
#12155 = ORIENTED_EDGE('',*,*,#12156,.T.);
#12156 = EDGE_CURVE('',#12149,#12157,#12159,.T.);
#12157 = VERTEX_POINT('',#12158);
#12158 = CARTESIAN_POINT('',(-5.,2.35,4.55));
#12159 = LINE('',#12160,#12161);
#12160 = CARTESIAN_POINT('',(-5.3,2.35,4.55));
#12161 = VECTOR('',#12162,1.);
#12162 = DIRECTION('',(1.,0.,0.));
#12163 = ORIENTED_EDGE('',*,*,#12164,.F.);
#12164 = EDGE_CURVE('',#11953,#12157,#12165,.T.);
#12165 = LINE('',#12166,#12167);
#12166 = CARTESIAN_POINT('',(-5.,1.85,4.55));
#12167 = VECTOR('',#12168,1.);
#12168 = DIRECTION('',(0.,1.,2.22044604925E-16));
#12169 = ORIENTED_EDGE('',*,*,#11960,.F.);
#12170 = PLANE('',#12171);
#12171 = AXIS2_PLACEMENT_3D('',#12172,#12173,#12174);
#12172 = CARTESIAN_POINT('',(-5.3,1.85,4.55));
#12173 = DIRECTION('',(0.,2.22044604925E-16,-1.));
#12174 = DIRECTION('',(1.,0.,0.));
#12175 = ADVANCED_FACE('',(#12176),#12220,.F.);
#12176 = FACE_BOUND('',#12177,.F.);
#12177 = EDGE_LOOP('',(#12178,#12179,#12187,#12195,#12204,#12212,#12218,
    #12219));
#12178 = ORIENTED_EDGE('',*,*,#11944,.F.);
#12179 = ORIENTED_EDGE('',*,*,#12180,.T.);
#12180 = EDGE_CURVE('',#11945,#12181,#12183,.T.);
#12181 = VERTEX_POINT('',#12182);
#12182 = CARTESIAN_POINT('',(-5.,0.35,5.078548389109));
#12183 = LINE('',#12184,#12185);
#12184 = CARTESIAN_POINT('',(-5.,1.85,5.078548389109));
#12185 = VECTOR('',#12186,1.);
#12186 = DIRECTION('',(0.,-1.,2.22044604925E-16));
#12187 = ORIENTED_EDGE('',*,*,#12188,.F.);
#12188 = EDGE_CURVE('',#12189,#12181,#12191,.T.);
#12189 = VERTEX_POINT('',#12190);
#12190 = CARTESIAN_POINT('',(2.7,0.35,7.452172404109));
#12191 = LINE('',#12192,#12193);
#12192 = CARTESIAN_POINT('',(-5.309908552388,0.35,4.983015092693));
#12193 = VECTOR('',#12194,1.);
#12194 = DIRECTION('',(-0.95562562411,0.,-0.294583887109));
#12195 = ORIENTED_EDGE('',*,*,#12196,.F.);
#12196 = EDGE_CURVE('',#12197,#12189,#12199,.T.);
#12197 = VERTEX_POINT('',#12198);
#12198 = CARTESIAN_POINT('',(2.7,-0.35,7.452172404109));
#12199 = ELLIPSE('',#12200,0.366252213387,0.35);
#12200 = AXIS2_PLACEMENT_3D('',#12201,#12202,#12203);
#12201 = CARTESIAN_POINT('',(2.7,8.548717289614E-16,7.452172404109));
#12202 = DIRECTION('',(-0.294583887109,2.121915141618E-16,0.95562562411)
  );
#12203 = DIRECTION('',(-0.95562562411,6.883460264643E-16,-0.294583887109
    ));
#12204 = ORIENTED_EDGE('',*,*,#12205,.F.);
#12205 = EDGE_CURVE('',#12206,#12197,#12208,.T.);
#12206 = VERTEX_POINT('',#12207);
#12207 = CARTESIAN_POINT('',(-5.,-0.35,5.078548389109));
#12208 = LINE('',#12209,#12210);
#12209 = CARTESIAN_POINT('',(-1.657027218564,-0.35,6.109062736577));
#12210 = VECTOR('',#12211,1.);
#12211 = DIRECTION('',(0.95562562411,0.,0.294583887109));
#12212 = ORIENTED_EDGE('',*,*,#12213,.T.);
#12213 = EDGE_CURVE('',#12206,#12010,#12214,.T.);
#12214 = LINE('',#12215,#12216);
#12215 = CARTESIAN_POINT('',(-5.,1.85,5.078548389109));
#12216 = VECTOR('',#12217,1.);
#12217 = DIRECTION('',(0.,-1.,2.22044604925E-16));
#12218 = ORIENTED_EDGE('',*,*,#12009,.T.);
#12219 = ORIENTED_EDGE('',*,*,#12066,.F.);
#12220 = PLANE('',#12221);
#12221 = AXIS2_PLACEMENT_3D('',#12222,#12223,#12224);
#12222 = CARTESIAN_POINT('',(-5.,1.85,5.078548389109));
#12223 = DIRECTION('',(-0.294583887109,2.121915141618E-16,0.95562562411)
  );
#12224 = DIRECTION('',(0.95562562411,6.541076283034E-17,0.294583887109)
  );
#12225 = ADVANCED_FACE('',(#12226),#12251,.T.);
#12226 = FACE_BOUND('',#12227,.T.);
#12227 = EDGE_LOOP('',(#12228,#12236,#12244,#12250));
#12228 = ORIENTED_EDGE('',*,*,#12229,.T.);
#12229 = EDGE_CURVE('',#12026,#12230,#12232,.T.);
#12230 = VERTEX_POINT('',#12231);
#12231 = CARTESIAN_POINT('',(-5.3,-2.35,4.55));
#12232 = LINE('',#12233,#12234);
#12233 = CARTESIAN_POINT('',(-5.3,-1.85,4.55));
#12234 = VECTOR('',#12235,1.);
#12235 = DIRECTION('',(0.,-1.,2.22044604925E-16));
#12236 = ORIENTED_EDGE('',*,*,#12237,.T.);
#12237 = EDGE_CURVE('',#12230,#12238,#12240,.T.);
#12238 = VERTEX_POINT('',#12239);
#12239 = CARTESIAN_POINT('',(-5.,-2.35,4.55));
#12240 = LINE('',#12241,#12242);
#12241 = CARTESIAN_POINT('',(-5.3,-2.35,4.55));
#12242 = VECTOR('',#12243,1.);
#12243 = DIRECTION('',(1.,0.,0.));
#12244 = ORIENTED_EDGE('',*,*,#12245,.F.);
#12245 = EDGE_CURVE('',#12018,#12238,#12246,.T.);
#12246 = LINE('',#12247,#12248);
#12247 = CARTESIAN_POINT('',(-5.,-1.85,4.55));
#12248 = VECTOR('',#12249,1.);
#12249 = DIRECTION('',(0.,-1.,2.22044604925E-16));
#12250 = ORIENTED_EDGE('',*,*,#12025,.F.);
#12251 = PLANE('',#12252);
#12252 = AXIS2_PLACEMENT_3D('',#12253,#12254,#12255);
#12253 = CARTESIAN_POINT('',(-5.3,-1.85,4.55));
#12254 = DIRECTION('',(0.,2.22044604925E-16,1.));
#12255 = DIRECTION('',(1.,0.,-0.));
#12256 = ADVANCED_FACE('',(#12257),#12289,.F.);
#12257 = FACE_BOUND('',#12258,.F.);
#12258 = EDGE_LOOP('',(#12259,#12260,#12266,#12267,#12275,#12283));
#12259 = ORIENTED_EDGE('',*,*,#12205,.T.);
#12260 = ORIENTED_EDGE('',*,*,#12261,.T.);
#12261 = EDGE_CURVE('',#12197,#12116,#12262,.T.);
#12262 = LINE('',#12263,#12264);
#12263 = CARTESIAN_POINT('',(2.7,-0.35,3.85));
#12264 = VECTOR('',#12265,1.);
#12265 = DIRECTION('',(0.,0.,1.));
#12266 = ORIENTED_EDGE('',*,*,#12124,.F.);
#12267 = ORIENTED_EDGE('',*,*,#12268,.F.);
#12268 = EDGE_CURVE('',#12269,#12125,#12271,.T.);
#12269 = VERTEX_POINT('',#12270);
#12270 = CARTESIAN_POINT('',(-5.3,-0.35,3.85));
#12271 = LINE('',#12272,#12273);
#12272 = CARTESIAN_POINT('',(-5.3,-0.35,3.85));
#12273 = VECTOR('',#12274,1.);
#12274 = DIRECTION('',(0.,0.,1.));
#12275 = ORIENTED_EDGE('',*,*,#12276,.F.);
#12276 = EDGE_CURVE('',#12277,#12269,#12279,.T.);
#12277 = VERTEX_POINT('',#12278);
#12278 = CARTESIAN_POINT('',(-5.,-0.35,3.85));
#12279 = LINE('',#12280,#12281);
#12280 = CARTESIAN_POINT('',(2.7,-0.35,3.85));
#12281 = VECTOR('',#12282,1.);
#12282 = DIRECTION('',(-1.,-0.,0.));
#12283 = ORIENTED_EDGE('',*,*,#12284,.T.);
#12284 = EDGE_CURVE('',#12277,#12206,#12285,.T.);
#12285 = LINE('',#12286,#12287);
#12286 = CARTESIAN_POINT('',(-5.,-0.35,3.85));
#12287 = VECTOR('',#12288,1.);
#12288 = DIRECTION('',(0.,0.,1.));
#12289 = PLANE('',#12290);
#12290 = AXIS2_PLACEMENT_3D('',#12291,#12292,#12293);
#12291 = CARTESIAN_POINT('',(2.7,-0.35,3.85));
#12292 = DIRECTION('',(0.,-1.,0.));
#12293 = DIRECTION('',(-1.,0.,0.));
#12294 = ADVANCED_FACE('',(#12295),#12306,.F.);
#12295 = FACE_BOUND('',#12296,.F.);
#12296 = EDGE_LOOP('',(#12297,#12298,#12304,#12305));
#12297 = ORIENTED_EDGE('',*,*,#12196,.T.);
#12298 = ORIENTED_EDGE('',*,*,#12299,.T.);
#12299 = EDGE_CURVE('',#12189,#12108,#12300,.T.);
#12300 = LINE('',#12301,#12302);
#12301 = CARTESIAN_POINT('',(2.7,0.35,3.85));
#12302 = VECTOR('',#12303,1.);
#12303 = DIRECTION('',(0.,0.,1.));
#12304 = ORIENTED_EDGE('',*,*,#12115,.F.);
#12305 = ORIENTED_EDGE('',*,*,#12261,.F.);
#12306 = CYLINDRICAL_SURFACE('',#12307,0.35);
#12307 = AXIS2_PLACEMENT_3D('',#12308,#12309,#12310);
#12308 = CARTESIAN_POINT('',(2.7,8.548717289614E-16,3.85));
#12309 = DIRECTION('',(0.,0.,-1.));
#12310 = DIRECTION('',(1.,0.,0.));
#12311 = ADVANCED_FACE('',(#12312),#12339,.F.);
#12312 = FACE_BOUND('',#12313,.F.);
#12313 = EDGE_LOOP('',(#12314,#12324,#12330,#12331,#12332,#12333));
#12314 = ORIENTED_EDGE('',*,*,#12315,.F.);
#12315 = EDGE_CURVE('',#12316,#12318,#12320,.T.);
#12316 = VERTEX_POINT('',#12317);
#12317 = CARTESIAN_POINT('',(-5.3,0.35,3.85));
#12318 = VERTEX_POINT('',#12319);
#12319 = CARTESIAN_POINT('',(-5.,0.35,3.85));
#12320 = LINE('',#12321,#12322);
#12321 = CARTESIAN_POINT('',(-5.3,0.35,3.85));
#12322 = VECTOR('',#12323,1.);
#12323 = DIRECTION('',(1.,0.,0.));
#12324 = ORIENTED_EDGE('',*,*,#12325,.T.);
#12325 = EDGE_CURVE('',#12316,#12100,#12326,.T.);
#12326 = LINE('',#12327,#12328);
#12327 = CARTESIAN_POINT('',(-5.3,0.35,3.85));
#12328 = VECTOR('',#12329,1.);
#12329 = DIRECTION('',(0.,0.,1.));
#12330 = ORIENTED_EDGE('',*,*,#12107,.F.);
#12331 = ORIENTED_EDGE('',*,*,#12299,.F.);
#12332 = ORIENTED_EDGE('',*,*,#12188,.T.);
#12333 = ORIENTED_EDGE('',*,*,#12334,.T.);
#12334 = EDGE_CURVE('',#12181,#12318,#12335,.T.);
#12335 = LINE('',#12336,#12337);
#12336 = CARTESIAN_POINT('',(-5.,0.35,3.85));
#12337 = VECTOR('',#12338,1.);
#12338 = DIRECTION('',(0.,0.,-1.));
#12339 = PLANE('',#12340);
#12340 = AXIS2_PLACEMENT_3D('',#12341,#12342,#12343);
#12341 = CARTESIAN_POINT('',(-5.3,0.35,3.85));
#12342 = DIRECTION('',(0.,1.,0.));
#12343 = DIRECTION('',(1.,0.,0.));
#12344 = ADVANCED_FACE('',(#12345),#12370,.T.);
#12345 = FACE_BOUND('',#12346,.T.);
#12346 = EDGE_LOOP('',(#12347,#12357,#12363,#12364));
#12347 = ORIENTED_EDGE('',*,*,#12348,.T.);
#12348 = EDGE_CURVE('',#12349,#12351,#12353,.T.);
#12349 = VERTEX_POINT('',#12350);
#12350 = CARTESIAN_POINT('',(-5.,2.35,3.85));
#12351 = VERTEX_POINT('',#12352);
#12352 = CARTESIAN_POINT('',(-5.3,2.35,3.85));
#12353 = LINE('',#12354,#12355);
#12354 = CARTESIAN_POINT('',(-5.,2.35,3.85));
#12355 = VECTOR('',#12356,1.);
#12356 = DIRECTION('',(-1.,0.,-0.));
#12357 = ORIENTED_EDGE('',*,*,#12358,.T.);
#12358 = EDGE_CURVE('',#12351,#12149,#12359,.T.);
#12359 = LINE('',#12360,#12361);
#12360 = CARTESIAN_POINT('',(-5.3,2.35,3.85));
#12361 = VECTOR('',#12362,1.);
#12362 = DIRECTION('',(0.,-2.22044604925E-16,1.));
#12363 = ORIENTED_EDGE('',*,*,#12156,.T.);
#12364 = ORIENTED_EDGE('',*,*,#12365,.T.);
#12365 = EDGE_CURVE('',#12157,#12349,#12366,.T.);
#12366 = LINE('',#12367,#12368);
#12367 = CARTESIAN_POINT('',(-5.,2.35,4.55));
#12368 = VECTOR('',#12369,1.);
#12369 = DIRECTION('',(0.,2.22044604925E-16,-1.));
#12370 = PLANE('',#12371);
#12371 = AXIS2_PLACEMENT_3D('',#12372,#12373,#12374);
#12372 = CARTESIAN_POINT('',(-5.15,2.35,4.2));
#12373 = DIRECTION('',(0.,1.,3.172065784643E-16));
#12374 = DIRECTION('',(0.,-3.172065784643E-16,1.));
#12375 = ADVANCED_FACE('',(#12376),#12401,.F.);
#12376 = FACE_BOUND('',#12377,.F.);
#12377 = EDGE_LOOP('',(#12378,#12388,#12394,#12395));
#12378 = ORIENTED_EDGE('',*,*,#12379,.T.);
#12379 = EDGE_CURVE('',#12380,#12382,#12384,.T.);
#12380 = VERTEX_POINT('',#12381);
#12381 = CARTESIAN_POINT('',(-5.,-2.35,3.85));
#12382 = VERTEX_POINT('',#12383);
#12383 = CARTESIAN_POINT('',(-5.3,-2.35,3.85));
#12384 = LINE('',#12385,#12386);
#12385 = CARTESIAN_POINT('',(-5.,-2.35,3.85));
#12386 = VECTOR('',#12387,1.);
#12387 = DIRECTION('',(-1.,0.,0.));
#12388 = ORIENTED_EDGE('',*,*,#12389,.T.);
#12389 = EDGE_CURVE('',#12382,#12230,#12390,.T.);
#12390 = LINE('',#12391,#12392);
#12391 = CARTESIAN_POINT('',(-5.3,-2.35,3.85));
#12392 = VECTOR('',#12393,1.);
#12393 = DIRECTION('',(0.,2.22044604925E-16,1.));
#12394 = ORIENTED_EDGE('',*,*,#12237,.T.);
#12395 = ORIENTED_EDGE('',*,*,#12396,.T.);
#12396 = EDGE_CURVE('',#12238,#12380,#12397,.T.);
#12397 = LINE('',#12398,#12399);
#12398 = CARTESIAN_POINT('',(-5.,-2.35,4.55));
#12399 = VECTOR('',#12400,1.);
#12400 = DIRECTION('',(0.,-2.22044604925E-16,-1.));
#12401 = PLANE('',#12402);
#12402 = AXIS2_PLACEMENT_3D('',#12403,#12404,#12405);
#12403 = CARTESIAN_POINT('',(-5.15,-2.35,4.2));
#12404 = DIRECTION('',(0.,1.,-3.172065784643E-16));
#12405 = DIRECTION('',(0.,3.172065784643E-16,1.));
#12406 = ADVANCED_FACE('',(#12407),#12420,.T.);
#12407 = FACE_BOUND('',#12408,.T.);
#12408 = EDGE_LOOP('',(#12409,#12410,#12411,#12412,#12418,#12419));
#12409 = ORIENTED_EDGE('',*,*,#11968,.T.);
#12410 = ORIENTED_EDGE('',*,*,#12148,.T.);
#12411 = ORIENTED_EDGE('',*,*,#12358,.F.);
#12412 = ORIENTED_EDGE('',*,*,#12413,.F.);
#12413 = EDGE_CURVE('',#12316,#12351,#12414,.T.);
#12414 = LINE('',#12415,#12416);
#12415 = CARTESIAN_POINT('',(-5.3,1.85,3.85));
#12416 = VECTOR('',#12417,1.);
#12417 = DIRECTION('',(0.,1.,2.22044604925E-16));
#12418 = ORIENTED_EDGE('',*,*,#12325,.T.);
#12419 = ORIENTED_EDGE('',*,*,#12099,.F.);
#12420 = PLANE('',#12421);
#12421 = AXIS2_PLACEMENT_3D('',#12422,#12423,#12424);
#12422 = CARTESIAN_POINT('',(-5.3,1.295652173913,4.520652173913));
#12423 = DIRECTION('',(-1.,8.28724232323E-14,3.986717974097E-15));
#12424 = DIRECTION('',(8.28724232323E-14,1.,2.22044604925E-16));
#12425 = ADVANCED_FACE('',(#12426),#12439,.T.);
#12426 = FACE_BOUND('',#12427,.T.);
#12427 = EDGE_LOOP('',(#12428,#12429,#12435,#12436,#12437,#12438));
#12428 = ORIENTED_EDGE('',*,*,#12268,.F.);
#12429 = ORIENTED_EDGE('',*,*,#12430,.T.);
#12430 = EDGE_CURVE('',#12269,#12382,#12431,.T.);
#12431 = LINE('',#12432,#12433);
#12432 = CARTESIAN_POINT('',(-5.3,1.85,3.85));
#12433 = VECTOR('',#12434,1.);
#12434 = DIRECTION('',(0.,-1.,2.22044604925E-16));
#12435 = ORIENTED_EDGE('',*,*,#12389,.T.);
#12436 = ORIENTED_EDGE('',*,*,#12229,.F.);
#12437 = ORIENTED_EDGE('',*,*,#12033,.F.);
#12438 = ORIENTED_EDGE('',*,*,#12132,.F.);
#12439 = PLANE('',#12440);
#12440 = AXIS2_PLACEMENT_3D('',#12441,#12442,#12443);
#12441 = CARTESIAN_POINT('',(-5.3,-1.295652173913,4.520652173913));
#12442 = DIRECTION('',(-1.,-1.229325511416E-13,6.66585466514E-15));
#12443 = DIRECTION('',(-1.229325511416E-13,1.,2.22044604925E-16));
#12444 = ADVANCED_FACE('',(#12445),#12458,.T.);
#12445 = FACE_BOUND('',#12446,.T.);
#12446 = EDGE_LOOP('',(#12447,#12448,#12449,#12450,#12456,#12457));
#12447 = ORIENTED_EDGE('',*,*,#11952,.T.);
#12448 = ORIENTED_EDGE('',*,*,#12180,.T.);
#12449 = ORIENTED_EDGE('',*,*,#12334,.T.);
#12450 = ORIENTED_EDGE('',*,*,#12451,.F.);
#12451 = EDGE_CURVE('',#12349,#12318,#12452,.T.);
#12452 = LINE('',#12453,#12454);
#12453 = CARTESIAN_POINT('',(-5.,1.85,3.85));
#12454 = VECTOR('',#12455,1.);
#12455 = DIRECTION('',(0.,-1.,2.22044604925E-16));
#12456 = ORIENTED_EDGE('',*,*,#12365,.F.);
#12457 = ORIENTED_EDGE('',*,*,#12164,.F.);
#12458 = PLANE('',#12459);
#12459 = AXIS2_PLACEMENT_3D('',#12460,#12461,#12462);
#12460 = CARTESIAN_POINT('',(-5.,1.309072288424,4.423346482979));
#12461 = DIRECTION('',(1.,0.,0.));
#12462 = DIRECTION('',(0.,-1.,-2.22044604925E-16));
#12463 = ADVANCED_FACE('',(#12464),#12477,.T.);
#12464 = FACE_BOUND('',#12465,.T.);
#12465 = EDGE_LOOP('',(#12466,#12467,#12468,#12469,#12470,#12471));
#12466 = ORIENTED_EDGE('',*,*,#12284,.T.);
#12467 = ORIENTED_EDGE('',*,*,#12213,.T.);
#12468 = ORIENTED_EDGE('',*,*,#12017,.F.);
#12469 = ORIENTED_EDGE('',*,*,#12245,.T.);
#12470 = ORIENTED_EDGE('',*,*,#12396,.T.);
#12471 = ORIENTED_EDGE('',*,*,#12472,.F.);
#12472 = EDGE_CURVE('',#12277,#12380,#12473,.T.);
#12473 = LINE('',#12474,#12475);
#12474 = CARTESIAN_POINT('',(-5.,-1.85,3.85));
#12475 = VECTOR('',#12476,1.);
#12476 = DIRECTION('',(0.,-1.,2.22044604925E-16));
#12477 = PLANE('',#12478);
#12478 = AXIS2_PLACEMENT_3D('',#12479,#12480,#12481);
#12479 = CARTESIAN_POINT('',(-5.,-1.309072288424,4.423346482979));
#12480 = DIRECTION('',(1.,0.,0.));
#12481 = DIRECTION('',(0.,-1.,-2.22044604925E-16));
#12482 = ADVANCED_FACE('',(#12483),#12489,.T.);
#12483 = FACE_BOUND('',#12484,.T.);
#12484 = EDGE_LOOP('',(#12485,#12486,#12487,#12488));
#12485 = ORIENTED_EDGE('',*,*,#12451,.T.);
#12486 = ORIENTED_EDGE('',*,*,#12315,.F.);
#12487 = ORIENTED_EDGE('',*,*,#12413,.T.);
#12488 = ORIENTED_EDGE('',*,*,#12348,.F.);
#12489 = PLANE('',#12490);
#12490 = AXIS2_PLACEMENT_3D('',#12491,#12492,#12493);
#12491 = CARTESIAN_POINT('',(-5.15,1.35,3.85));
#12492 = DIRECTION('',(0.,-4.440892098501E-16,-1.));
#12493 = DIRECTION('',(0.,1.,-4.440892098501E-16));
#12494 = ADVANCED_FACE('',(#12495),#12501,.T.);
#12495 = FACE_BOUND('',#12496,.T.);
#12496 = EDGE_LOOP('',(#12497,#12498,#12499,#12500));
#12497 = ORIENTED_EDGE('',*,*,#12276,.F.);
#12498 = ORIENTED_EDGE('',*,*,#12472,.T.);
#12499 = ORIENTED_EDGE('',*,*,#12379,.T.);
#12500 = ORIENTED_EDGE('',*,*,#12430,.F.);
#12501 = PLANE('',#12502);
#12502 = AXIS2_PLACEMENT_3D('',#12503,#12504,#12505);
#12503 = CARTESIAN_POINT('',(-5.15,-1.35,3.85));
#12504 = DIRECTION('',(-0.,2.22044604925E-16,-1.));
#12505 = DIRECTION('',(0.,1.,2.22044604925E-16));
#12506 = ( GEOMETRIC_REPRESENTATION_CONTEXT(3) 
GLOBAL_UNCERTAINTY_ASSIGNED_CONTEXT((#12510)) 
GLOBAL_UNIT_ASSIGNED_CONTEXT((#12507,#12508,#12509)) 
REPRESENTATION_CONTEXT('Context #1',
  '3D Context with UNIT and UNCERTAINTY') );
#12507 = ( LENGTH_UNIT() NAMED_UNIT(*) SI_UNIT(.MILLI.,.METRE.) );
#12508 = ( NAMED_UNIT(*) PLANE_ANGLE_UNIT() SI_UNIT($,.RADIAN.) );
#12509 = ( NAMED_UNIT(*) SI_UNIT($,.STERADIAN.) SOLID_ANGLE_UNIT() );
#12510 = UNCERTAINTY_MEASURE_WITH_UNIT(LENGTH_MEASURE(1.E-07),#12507,
  'distance_accuracy_value','confusion accuracy');
#12511 = CONTEXT_DEPENDENT_SHAPE_REPRESENTATION(#12512,#12514);
#12512 = ( REPRESENTATION_RELATIONSHIP('','',#11821,#8075) 
REPRESENTATION_RELATIONSHIP_WITH_TRANSFORMATION(#12513) 
SHAPE_REPRESENTATION_RELATIONSHIP() );
#12513 = ITEM_DEFINED_TRANSFORMATION('','',#11,#8088);
#12514 = PRODUCT_DEFINITION_SHAPE('Placement','Placement of an item',
  #12515);
#12515 = NEXT_ASSEMBLY_USAGE_OCCURRENCE('13','Lever_16U001','',#8070,
  #11816,$);
#12516 = PRODUCT_RELATED_PRODUCT_CATEGORY('part',$,(#11818));
#12517 = SHAPE_DEFINITION_REPRESENTATION(#12518,#12524);
#12518 = PRODUCT_DEFINITION_SHAPE('','',#12519);
#12519 = PRODUCT_DEFINITION('design','',#12520,#12523);
#12520 = PRODUCT_DEFINITION_FORMATION('','',#12521);
#12521 = PRODUCT('Pin_NO005','Pin_NO005','',(#12522));
#12522 = PRODUCT_CONTEXT('',#2,'mechanical');
#12523 = PRODUCT_DEFINITION_CONTEXT('part definition',#2,'design');
#12524 = ADVANCED_BREP_SHAPE_REPRESENTATION('',(#11,#12525),#13176);
#12525 = MANIFOLD_SOLID_BREP('',#12526);
#12526 = CLOSED_SHELL('',(#12527,#12567,#12721,#12745,#12769,#12909,
    #12926,#12943,#12960,#12977,#12994,#13011,#13028,#13045,#13062,
    #13079,#13096,#13113,#13130,#13147,#13164));
#12527 = ADVANCED_FACE('',(#12528),#12562,.T.);
#12528 = FACE_BOUND('',#12529,.T.);
#12529 = EDGE_LOOP('',(#12530,#12540,#12548,#12556));
#12530 = ORIENTED_EDGE('',*,*,#12531,.F.);
#12531 = EDGE_CURVE('',#12532,#12534,#12536,.T.);
#12532 = VERTEX_POINT('',#12533);
#12533 = CARTESIAN_POINT('',(0.24999999999,0.225,-4.6));
#12534 = VERTEX_POINT('',#12535);
#12535 = CARTESIAN_POINT('',(-0.25,0.225,-4.6));
#12536 = LINE('',#12537,#12538);
#12537 = CARTESIAN_POINT('',(0.39999999999,0.225,-4.6));
#12538 = VECTOR('',#12539,1.);
#12539 = DIRECTION('',(-1.,0.,0.));
#12540 = ORIENTED_EDGE('',*,*,#12541,.T.);
#12541 = EDGE_CURVE('',#12532,#12542,#12544,.T.);
#12542 = VERTEX_POINT('',#12543);
#12543 = CARTESIAN_POINT('',(0.24999999999,-0.225,-4.6));
#12544 = LINE('',#12545,#12546);
#12545 = CARTESIAN_POINT('',(0.24999999999,0.225,-4.6));
#12546 = VECTOR('',#12547,1.);
#12547 = DIRECTION('',(0.,-1.,2.2E-16));
#12548 = ORIENTED_EDGE('',*,*,#12549,.T.);
#12549 = EDGE_CURVE('',#12542,#12550,#12552,.T.);
#12550 = VERTEX_POINT('',#12551);
#12551 = CARTESIAN_POINT('',(-0.25,-0.225,-4.6));
#12552 = LINE('',#12553,#12554);
#12553 = CARTESIAN_POINT('',(0.39999999999,-0.225,-4.6));
#12554 = VECTOR('',#12555,1.);
#12555 = DIRECTION('',(-1.,0.,0.));
#12556 = ORIENTED_EDGE('',*,*,#12557,.F.);
#12557 = EDGE_CURVE('',#12534,#12550,#12558,.T.);
#12558 = LINE('',#12559,#12560);
#12559 = CARTESIAN_POINT('',(-0.25,0.225,-4.6));
#12560 = VECTOR('',#12561,1.);
#12561 = DIRECTION('',(0.,-1.,2.2E-16));
#12562 = PLANE('',#12563);
#12563 = AXIS2_PLACEMENT_3D('',#12564,#12565,#12566);
#12564 = CARTESIAN_POINT('',(0.39999999999,0.225,-4.6));
#12565 = DIRECTION('',(0.,-2.2E-16,-1.));
#12566 = DIRECTION('',(-1.,-0.,0.));
#12567 = ADVANCED_FACE('',(#12568),#12716,.T.);
#12568 = FACE_BOUND('',#12569,.T.);
#12569 = EDGE_LOOP('',(#12570,#12580,#12586,#12587,#12595,#12603,#12612,
    #12621,#12629,#12637,#12645,#12653,#12661,#12669,#12677,#12685,
    #12693,#12701,#12709));
#12570 = ORIENTED_EDGE('',*,*,#12571,.F.);
#12571 = EDGE_CURVE('',#12572,#12574,#12576,.T.);
#12572 = VERTEX_POINT('',#12573);
#12573 = CARTESIAN_POINT('',(0.39999999999,0.225,-4.45));
#12574 = VERTEX_POINT('',#12575);
#12575 = CARTESIAN_POINT('',(0.39999999999,0.225,-3.8));
#12576 = LINE('',#12577,#12578);
#12577 = CARTESIAN_POINT('',(0.39999999999,0.225,-4.6));
#12578 = VECTOR('',#12579,1.);
#12579 = DIRECTION('',(0.,-2.2E-16,1.));
#12580 = ORIENTED_EDGE('',*,*,#12581,.F.);
#12581 = EDGE_CURVE('',#12532,#12572,#12582,.T.);
#12582 = LINE('',#12583,#12584);
#12583 = CARTESIAN_POINT('',(1.544001803753,0.225,-3.305998196237));
#12584 = VECTOR('',#12585,1.);
#12585 = DIRECTION('',(0.707106781187,0.,0.707106781187));
#12586 = ORIENTED_EDGE('',*,*,#12531,.T.);
#12587 = ORIENTED_EDGE('',*,*,#12588,.T.);
#12588 = EDGE_CURVE('',#12534,#12589,#12591,.T.);
#12589 = VERTEX_POINT('',#12590);
#12590 = CARTESIAN_POINT('',(-0.4,0.225,-4.45));
#12591 = LINE('',#12592,#12593);
#12592 = CARTESIAN_POINT('',(-1.02760825508,0.225,-3.82239174492));
#12593 = VECTOR('',#12594,1.);
#12594 = DIRECTION('',(-0.707106781187,0.,0.707106781187));
#12595 = ORIENTED_EDGE('',*,*,#12596,.T.);
#12596 = EDGE_CURVE('',#12589,#12597,#12599,.T.);
#12597 = VERTEX_POINT('',#12598);
#12598 = CARTESIAN_POINT('',(-0.4,0.225,-3.8));
#12599 = LINE('',#12600,#12601);
#12600 = CARTESIAN_POINT('',(-0.4,0.225,-4.6));
#12601 = VECTOR('',#12602,1.);
#12602 = DIRECTION('',(0.,-2.2E-16,1.));
#12603 = ORIENTED_EDGE('',*,*,#12604,.T.);
#12604 = EDGE_CURVE('',#12597,#12605,#12607,.T.);
#12605 = VERTEX_POINT('',#12606);
#12606 = CARTESIAN_POINT('',(-0.2,0.225,-3.6));
#12607 = CIRCLE('',#12608,0.2);
#12608 = AXIS2_PLACEMENT_3D('',#12609,#12610,#12611);
#12609 = CARTESIAN_POINT('',(-0.4,0.225,-3.6));
#12610 = DIRECTION('',(0.,-1.,2.2E-16));
#12611 = DIRECTION('',(1.,0.,0.));
#12612 = ORIENTED_EDGE('',*,*,#12613,.T.);
#12613 = EDGE_CURVE('',#12605,#12614,#12616,.T.);
#12614 = VERTEX_POINT('',#12615);
#12615 = CARTESIAN_POINT('',(-0.4,0.225,-3.4));
#12616 = CIRCLE('',#12617,0.2);
#12617 = AXIS2_PLACEMENT_3D('',#12618,#12619,#12620);
#12618 = CARTESIAN_POINT('',(-0.4,0.225,-3.6));
#12619 = DIRECTION('',(0.,-1.,2.2E-16));
#12620 = DIRECTION('',(1.,0.,0.));
#12621 = ORIENTED_EDGE('',*,*,#12622,.T.);
#12622 = EDGE_CURVE('',#12614,#12623,#12625,.T.);
#12623 = VERTEX_POINT('',#12624);
#12624 = CARTESIAN_POINT('',(-0.4,0.225,0.90957187021));
#12625 = LINE('',#12626,#12627);
#12626 = CARTESIAN_POINT('',(-0.4,0.225,-4.6));
#12627 = VECTOR('',#12628,1.);
#12628 = DIRECTION('',(0.,-2.2E-16,1.));
#12629 = ORIENTED_EDGE('',*,*,#12630,.F.);
#12630 = EDGE_CURVE('',#12631,#12623,#12633,.T.);
#12631 = VERTEX_POINT('',#12632);
#12632 = CARTESIAN_POINT('',(0.437956929931,0.225,0.90957187021));
#12633 = LINE('',#12634,#12635);
#12634 = CARTESIAN_POINT('',(0.437956929931,0.225,0.90957187021));
#12635 = VECTOR('',#12636,1.);
#12636 = DIRECTION('',(-1.,0.,0.));
#12637 = ORIENTED_EDGE('',*,*,#12638,.F.);
#12638 = EDGE_CURVE('',#12639,#12631,#12641,.T.);
#12639 = VERTEX_POINT('',#12640);
#12640 = CARTESIAN_POINT('',(2.487124850331,0.225,1.535332874241));
#12641 = LINE('',#12642,#12643);
#12642 = CARTESIAN_POINT('',(2.487124850331,0.225,1.535332874241));
#12643 = VECTOR('',#12644,1.);
#12644 = DIRECTION('',(-0.956400292518,6.000000000001E-17,
    -0.292059035935));
#12645 = ORIENTED_EDGE('',*,*,#12646,.F.);
#12646 = EDGE_CURVE('',#12647,#12639,#12649,.T.);
#12647 = VERTEX_POINT('',#12648);
#12648 = CARTESIAN_POINT('',(2.487124850331,0.225,2.48242));
#12649 = LINE('',#12650,#12651);
#12650 = CARTESIAN_POINT('',(2.487124850331,0.225,2.48242));
#12651 = VECTOR('',#12652,1.);
#12652 = DIRECTION('',(0.,2.2E-16,-1.));
#12653 = ORIENTED_EDGE('',*,*,#12654,.F.);
#12654 = EDGE_CURVE('',#12655,#12647,#12657,.T.);
#12655 = VERTEX_POINT('',#12656);
#12656 = CARTESIAN_POINT('',(2.98,0.225,2.48242));
#12657 = LINE('',#12658,#12659);
#12658 = CARTESIAN_POINT('',(2.98,0.225,2.48242));
#12659 = VECTOR('',#12660,1.);
#12660 = DIRECTION('',(-1.,0.,0.));
#12661 = ORIENTED_EDGE('',*,*,#12662,.F.);
#12662 = EDGE_CURVE('',#12663,#12655,#12665,.T.);
#12663 = VERTEX_POINT('',#12664);
#12664 = CARTESIAN_POINT('',(2.98,0.225,3.062715999999));
#12665 = LINE('',#12666,#12667);
#12666 = CARTESIAN_POINT('',(2.98,0.225,3.062715999999));
#12667 = VECTOR('',#12668,1.);
#12668 = DIRECTION('',(0.,2.2E-16,-1.));
#12669 = ORIENTED_EDGE('',*,*,#12670,.F.);
#12670 = EDGE_CURVE('',#12671,#12663,#12673,.T.);
#12671 = VERTEX_POINT('',#12672);
#12672 = CARTESIAN_POINT('',(3.48,0.225,3.062715999999));
#12673 = LINE('',#12674,#12675);
#12674 = CARTESIAN_POINT('',(3.48,0.225,3.062715999999));
#12675 = VECTOR('',#12676,1.);
#12676 = DIRECTION('',(-1.,0.,0.));
#12677 = ORIENTED_EDGE('',*,*,#12678,.F.);
#12678 = EDGE_CURVE('',#12679,#12671,#12681,.T.);
#12679 = VERTEX_POINT('',#12680);
#12680 = CARTESIAN_POINT('',(3.48,0.225,1.205429339611));
#12681 = LINE('',#12682,#12683);
#12682 = CARTESIAN_POINT('',(3.48,0.225,1.205429339611));
#12683 = VECTOR('',#12684,1.);
#12684 = DIRECTION('',(0.,-2.2E-16,1.));
#12685 = ORIENTED_EDGE('',*,*,#12686,.F.);
#12686 = EDGE_CURVE('',#12687,#12679,#12689,.T.);
#12687 = VERTEX_POINT('',#12688);
#12688 = CARTESIAN_POINT('',(2.84794798338,0.225,1.205429339611));
#12689 = LINE('',#12690,#12691);
#12690 = CARTESIAN_POINT('',(2.84794798338,0.225,1.205429339611));
#12691 = VECTOR('',#12692,1.);
#12692 = DIRECTION('',(1.,0.,0.));
#12693 = ORIENTED_EDGE('',*,*,#12694,.F.);
#12694 = EDGE_CURVE('',#12695,#12687,#12697,.T.);
#12695 = VERTEX_POINT('',#12696);
#12696 = CARTESIAN_POINT('',(0.39999999999,0.225,0.45789158409));
#12697 = LINE('',#12698,#12699);
#12698 = CARTESIAN_POINT('',(0.39999999999,0.225,0.45789158409));
#12699 = VECTOR('',#12700,1.);
#12700 = DIRECTION('',(0.956400292518,-6.000000000001E-17,0.292059035935
    ));
#12701 = ORIENTED_EDGE('',*,*,#12702,.F.);
#12702 = EDGE_CURVE('',#12703,#12695,#12705,.T.);
#12703 = VERTEX_POINT('',#12704);
#12704 = CARTESIAN_POINT('',(0.39999999999,0.225,-3.4));
#12705 = LINE('',#12706,#12707);
#12706 = CARTESIAN_POINT('',(0.39999999999,0.225,-4.6));
#12707 = VECTOR('',#12708,1.);
#12708 = DIRECTION('',(0.,-2.2E-16,1.));
#12709 = ORIENTED_EDGE('',*,*,#12710,.T.);
#12710 = EDGE_CURVE('',#12703,#12574,#12711,.T.);
#12711 = CIRCLE('',#12712,0.2);
#12712 = AXIS2_PLACEMENT_3D('',#12713,#12714,#12715);
#12713 = CARTESIAN_POINT('',(0.39999999999,0.225,-3.6));
#12714 = DIRECTION('',(0.,-1.,2.2E-16));
#12715 = DIRECTION('',(1.,0.,0.));
#12716 = PLANE('',#12717);
#12717 = AXIS2_PLACEMENT_3D('',#12718,#12719,#12720);
#12718 = CARTESIAN_POINT('',(1.032787097361,0.225,-0.356779882318));
#12719 = DIRECTION('',(0.,1.,2.2E-16));
#12720 = DIRECTION('',(0.,-2.2E-16,1.));
#12721 = ADVANCED_FACE('',(#12722),#12740,.F.);
#12722 = FACE_BOUND('',#12723,.F.);
#12723 = EDGE_LOOP('',(#12724,#12725,#12726,#12734));
#12724 = ORIENTED_EDGE('',*,*,#12581,.F.);
#12725 = ORIENTED_EDGE('',*,*,#12541,.T.);
#12726 = ORIENTED_EDGE('',*,*,#12727,.T.);
#12727 = EDGE_CURVE('',#12542,#12728,#12730,.T.);
#12728 = VERTEX_POINT('',#12729);
#12729 = CARTESIAN_POINT('',(0.39999999999,-0.225,-4.45));
#12730 = LINE('',#12731,#12732);
#12731 = CARTESIAN_POINT('',(1.544001803753,-0.225,-3.305998196237));
#12732 = VECTOR('',#12733,1.);
#12733 = DIRECTION('',(0.707106781187,0.,0.707106781187));
#12734 = ORIENTED_EDGE('',*,*,#12735,.F.);
#12735 = EDGE_CURVE('',#12572,#12728,#12736,.T.);
#12736 = LINE('',#12737,#12738);
#12737 = CARTESIAN_POINT('',(0.39999999999,0.225,-4.45));
#12738 = VECTOR('',#12739,1.);
#12739 = DIRECTION('',(0.,-1.,2.2E-16));
#12740 = PLANE('',#12741);
#12741 = AXIS2_PLACEMENT_3D('',#12742,#12743,#12744);
#12742 = CARTESIAN_POINT('',(0.32499999999,0.225,-4.525));
#12743 = DIRECTION('',(-0.707106781187,1.599999999999E-16,0.707106781187
    ));
#12744 = DIRECTION('',(-3.137084989799E-18,-1.,2.231370849898E-16));
#12745 = ADVANCED_FACE('',(#12746),#12764,.T.);
#12746 = FACE_BOUND('',#12747,.T.);
#12747 = EDGE_LOOP('',(#12748,#12749,#12750,#12758));
#12748 = ORIENTED_EDGE('',*,*,#12588,.F.);
#12749 = ORIENTED_EDGE('',*,*,#12557,.T.);
#12750 = ORIENTED_EDGE('',*,*,#12751,.T.);
#12751 = EDGE_CURVE('',#12550,#12752,#12754,.T.);
#12752 = VERTEX_POINT('',#12753);
#12753 = CARTESIAN_POINT('',(-0.4,-0.225,-4.45));
#12754 = LINE('',#12755,#12756);
#12755 = CARTESIAN_POINT('',(-1.02760825508,-0.225,-3.82239174492));
#12756 = VECTOR('',#12757,1.);
#12757 = DIRECTION('',(-0.707106781187,0.,0.707106781187));
#12758 = ORIENTED_EDGE('',*,*,#12759,.F.);
#12759 = EDGE_CURVE('',#12589,#12752,#12760,.T.);
#12760 = LINE('',#12761,#12762);
#12761 = CARTESIAN_POINT('',(-0.4,0.225,-4.45));
#12762 = VECTOR('',#12763,1.);
#12763 = DIRECTION('',(0.,-1.,2.2E-16));
#12764 = PLANE('',#12765);
#12765 = AXIS2_PLACEMENT_3D('',#12766,#12767,#12768);
#12766 = CARTESIAN_POINT('',(-0.325,0.225,-4.525));
#12767 = DIRECTION('',(-0.707106781187,-1.599999999999E-16,
    -0.707106781187));
#12768 = DIRECTION('',(3.137084989799E-18,-1.,2.231370849898E-16));
#12769 = ADVANCED_FACE('',(#12770),#12904,.F.);
#12770 = FACE_BOUND('',#12771,.F.);
#12771 = EDGE_LOOP('',(#12772,#12780,#12781,#12782,#12783,#12791,#12800,
    #12809,#12817,#12825,#12833,#12841,#12849,#12857,#12865,#12873,
    #12881,#12889,#12897));
#12772 = ORIENTED_EDGE('',*,*,#12773,.F.);
#12773 = EDGE_CURVE('',#12728,#12774,#12776,.T.);
#12774 = VERTEX_POINT('',#12775);
#12775 = CARTESIAN_POINT('',(0.39999999999,-0.225,-3.8));
#12776 = LINE('',#12777,#12778);
#12777 = CARTESIAN_POINT('',(0.39999999999,-0.225,-4.6));
#12778 = VECTOR('',#12779,1.);
#12779 = DIRECTION('',(0.,-2.2E-16,1.));
#12780 = ORIENTED_EDGE('',*,*,#12727,.F.);
#12781 = ORIENTED_EDGE('',*,*,#12549,.T.);
#12782 = ORIENTED_EDGE('',*,*,#12751,.T.);
#12783 = ORIENTED_EDGE('',*,*,#12784,.T.);
#12784 = EDGE_CURVE('',#12752,#12785,#12787,.T.);
#12785 = VERTEX_POINT('',#12786);
#12786 = CARTESIAN_POINT('',(-0.4,-0.225,-3.8));
#12787 = LINE('',#12788,#12789);
#12788 = CARTESIAN_POINT('',(-0.4,-0.225,-4.6));
#12789 = VECTOR('',#12790,1.);
#12790 = DIRECTION('',(0.,-2.2E-16,1.));
#12791 = ORIENTED_EDGE('',*,*,#12792,.T.);
#12792 = EDGE_CURVE('',#12785,#12793,#12795,.T.);
#12793 = VERTEX_POINT('',#12794);
#12794 = CARTESIAN_POINT('',(-0.2,-0.225,-3.6));
#12795 = CIRCLE('',#12796,0.2);
#12796 = AXIS2_PLACEMENT_3D('',#12797,#12798,#12799);
#12797 = CARTESIAN_POINT('',(-0.4,-0.225,-3.6));
#12798 = DIRECTION('',(0.,-1.,2.2E-16));
#12799 = DIRECTION('',(1.,0.,0.));
#12800 = ORIENTED_EDGE('',*,*,#12801,.T.);
#12801 = EDGE_CURVE('',#12793,#12802,#12804,.T.);
#12802 = VERTEX_POINT('',#12803);
#12803 = CARTESIAN_POINT('',(-0.4,-0.225,-3.4));
#12804 = CIRCLE('',#12805,0.2);
#12805 = AXIS2_PLACEMENT_3D('',#12806,#12807,#12808);
#12806 = CARTESIAN_POINT('',(-0.4,-0.225,-3.6));
#12807 = DIRECTION('',(0.,-1.,2.2E-16));
#12808 = DIRECTION('',(1.,0.,0.));
#12809 = ORIENTED_EDGE('',*,*,#12810,.T.);
#12810 = EDGE_CURVE('',#12802,#12811,#12813,.T.);
#12811 = VERTEX_POINT('',#12812);
#12812 = CARTESIAN_POINT('',(-0.4,-0.225,0.90957187021));
#12813 = LINE('',#12814,#12815);
#12814 = CARTESIAN_POINT('',(-0.4,-0.225,-4.6));
#12815 = VECTOR('',#12816,1.);
#12816 = DIRECTION('',(0.,-2.2E-16,1.));
#12817 = ORIENTED_EDGE('',*,*,#12818,.F.);
#12818 = EDGE_CURVE('',#12819,#12811,#12821,.T.);
#12819 = VERTEX_POINT('',#12820);
#12820 = CARTESIAN_POINT('',(0.437956929931,-0.225,0.90957187021));
#12821 = LINE('',#12822,#12823);
#12822 = CARTESIAN_POINT('',(0.437956929931,-0.225,0.90957187021));
#12823 = VECTOR('',#12824,1.);
#12824 = DIRECTION('',(-1.,0.,0.));
#12825 = ORIENTED_EDGE('',*,*,#12826,.F.);
#12826 = EDGE_CURVE('',#12827,#12819,#12829,.T.);
#12827 = VERTEX_POINT('',#12828);
#12828 = CARTESIAN_POINT('',(2.487124850331,-0.225,1.535332874241));
#12829 = LINE('',#12830,#12831);
#12830 = CARTESIAN_POINT('',(2.487124850331,-0.225,1.535332874241));
#12831 = VECTOR('',#12832,1.);
#12832 = DIRECTION('',(-0.956400292518,6.000000000001E-17,
    -0.292059035935));
#12833 = ORIENTED_EDGE('',*,*,#12834,.F.);
#12834 = EDGE_CURVE('',#12835,#12827,#12837,.T.);
#12835 = VERTEX_POINT('',#12836);
#12836 = CARTESIAN_POINT('',(2.487124850331,-0.225,2.48242));
#12837 = LINE('',#12838,#12839);
#12838 = CARTESIAN_POINT('',(2.487124850331,-0.225,2.48242));
#12839 = VECTOR('',#12840,1.);
#12840 = DIRECTION('',(0.,2.2E-16,-1.));
#12841 = ORIENTED_EDGE('',*,*,#12842,.F.);
#12842 = EDGE_CURVE('',#12843,#12835,#12845,.T.);
#12843 = VERTEX_POINT('',#12844);
#12844 = CARTESIAN_POINT('',(2.98,-0.225,2.48242));
#12845 = LINE('',#12846,#12847);
#12846 = CARTESIAN_POINT('',(2.98,-0.225,2.48242));
#12847 = VECTOR('',#12848,1.);
#12848 = DIRECTION('',(-1.,0.,0.));
#12849 = ORIENTED_EDGE('',*,*,#12850,.F.);
#12850 = EDGE_CURVE('',#12851,#12843,#12853,.T.);
#12851 = VERTEX_POINT('',#12852);
#12852 = CARTESIAN_POINT('',(2.98,-0.225,3.062715999999));
#12853 = LINE('',#12854,#12855);
#12854 = CARTESIAN_POINT('',(2.98,-0.225,3.062715999999));
#12855 = VECTOR('',#12856,1.);
#12856 = DIRECTION('',(0.,2.2E-16,-1.));
#12857 = ORIENTED_EDGE('',*,*,#12858,.F.);
#12858 = EDGE_CURVE('',#12859,#12851,#12861,.T.);
#12859 = VERTEX_POINT('',#12860);
#12860 = CARTESIAN_POINT('',(3.48,-0.225,3.062715999999));
#12861 = LINE('',#12862,#12863);
#12862 = CARTESIAN_POINT('',(3.48,-0.225,3.062715999999));
#12863 = VECTOR('',#12864,1.);
#12864 = DIRECTION('',(-1.,0.,0.));
#12865 = ORIENTED_EDGE('',*,*,#12866,.F.);
#12866 = EDGE_CURVE('',#12867,#12859,#12869,.T.);
#12867 = VERTEX_POINT('',#12868);
#12868 = CARTESIAN_POINT('',(3.48,-0.225,1.205429339611));
#12869 = LINE('',#12870,#12871);
#12870 = CARTESIAN_POINT('',(3.48,-0.225,1.205429339611));
#12871 = VECTOR('',#12872,1.);
#12872 = DIRECTION('',(0.,-2.2E-16,1.));
#12873 = ORIENTED_EDGE('',*,*,#12874,.F.);
#12874 = EDGE_CURVE('',#12875,#12867,#12877,.T.);
#12875 = VERTEX_POINT('',#12876);
#12876 = CARTESIAN_POINT('',(2.84794798338,-0.225,1.205429339611));
#12877 = LINE('',#12878,#12879);
#12878 = CARTESIAN_POINT('',(2.84794798338,-0.225,1.205429339611));
#12879 = VECTOR('',#12880,1.);
#12880 = DIRECTION('',(1.,0.,0.));
#12881 = ORIENTED_EDGE('',*,*,#12882,.F.);
#12882 = EDGE_CURVE('',#12883,#12875,#12885,.T.);
#12883 = VERTEX_POINT('',#12884);
#12884 = CARTESIAN_POINT('',(0.39999999999,-0.225,0.45789158409));
#12885 = LINE('',#12886,#12887);
#12886 = CARTESIAN_POINT('',(0.39999999999,-0.225,0.45789158409));
#12887 = VECTOR('',#12888,1.);
#12888 = DIRECTION('',(0.956400292518,-6.000000000001E-17,0.292059035935
    ));
#12889 = ORIENTED_EDGE('',*,*,#12890,.F.);
#12890 = EDGE_CURVE('',#12891,#12883,#12893,.T.);
#12891 = VERTEX_POINT('',#12892);
#12892 = CARTESIAN_POINT('',(0.39999999999,-0.225,-3.4));
#12893 = LINE('',#12894,#12895);
#12894 = CARTESIAN_POINT('',(0.39999999999,-0.225,-4.6));
#12895 = VECTOR('',#12896,1.);
#12896 = DIRECTION('',(0.,-2.2E-16,1.));
#12897 = ORIENTED_EDGE('',*,*,#12898,.T.);
#12898 = EDGE_CURVE('',#12891,#12774,#12899,.T.);
#12899 = CIRCLE('',#12900,0.2);
#12900 = AXIS2_PLACEMENT_3D('',#12901,#12902,#12903);
#12901 = CARTESIAN_POINT('',(0.39999999999,-0.225,-3.6));
#12902 = DIRECTION('',(0.,-1.,2.2E-16));
#12903 = DIRECTION('',(1.,0.,0.));
#12904 = PLANE('',#12905);
#12905 = AXIS2_PLACEMENT_3D('',#12906,#12907,#12908);
#12906 = CARTESIAN_POINT('',(1.032787097361,-0.225,-0.356779882318));
#12907 = DIRECTION('',(0.,1.,2.2E-16));
#12908 = DIRECTION('',(0.,-2.2E-16,1.));
#12909 = ADVANCED_FACE('',(#12910),#12921,.F.);
#12910 = FACE_BOUND('',#12911,.F.);
#12911 = EDGE_LOOP('',(#12912,#12913,#12914,#12915));
#12912 = ORIENTED_EDGE('',*,*,#12571,.F.);
#12913 = ORIENTED_EDGE('',*,*,#12735,.T.);
#12914 = ORIENTED_EDGE('',*,*,#12773,.T.);
#12915 = ORIENTED_EDGE('',*,*,#12916,.F.);
#12916 = EDGE_CURVE('',#12574,#12774,#12917,.T.);
#12917 = LINE('',#12918,#12919);
#12918 = CARTESIAN_POINT('',(0.39999999999,-8.77980611621,-3.8));
#12919 = VECTOR('',#12920,1.);
#12920 = DIRECTION('',(0.,-1.,2.2E-16));
#12921 = PLANE('',#12922);
#12922 = AXIS2_PLACEMENT_3D('',#12923,#12924,#12925);
#12923 = CARTESIAN_POINT('',(0.39999999999,0.225,-4.6));
#12924 = DIRECTION('',(-1.,0.,0.));
#12925 = DIRECTION('',(0.,2.2E-16,1.));
#12926 = ADVANCED_FACE('',(#12927),#12938,.F.);
#12927 = FACE_BOUND('',#12928,.F.);
#12928 = EDGE_LOOP('',(#12929,#12935,#12936,#12937));
#12929 = ORIENTED_EDGE('',*,*,#12930,.F.);
#12930 = EDGE_CURVE('',#12703,#12891,#12931,.T.);
#12931 = LINE('',#12932,#12933);
#12932 = CARTESIAN_POINT('',(0.39999999999,-8.77980611621,-3.4));
#12933 = VECTOR('',#12934,1.);
#12934 = DIRECTION('',(0.,-1.,2.2E-16));
#12935 = ORIENTED_EDGE('',*,*,#12710,.T.);
#12936 = ORIENTED_EDGE('',*,*,#12916,.T.);
#12937 = ORIENTED_EDGE('',*,*,#12898,.F.);
#12938 = CYLINDRICAL_SURFACE('',#12939,0.2);
#12939 = AXIS2_PLACEMENT_3D('',#12940,#12941,#12942);
#12940 = CARTESIAN_POINT('',(0.39999999999,-8.77980611621,-3.6));
#12941 = DIRECTION('',(0.,-1.,2.2E-16));
#12942 = DIRECTION('',(1.,0.,0.));
#12943 = ADVANCED_FACE('',(#12944),#12955,.F.);
#12944 = FACE_BOUND('',#12945,.F.);
#12945 = EDGE_LOOP('',(#12946,#12947,#12948,#12949));
#12946 = ORIENTED_EDGE('',*,*,#12702,.F.);
#12947 = ORIENTED_EDGE('',*,*,#12930,.T.);
#12948 = ORIENTED_EDGE('',*,*,#12890,.T.);
#12949 = ORIENTED_EDGE('',*,*,#12950,.F.);
#12950 = EDGE_CURVE('',#12695,#12883,#12951,.T.);
#12951 = LINE('',#12952,#12953);
#12952 = CARTESIAN_POINT('',(0.39999999999,0.225,0.45789158409));
#12953 = VECTOR('',#12954,1.);
#12954 = DIRECTION('',(0.,-1.,2.2E-16));
#12955 = PLANE('',#12956);
#12956 = AXIS2_PLACEMENT_3D('',#12957,#12958,#12959);
#12957 = CARTESIAN_POINT('',(0.39999999999,0.225,-4.6));
#12958 = DIRECTION('',(-1.,0.,0.));
#12959 = DIRECTION('',(0.,2.2E-16,1.));
#12960 = ADVANCED_FACE('',(#12961),#12972,.F.);
#12961 = FACE_BOUND('',#12962,.F.);
#12962 = EDGE_LOOP('',(#12963,#12964,#12965,#12971));
#12963 = ORIENTED_EDGE('',*,*,#12950,.T.);
#12964 = ORIENTED_EDGE('',*,*,#12882,.T.);
#12965 = ORIENTED_EDGE('',*,*,#12966,.F.);
#12966 = EDGE_CURVE('',#12687,#12875,#12967,.T.);
#12967 = LINE('',#12968,#12969);
#12968 = CARTESIAN_POINT('',(2.84794798338,0.225,1.205429339611));
#12969 = VECTOR('',#12970,1.);
#12970 = DIRECTION('',(0.,-1.,2.2E-16));
#12971 = ORIENTED_EDGE('',*,*,#12694,.F.);
#12972 = PLANE('',#12973);
#12973 = AXIS2_PLACEMENT_3D('',#12974,#12975,#12976);
#12974 = CARTESIAN_POINT('',(0.39999999999,0.225,0.45789158409));
#12975 = DIRECTION('',(-0.292059035935,2.1E-16,0.956400292518));
#12976 = DIRECTION('',(0.956400292518,6.000000000001E-17,0.292059035935)
  );
#12977 = ADVANCED_FACE('',(#12978),#12989,.T.);
#12978 = FACE_BOUND('',#12979,.T.);
#12979 = EDGE_LOOP('',(#12980,#12981,#12982,#12983));
#12980 = ORIENTED_EDGE('',*,*,#12596,.F.);
#12981 = ORIENTED_EDGE('',*,*,#12759,.T.);
#12982 = ORIENTED_EDGE('',*,*,#12784,.T.);
#12983 = ORIENTED_EDGE('',*,*,#12984,.F.);
#12984 = EDGE_CURVE('',#12597,#12785,#12985,.T.);
#12985 = LINE('',#12986,#12987);
#12986 = CARTESIAN_POINT('',(-0.4,-8.77980611621,-3.8));
#12987 = VECTOR('',#12988,1.);
#12988 = DIRECTION('',(0.,-1.,2.2E-16));
#12989 = PLANE('',#12990);
#12990 = AXIS2_PLACEMENT_3D('',#12991,#12992,#12993);
#12991 = CARTESIAN_POINT('',(-0.4,0.225,-4.6));
#12992 = DIRECTION('',(-1.,0.,0.));
#12993 = DIRECTION('',(0.,2.2E-16,1.));
#12994 = ADVANCED_FACE('',(#12995),#13006,.F.);
#12995 = FACE_BOUND('',#12996,.F.);
#12996 = EDGE_LOOP('',(#12997,#12998,#12999,#13005));
#12997 = ORIENTED_EDGE('',*,*,#12966,.T.);
#12998 = ORIENTED_EDGE('',*,*,#12874,.T.);
#12999 = ORIENTED_EDGE('',*,*,#13000,.F.);
#13000 = EDGE_CURVE('',#12679,#12867,#13001,.T.);
#13001 = LINE('',#13002,#13003);
#13002 = CARTESIAN_POINT('',(3.48,0.225,1.205429339611));
#13003 = VECTOR('',#13004,1.);
#13004 = DIRECTION('',(0.,-1.,2.2E-16));
#13005 = ORIENTED_EDGE('',*,*,#12686,.F.);
#13006 = PLANE('',#13007);
#13007 = AXIS2_PLACEMENT_3D('',#13008,#13009,#13010);
#13008 = CARTESIAN_POINT('',(2.84794798338,0.225,1.205429339611));
#13009 = DIRECTION('',(0.,2.2E-16,1.));
#13010 = DIRECTION('',(1.,0.,-0.));
#13011 = ADVANCED_FACE('',(#13012),#13023,.F.);
#13012 = FACE_BOUND('',#13013,.F.);
#13013 = EDGE_LOOP('',(#13014,#13020,#13021,#13022));
#13014 = ORIENTED_EDGE('',*,*,#13015,.F.);
#13015 = EDGE_CURVE('',#12793,#12605,#13016,.T.);
#13016 = LINE('',#13017,#13018);
#13017 = CARTESIAN_POINT('',(-0.2,-8.77980611621,-3.6));
#13018 = VECTOR('',#13019,1.);
#13019 = DIRECTION('',(0.,1.,-2.2E-16));
#13020 = ORIENTED_EDGE('',*,*,#12792,.F.);
#13021 = ORIENTED_EDGE('',*,*,#12984,.F.);
#13022 = ORIENTED_EDGE('',*,*,#12604,.T.);
#13023 = CYLINDRICAL_SURFACE('',#13024,0.2);
#13024 = AXIS2_PLACEMENT_3D('',#13025,#13026,#13027);
#13025 = CARTESIAN_POINT('',(-0.4,-8.77980611621,-3.6));
#13026 = DIRECTION('',(0.,-1.,2.2E-16));
#13027 = DIRECTION('',(1.,0.,0.));
#13028 = ADVANCED_FACE('',(#13029),#13040,.F.);
#13029 = FACE_BOUND('',#13030,.F.);
#13030 = EDGE_LOOP('',(#13031,#13032,#13033,#13039));
#13031 = ORIENTED_EDGE('',*,*,#13000,.T.);
#13032 = ORIENTED_EDGE('',*,*,#12866,.T.);
#13033 = ORIENTED_EDGE('',*,*,#13034,.F.);
#13034 = EDGE_CURVE('',#12671,#12859,#13035,.T.);
#13035 = LINE('',#13036,#13037);
#13036 = CARTESIAN_POINT('',(3.48,0.225,3.062715999999));
#13037 = VECTOR('',#13038,1.);
#13038 = DIRECTION('',(0.,-1.,2.2E-16));
#13039 = ORIENTED_EDGE('',*,*,#12678,.F.);
#13040 = PLANE('',#13041);
#13041 = AXIS2_PLACEMENT_3D('',#13042,#13043,#13044);
#13042 = CARTESIAN_POINT('',(3.48,0.225,1.205429339611));
#13043 = DIRECTION('',(-1.,0.,0.));
#13044 = DIRECTION('',(0.,2.2E-16,1.));
#13045 = ADVANCED_FACE('',(#13046),#13057,.F.);
#13046 = FACE_BOUND('',#13047,.F.);
#13047 = EDGE_LOOP('',(#13048,#13049,#13050,#13051));
#13048 = ORIENTED_EDGE('',*,*,#12801,.F.);
#13049 = ORIENTED_EDGE('',*,*,#13015,.T.);
#13050 = ORIENTED_EDGE('',*,*,#12613,.T.);
#13051 = ORIENTED_EDGE('',*,*,#13052,.T.);
#13052 = EDGE_CURVE('',#12614,#12802,#13053,.T.);
#13053 = LINE('',#13054,#13055);
#13054 = CARTESIAN_POINT('',(-0.4,-8.77980611621,-3.4));
#13055 = VECTOR('',#13056,1.);
#13056 = DIRECTION('',(0.,-1.,2.2E-16));
#13057 = CYLINDRICAL_SURFACE('',#13058,0.2);
#13058 = AXIS2_PLACEMENT_3D('',#13059,#13060,#13061);
#13059 = CARTESIAN_POINT('',(-0.4,-8.77980611621,-3.6));
#13060 = DIRECTION('',(0.,-1.,2.2E-16));
#13061 = DIRECTION('',(1.,0.,0.));
#13062 = ADVANCED_FACE('',(#13063),#13074,.F.);
#13063 = FACE_BOUND('',#13064,.F.);
#13064 = EDGE_LOOP('',(#13065,#13066,#13067,#13073));
#13065 = ORIENTED_EDGE('',*,*,#13034,.T.);
#13066 = ORIENTED_EDGE('',*,*,#12858,.T.);
#13067 = ORIENTED_EDGE('',*,*,#13068,.F.);
#13068 = EDGE_CURVE('',#12663,#12851,#13069,.T.);
#13069 = LINE('',#13070,#13071);
#13070 = CARTESIAN_POINT('',(2.98,0.225,3.062715999999));
#13071 = VECTOR('',#13072,1.);
#13072 = DIRECTION('',(0.,-1.,2.2E-16));
#13073 = ORIENTED_EDGE('',*,*,#12670,.F.);
#13074 = PLANE('',#13075);
#13075 = AXIS2_PLACEMENT_3D('',#13076,#13077,#13078);
#13076 = CARTESIAN_POINT('',(3.48,0.225,3.062715999999));
#13077 = DIRECTION('',(0.,-2.2E-16,-1.));
#13078 = DIRECTION('',(-1.,-0.,0.));
#13079 = ADVANCED_FACE('',(#13080),#13091,.T.);
#13080 = FACE_BOUND('',#13081,.T.);
#13081 = EDGE_LOOP('',(#13082,#13083,#13084,#13085));
#13082 = ORIENTED_EDGE('',*,*,#12622,.F.);
#13083 = ORIENTED_EDGE('',*,*,#13052,.T.);
#13084 = ORIENTED_EDGE('',*,*,#12810,.T.);
#13085 = ORIENTED_EDGE('',*,*,#13086,.F.);
#13086 = EDGE_CURVE('',#12623,#12811,#13087,.T.);
#13087 = LINE('',#13088,#13089);
#13088 = CARTESIAN_POINT('',(-0.4,0.225,0.90957187021));
#13089 = VECTOR('',#13090,1.);
#13090 = DIRECTION('',(0.,-1.,2.2E-16));
#13091 = PLANE('',#13092);
#13092 = AXIS2_PLACEMENT_3D('',#13093,#13094,#13095);
#13093 = CARTESIAN_POINT('',(-0.4,0.225,-4.6));
#13094 = DIRECTION('',(-1.,0.,0.));
#13095 = DIRECTION('',(0.,2.2E-16,1.));
#13096 = ADVANCED_FACE('',(#13097),#13108,.F.);
#13097 = FACE_BOUND('',#13098,.F.);
#13098 = EDGE_LOOP('',(#13099,#13100,#13101,#13107));
#13099 = ORIENTED_EDGE('',*,*,#13068,.T.);
#13100 = ORIENTED_EDGE('',*,*,#12850,.T.);
#13101 = ORIENTED_EDGE('',*,*,#13102,.F.);
#13102 = EDGE_CURVE('',#12655,#12843,#13103,.T.);
#13103 = LINE('',#13104,#13105);
#13104 = CARTESIAN_POINT('',(2.98,0.225,2.48242));
#13105 = VECTOR('',#13106,1.);
#13106 = DIRECTION('',(0.,-1.,2.2E-16));
#13107 = ORIENTED_EDGE('',*,*,#12662,.F.);
#13108 = PLANE('',#13109);
#13109 = AXIS2_PLACEMENT_3D('',#13110,#13111,#13112);
#13110 = CARTESIAN_POINT('',(2.98,0.225,3.062715999999));
#13111 = DIRECTION('',(1.,0.,0.));
#13112 = DIRECTION('',(0.,-2.2E-16,-1.));
#13113 = ADVANCED_FACE('',(#13114),#13125,.F.);
#13114 = FACE_BOUND('',#13115,.F.);
#13115 = EDGE_LOOP('',(#13116,#13122,#13123,#13124));
#13116 = ORIENTED_EDGE('',*,*,#13117,.T.);
#13117 = EDGE_CURVE('',#12631,#12819,#13118,.T.);
#13118 = LINE('',#13119,#13120);
#13119 = CARTESIAN_POINT('',(0.437956929931,0.225,0.90957187021));
#13120 = VECTOR('',#13121,1.);
#13121 = DIRECTION('',(0.,-1.,2.2E-16));
#13122 = ORIENTED_EDGE('',*,*,#12818,.T.);
#13123 = ORIENTED_EDGE('',*,*,#13086,.F.);
#13124 = ORIENTED_EDGE('',*,*,#12630,.F.);
#13125 = PLANE('',#13126);
#13126 = AXIS2_PLACEMENT_3D('',#13127,#13128,#13129);
#13127 = CARTESIAN_POINT('',(0.437956929931,0.225,0.90957187021));
#13128 = DIRECTION('',(0.,-2.2E-16,-1.));
#13129 = DIRECTION('',(-1.,-0.,0.));
#13130 = ADVANCED_FACE('',(#13131),#13142,.F.);
#13131 = FACE_BOUND('',#13132,.F.);
#13132 = EDGE_LOOP('',(#13133,#13134,#13135,#13141));
#13133 = ORIENTED_EDGE('',*,*,#13102,.T.);
#13134 = ORIENTED_EDGE('',*,*,#12842,.T.);
#13135 = ORIENTED_EDGE('',*,*,#13136,.F.);
#13136 = EDGE_CURVE('',#12647,#12835,#13137,.T.);
#13137 = LINE('',#13138,#13139);
#13138 = CARTESIAN_POINT('',(2.487124850331,0.225,2.48242));
#13139 = VECTOR('',#13140,1.);
#13140 = DIRECTION('',(0.,-1.,2.2E-16));
#13141 = ORIENTED_EDGE('',*,*,#12654,.F.);
#13142 = PLANE('',#13143);
#13143 = AXIS2_PLACEMENT_3D('',#13144,#13145,#13146);
#13144 = CARTESIAN_POINT('',(2.98,0.225,2.48242));
#13145 = DIRECTION('',(0.,-2.2E-16,-1.));
#13146 = DIRECTION('',(-1.,-0.,0.));
#13147 = ADVANCED_FACE('',(#13148),#13159,.F.);
#13148 = FACE_BOUND('',#13149,.F.);
#13149 = EDGE_LOOP('',(#13150,#13156,#13157,#13158));
#13150 = ORIENTED_EDGE('',*,*,#13151,.T.);
#13151 = EDGE_CURVE('',#12639,#12827,#13152,.T.);
#13152 = LINE('',#13153,#13154);
#13153 = CARTESIAN_POINT('',(2.487124850331,0.225,1.535332874241));
#13154 = VECTOR('',#13155,1.);
#13155 = DIRECTION('',(0.,-1.,2.2E-16));
#13156 = ORIENTED_EDGE('',*,*,#12826,.T.);
#13157 = ORIENTED_EDGE('',*,*,#13117,.F.);
#13158 = ORIENTED_EDGE('',*,*,#12638,.F.);
#13159 = PLANE('',#13160);
#13160 = AXIS2_PLACEMENT_3D('',#13161,#13162,#13163);
#13161 = CARTESIAN_POINT('',(2.487124850331,0.225,1.535332874241));
#13162 = DIRECTION('',(0.292059035935,-2.1E-16,-0.956400292518));
#13163 = DIRECTION('',(-0.956400292518,-6.000000000001E-17,
    -0.292059035935));
#13164 = ADVANCED_FACE('',(#13165),#13171,.F.);
#13165 = FACE_BOUND('',#13166,.F.);
#13166 = EDGE_LOOP('',(#13167,#13168,#13169,#13170));
#13167 = ORIENTED_EDGE('',*,*,#13136,.T.);
#13168 = ORIENTED_EDGE('',*,*,#12834,.T.);
#13169 = ORIENTED_EDGE('',*,*,#13151,.F.);
#13170 = ORIENTED_EDGE('',*,*,#12646,.F.);
#13171 = PLANE('',#13172);
#13172 = AXIS2_PLACEMENT_3D('',#13173,#13174,#13175);
#13173 = CARTESIAN_POINT('',(2.487124850331,0.225,2.48242));
#13174 = DIRECTION('',(1.,0.,0.));
#13175 = DIRECTION('',(0.,-2.2E-16,-1.));
#13176 = ( GEOMETRIC_REPRESENTATION_CONTEXT(3) 
GLOBAL_UNCERTAINTY_ASSIGNED_CONTEXT((#13180)) 
GLOBAL_UNIT_ASSIGNED_CONTEXT((#13177,#13178,#13179)) 
REPRESENTATION_CONTEXT('Context #1',
  '3D Context with UNIT and UNCERTAINTY') );
#13177 = ( LENGTH_UNIT() NAMED_UNIT(*) SI_UNIT(.MILLI.,.METRE.) );
#13178 = ( NAMED_UNIT(*) PLANE_ANGLE_UNIT() SI_UNIT($,.RADIAN.) );
#13179 = ( NAMED_UNIT(*) SI_UNIT($,.STERADIAN.) SOLID_ANGLE_UNIT() );
#13180 = UNCERTAINTY_MEASURE_WITH_UNIT(LENGTH_MEASURE(1.E-07),#13177,
  'distance_accuracy_value','confusion accuracy');
#13181 = CONTEXT_DEPENDENT_SHAPE_REPRESENTATION(#13182,#13184);
#13182 = ( REPRESENTATION_RELATIONSHIP('','',#12524,#8075) 
REPRESENTATION_RELATIONSHIP_WITH_TRANSFORMATION(#13183) 
SHAPE_REPRESENTATION_RELATIONSHIP() );
#13183 = ITEM_DEFINED_TRANSFORMATION('','',#11,#8092);
#13184 = PRODUCT_DEFINITION_SHAPE('Placement','Placement of an item',
  #13185);
#13185 = NEXT_ASSEMBLY_USAGE_OCCURRENCE('14','Pin_NO005','',#8070,#12519
  ,$);
#13186 = PRODUCT_RELATED_PRODUCT_CATEGORY('part',$,(#12521));
#13187 = SHAPE_DEFINITION_REPRESENTATION(#13188,#13194);
#13188 = PRODUCT_DEFINITION_SHAPE('','',#13189);
#13189 = PRODUCT_DEFINITION('design','',#13190,#13193);
#13190 = PRODUCT_DEFINITION_FORMATION('','',#13191);
#13191 = PRODUCT('Pin_C005','Pin_C005','',(#13192));
#13192 = PRODUCT_CONTEXT('',#2,'mechanical');
#13193 = PRODUCT_DEFINITION_CONTEXT('part definition',#2,'design');
#13194 = ADVANCED_BREP_SHAPE_REPRESENTATION('',(#11,#13195),#14011);
#13195 = MANIFOLD_SOLID_BREP('',#13196);
#13196 = CLOSED_SHELL('',(#13197,#13400,#13431,#13455,#13480,#13504,
    #13529,#13553,#13577,#13601,#13625,#13650,#13674,#13698,#13722,
    #13746,#13770,#13794,#13818,#13842,#13866,#13890,#13914,#13938,
    #13962,#13979));
#13197 = ADVANCED_FACE('',(#13198),#13395,.T.);
#13198 = FACE_BOUND('',#13199,.T.);
#13199 = EDGE_LOOP('',(#13200,#13210,#13219,#13228,#13236,#13244,#13252,
    #13260,#13268,#13276,#13284,#13292,#13300,#13308,#13316,#13324,
    #13332,#13340,#13348,#13356,#13365,#13373,#13381,#13389));
#13200 = ORIENTED_EDGE('',*,*,#13201,.F.);
#13201 = EDGE_CURVE('',#13202,#13204,#13206,.T.);
#13202 = VERTEX_POINT('',#13203);
#13203 = CARTESIAN_POINT('',(-5.48,0.225,-3.8));
#13204 = VERTEX_POINT('',#13205);
#13205 = CARTESIAN_POINT('',(-5.48,0.225,-4.45));
#13206 = LINE('',#13207,#13208);
#13207 = CARTESIAN_POINT('',(-5.48,0.225,0.573115));
#13208 = VECTOR('',#13209,1.);
#13209 = DIRECTION('',(0.,2.2E-16,-1.));
#13210 = ORIENTED_EDGE('',*,*,#13211,.T.);
#13211 = EDGE_CURVE('',#13202,#13212,#13214,.T.);
#13212 = VERTEX_POINT('',#13213);
#13213 = CARTESIAN_POINT('',(-5.28,0.225,-3.6));
#13214 = CIRCLE('',#13215,0.2);
#13215 = AXIS2_PLACEMENT_3D('',#13216,#13217,#13218);
#13216 = CARTESIAN_POINT('',(-5.48,0.225,-3.6));
#13217 = DIRECTION('',(0.,-1.,2.2E-16));
#13218 = DIRECTION('',(1.,0.,0.));
#13219 = ORIENTED_EDGE('',*,*,#13220,.T.);
#13220 = EDGE_CURVE('',#13212,#13221,#13223,.T.);
#13221 = VERTEX_POINT('',#13222);
#13222 = CARTESIAN_POINT('',(-5.48,0.225,-3.4));
#13223 = CIRCLE('',#13224,0.2);
#13224 = AXIS2_PLACEMENT_3D('',#13225,#13226,#13227);
#13225 = CARTESIAN_POINT('',(-5.48,0.225,-3.6));
#13226 = DIRECTION('',(0.,-1.,2.2E-16));
#13227 = DIRECTION('',(1.,0.,0.));
#13228 = ORIENTED_EDGE('',*,*,#13229,.F.);
#13229 = EDGE_CURVE('',#13230,#13221,#13232,.T.);
#13230 = VERTEX_POINT('',#13231);
#13231 = CARTESIAN_POINT('',(-5.48,0.225,0.573115));
#13232 = LINE('',#13233,#13234);
#13233 = CARTESIAN_POINT('',(-5.48,0.225,0.573115));
#13234 = VECTOR('',#13235,1.);
#13235 = DIRECTION('',(0.,2.2E-16,-1.));
#13236 = ORIENTED_EDGE('',*,*,#13237,.F.);
#13237 = EDGE_CURVE('',#13238,#13230,#13240,.T.);
#13238 = VERTEX_POINT('',#13239);
#13239 = CARTESIAN_POINT('',(-5.276876,0.225,1.094923));
#13240 = LINE('',#13241,#13242);
#13241 = CARTESIAN_POINT('',(-5.276876,0.225,1.094923));
#13242 = VECTOR('',#13243,1.);
#13243 = DIRECTION('',(-0.362754427168,2.1E-16,-0.931884770543));
#13244 = ORIENTED_EDGE('',*,*,#13245,.F.);
#13245 = EDGE_CURVE('',#13246,#13238,#13248,.T.);
#13246 = VERTEX_POINT('',#13247);
#13247 = CARTESIAN_POINT('',(-5.276876,0.225,1.901539999995));
#13248 = LINE('',#13249,#13250);
#13249 = CARTESIAN_POINT('',(-5.276876,0.225,1.901539999995));
#13250 = VECTOR('',#13251,1.);
#13251 = DIRECTION('',(0.,2.2E-16,-1.));
#13252 = ORIENTED_EDGE('',*,*,#13253,.F.);
#13253 = EDGE_CURVE('',#13254,#13246,#13256,.T.);
#13254 = VERTEX_POINT('',#13255);
#13255 = CARTESIAN_POINT('',(-5.746886,0.225,1.901539999995));
#13256 = LINE('',#13257,#13258);
#13257 = CARTESIAN_POINT('',(-5.746886,0.225,1.901539999995));
#13258 = VECTOR('',#13259,1.);
#13259 = DIRECTION('',(1.,0.,0.));
#13260 = ORIENTED_EDGE('',*,*,#13261,.F.);
#13261 = EDGE_CURVE('',#13262,#13254,#13264,.T.);
#13262 = VERTEX_POINT('',#13263);
#13263 = CARTESIAN_POINT('',(-5.487080321881,0.225,3.699999999998));
#13264 = LINE('',#13265,#13266);
#13265 = CARTESIAN_POINT('',(-5.487080321881,0.225,3.699999999998));
#13266 = VECTOR('',#13267,1.);
#13267 = DIRECTION('',(-0.142975922708,2.2E-16,-0.98972616694));
#13268 = ORIENTED_EDGE('',*,*,#13269,.F.);
#13269 = EDGE_CURVE('',#13270,#13262,#13272,.T.);
#13270 = VERTEX_POINT('',#13271);
#13271 = CARTESIAN_POINT('',(-4.637080321881,0.225,3.699999999998));
#13272 = LINE('',#13273,#13274);
#13273 = CARTESIAN_POINT('',(-4.637080321881,0.225,3.699999999998));
#13274 = VECTOR('',#13275,1.);
#13275 = DIRECTION('',(-1.,0.,0.));
#13276 = ORIENTED_EDGE('',*,*,#13277,.F.);
#13277 = EDGE_CURVE('',#13278,#13270,#13280,.T.);
#13278 = VERTEX_POINT('',#13279);
#13279 = CARTESIAN_POINT('',(-4.637080321881,0.225,2.234428));
#13280 = LINE('',#13281,#13282);
#13281 = CARTESIAN_POINT('',(-4.637080321881,0.225,2.234428));
#13282 = VECTOR('',#13283,1.);
#13283 = DIRECTION('',(0.,-2.2E-16,1.));
#13284 = ORIENTED_EDGE('',*,*,#13285,.F.);
#13285 = EDGE_CURVE('',#13286,#13278,#13288,.T.);
#13286 = VERTEX_POINT('',#13287);
#13287 = CARTESIAN_POINT('',(-1.536305,0.225,2.234428));
#13288 = LINE('',#13289,#13290);
#13289 = CARTESIAN_POINT('',(-1.536305,0.225,2.234428));
#13290 = VECTOR('',#13291,1.);
#13291 = DIRECTION('',(-1.,0.,0.));
#13292 = ORIENTED_EDGE('',*,*,#13293,.F.);
#13293 = EDGE_CURVE('',#13294,#13286,#13296,.T.);
#13294 = VERTEX_POINT('',#13295);
#13295 = CARTESIAN_POINT('',(-1.536305,0.225,3.699999999998));
#13296 = LINE('',#13297,#13298);
#13297 = CARTESIAN_POINT('',(-1.536305,0.225,3.699999999998));
#13298 = VECTOR('',#13299,1.);
#13299 = DIRECTION('',(0.,2.2E-16,-1.));
#13300 = ORIENTED_EDGE('',*,*,#13301,.F.);
#13301 = EDGE_CURVE('',#13302,#13294,#13304,.T.);
#13302 = VERTEX_POINT('',#13303);
#13303 = CARTESIAN_POINT('',(-1.036305,0.225,3.699999999998));
#13304 = LINE('',#13305,#13306);
#13305 = CARTESIAN_POINT('',(-1.036305,0.225,3.699999999998));
#13306 = VECTOR('',#13307,1.);
#13307 = DIRECTION('',(-1.,0.,0.));
#13308 = ORIENTED_EDGE('',*,*,#13309,.F.);
#13309 = EDGE_CURVE('',#13310,#13302,#13312,.T.);
#13310 = VERTEX_POINT('',#13311);
#13311 = CARTESIAN_POINT('',(-0.654846,0.225,1.901539999995));
#13312 = LINE('',#13313,#13314);
#13313 = CARTESIAN_POINT('',(-0.654846,0.225,1.901539999995));
#13314 = VECTOR('',#13315,1.);
#13315 = DIRECTION('',(-0.207487283856,-2.199999999999E-16,
    0.978237714995));
#13316 = ORIENTED_EDGE('',*,*,#13317,.F.);
#13317 = EDGE_CURVE('',#13318,#13310,#13320,.T.);
#13318 = VERTEX_POINT('',#13319);
#13319 = CARTESIAN_POINT('',(-1.124856,0.225,1.901539999995));
#13320 = LINE('',#13321,#13322);
#13321 = CARTESIAN_POINT('',(-1.124856,0.225,1.901539999995));
#13322 = VECTOR('',#13323,1.);
#13323 = DIRECTION('',(1.,0.,0.));
#13324 = ORIENTED_EDGE('',*,*,#13325,.F.);
#13325 = EDGE_CURVE('',#13326,#13318,#13328,.T.);
#13326 = VERTEX_POINT('',#13327);
#13327 = CARTESIAN_POINT('',(-1.124856,0.225,1.126079));
#13328 = LINE('',#13329,#13330);
#13329 = CARTESIAN_POINT('',(-1.124856,0.225,1.126079));
#13330 = VECTOR('',#13331,1.);
#13331 = DIRECTION('',(0.,-2.2E-16,1.));
#13332 = ORIENTED_EDGE('',*,*,#13333,.F.);
#13333 = EDGE_CURVE('',#13334,#13326,#13336,.T.);
#13334 = VERTEX_POINT('',#13335);
#13335 = CARTESIAN_POINT('',(-4.297031,0.225,1.126079));
#13336 = LINE('',#13337,#13338);
#13337 = CARTESIAN_POINT('',(-4.297031,0.225,1.126079));
#13338 = VECTOR('',#13339,1.);
#13339 = DIRECTION('',(1.,0.,0.));
#13340 = ORIENTED_EDGE('',*,*,#13341,.F.);
#13341 = EDGE_CURVE('',#13342,#13334,#13344,.T.);
#13342 = VERTEX_POINT('',#13343);
#13343 = CARTESIAN_POINT('',(-4.68,0.225,0.531664));
#13344 = LINE('',#13345,#13346);
#13345 = CARTESIAN_POINT('',(-4.68,0.225,0.531664));
#13346 = VECTOR('',#13347,1.);
#13347 = DIRECTION('',(0.541602961197,-1.9E-16,0.840634422578));
#13348 = ORIENTED_EDGE('',*,*,#13349,.F.);
#13349 = EDGE_CURVE('',#13350,#13342,#13352,.T.);
#13350 = VERTEX_POINT('',#13351);
#13351 = CARTESIAN_POINT('',(-4.68,0.225,-3.4));
#13352 = LINE('',#13353,#13354);
#13353 = CARTESIAN_POINT('',(-4.68,0.225,-4.6));
#13354 = VECTOR('',#13355,1.);
#13355 = DIRECTION('',(0.,-2.2E-16,1.));
#13356 = ORIENTED_EDGE('',*,*,#13357,.T.);
#13357 = EDGE_CURVE('',#13350,#13358,#13360,.T.);
#13358 = VERTEX_POINT('',#13359);
#13359 = CARTESIAN_POINT('',(-4.68,0.225,-3.8));
#13360 = CIRCLE('',#13361,0.2);
#13361 = AXIS2_PLACEMENT_3D('',#13362,#13363,#13364);
#13362 = CARTESIAN_POINT('',(-4.68,0.225,-3.6));
#13363 = DIRECTION('',(0.,-1.,2.2E-16));
#13364 = DIRECTION('',(1.,0.,0.));
#13365 = ORIENTED_EDGE('',*,*,#13366,.F.);
#13366 = EDGE_CURVE('',#13367,#13358,#13369,.T.);
#13367 = VERTEX_POINT('',#13368);
#13368 = CARTESIAN_POINT('',(-4.68,0.225,-4.45));
#13369 = LINE('',#13370,#13371);
#13370 = CARTESIAN_POINT('',(-4.68,0.225,-4.6));
#13371 = VECTOR('',#13372,1.);
#13372 = DIRECTION('',(0.,-2.2E-16,1.));
#13373 = ORIENTED_EDGE('',*,*,#13374,.F.);
#13374 = EDGE_CURVE('',#13375,#13367,#13377,.T.);
#13375 = VERTEX_POINT('',#13376);
#13376 = CARTESIAN_POINT('',(-4.83,0.225,-4.6));
#13377 = LINE('',#13378,#13379);
#13378 = CARTESIAN_POINT('',(-3.290198649095,0.225,-3.060198649095));
#13379 = VECTOR('',#13380,1.);
#13380 = DIRECTION('',(0.707106781187,0.,0.707106781187));
#13381 = ORIENTED_EDGE('',*,*,#13382,.F.);
#13382 = EDGE_CURVE('',#13383,#13375,#13385,.T.);
#13383 = VERTEX_POINT('',#13384);
#13384 = CARTESIAN_POINT('',(-5.33,0.225,-4.6));
#13385 = LINE('',#13386,#13387);
#13386 = CARTESIAN_POINT('',(-5.48,0.225,-4.6));
#13387 = VECTOR('',#13388,1.);
#13388 = DIRECTION('',(1.,0.,0.));
#13389 = ORIENTED_EDGE('',*,*,#13390,.F.);
#13390 = EDGE_CURVE('',#13204,#13383,#13391,.T.);
#13391 = LINE('',#13392,#13393);
#13392 = CARTESIAN_POINT('',(-6.299959349767,0.225,-3.630040650233));
#13393 = VECTOR('',#13394,1.);
#13394 = DIRECTION('',(0.707106781187,0.,-0.707106781187));
#13395 = PLANE('',#13396);
#13396 = AXIS2_PLACEMENT_3D('',#13397,#13398,#13399);
#13397 = CARTESIAN_POINT('',(-3.940315997723,0.225,0.519521401344));
#13398 = DIRECTION('',(0.,1.,2.2E-16));
#13399 = DIRECTION('',(0.,-2.2E-16,1.));
#13400 = ADVANCED_FACE('',(#13401),#13426,.F.);
#13401 = FACE_BOUND('',#13402,.F.);
#13402 = EDGE_LOOP('',(#13403,#13404,#13412,#13420));
#13403 = ORIENTED_EDGE('',*,*,#13201,.F.);
#13404 = ORIENTED_EDGE('',*,*,#13405,.T.);
#13405 = EDGE_CURVE('',#13202,#13406,#13408,.T.);
#13406 = VERTEX_POINT('',#13407);
#13407 = CARTESIAN_POINT('',(-5.48,-0.225,-3.8));
#13408 = LINE('',#13409,#13410);
#13409 = CARTESIAN_POINT('',(-5.48,-9.845369516983,-3.8));
#13410 = VECTOR('',#13411,1.);
#13411 = DIRECTION('',(0.,-1.,2.2E-16));
#13412 = ORIENTED_EDGE('',*,*,#13413,.T.);
#13413 = EDGE_CURVE('',#13406,#13414,#13416,.T.);
#13414 = VERTEX_POINT('',#13415);
#13415 = CARTESIAN_POINT('',(-5.48,-0.225,-4.45));
#13416 = LINE('',#13417,#13418);
#13417 = CARTESIAN_POINT('',(-5.48,-0.225,0.573115));
#13418 = VECTOR('',#13419,1.);
#13419 = DIRECTION('',(0.,2.2E-16,-1.));
#13420 = ORIENTED_EDGE('',*,*,#13421,.F.);
#13421 = EDGE_CURVE('',#13204,#13414,#13422,.T.);
#13422 = LINE('',#13423,#13424);
#13423 = CARTESIAN_POINT('',(-5.48,0.225,-4.45));
#13424 = VECTOR('',#13425,1.);
#13425 = DIRECTION('',(0.,-1.,2.2E-16));
#13426 = PLANE('',#13427);
#13427 = AXIS2_PLACEMENT_3D('',#13428,#13429,#13430);
#13428 = CARTESIAN_POINT('',(-5.48,0.225,0.573115));
#13429 = DIRECTION('',(1.,0.,0.));
#13430 = DIRECTION('',(0.,-2.2E-16,-1.));
#13431 = ADVANCED_FACE('',(#13432),#13450,.T.);
#13432 = FACE_BOUND('',#13433,.F.);
#13433 = EDGE_LOOP('',(#13434,#13435,#13436,#13444));
#13434 = ORIENTED_EDGE('',*,*,#13390,.F.);
#13435 = ORIENTED_EDGE('',*,*,#13421,.T.);
#13436 = ORIENTED_EDGE('',*,*,#13437,.T.);
#13437 = EDGE_CURVE('',#13414,#13438,#13440,.T.);
#13438 = VERTEX_POINT('',#13439);
#13439 = CARTESIAN_POINT('',(-5.33,-0.225,-4.6));
#13440 = LINE('',#13441,#13442);
#13441 = CARTESIAN_POINT('',(-6.299959349767,-0.225,-3.630040650233));
#13442 = VECTOR('',#13443,1.);
#13443 = DIRECTION('',(0.707106781187,0.,-0.707106781187));
#13444 = ORIENTED_EDGE('',*,*,#13445,.F.);
#13445 = EDGE_CURVE('',#13383,#13438,#13446,.T.);
#13446 = LINE('',#13447,#13448);
#13447 = CARTESIAN_POINT('',(-5.33,0.225,-4.6));
#13448 = VECTOR('',#13449,1.);
#13449 = DIRECTION('',(0.,-1.,2.2E-16));
#13450 = PLANE('',#13451);
#13451 = AXIS2_PLACEMENT_3D('',#13452,#13453,#13454);
#13452 = CARTESIAN_POINT('',(-5.405,0.225,-4.525));
#13453 = DIRECTION('',(-0.707106781187,-1.599999999999E-16,
    -0.707106781187));
#13454 = DIRECTION('',(-3.137084989799E-18,1.,-2.231370849898E-16));
#13455 = ADVANCED_FACE('',(#13456),#13475,.F.);
#13456 = FACE_BOUND('',#13457,.F.);
#13457 = EDGE_LOOP('',(#13458,#13466,#13473,#13474));
#13458 = ORIENTED_EDGE('',*,*,#13459,.F.);
#13459 = EDGE_CURVE('',#13460,#13212,#13462,.T.);
#13460 = VERTEX_POINT('',#13461);
#13461 = CARTESIAN_POINT('',(-5.28,-0.225,-3.6));
#13462 = LINE('',#13463,#13464);
#13463 = CARTESIAN_POINT('',(-5.28,-9.845369516983,-3.6));
#13464 = VECTOR('',#13465,1.);
#13465 = DIRECTION('',(0.,1.,-2.2E-16));
#13466 = ORIENTED_EDGE('',*,*,#13467,.F.);
#13467 = EDGE_CURVE('',#13406,#13460,#13468,.T.);
#13468 = CIRCLE('',#13469,0.2);
#13469 = AXIS2_PLACEMENT_3D('',#13470,#13471,#13472);
#13470 = CARTESIAN_POINT('',(-5.48,-0.225,-3.6));
#13471 = DIRECTION('',(0.,-1.,2.2E-16));
#13472 = DIRECTION('',(1.,0.,0.));
#13473 = ORIENTED_EDGE('',*,*,#13405,.F.);
#13474 = ORIENTED_EDGE('',*,*,#13211,.T.);
#13475 = CYLINDRICAL_SURFACE('',#13476,0.2);
#13476 = AXIS2_PLACEMENT_3D('',#13477,#13478,#13479);
#13477 = CARTESIAN_POINT('',(-5.48,-9.845369516983,-3.6));
#13478 = DIRECTION('',(0.,-1.,2.2E-16));
#13479 = DIRECTION('',(1.,0.,0.));
#13480 = ADVANCED_FACE('',(#13481),#13499,.F.);
#13481 = FACE_BOUND('',#13482,.F.);
#13482 = EDGE_LOOP('',(#13483,#13484,#13485,#13493));
#13483 = ORIENTED_EDGE('',*,*,#13382,.F.);
#13484 = ORIENTED_EDGE('',*,*,#13445,.T.);
#13485 = ORIENTED_EDGE('',*,*,#13486,.T.);
#13486 = EDGE_CURVE('',#13438,#13487,#13489,.T.);
#13487 = VERTEX_POINT('',#13488);
#13488 = CARTESIAN_POINT('',(-4.83,-0.225,-4.6));
#13489 = LINE('',#13490,#13491);
#13490 = CARTESIAN_POINT('',(-5.48,-0.225,-4.6));
#13491 = VECTOR('',#13492,1.);
#13492 = DIRECTION('',(1.,0.,0.));
#13493 = ORIENTED_EDGE('',*,*,#13494,.F.);
#13494 = EDGE_CURVE('',#13375,#13487,#13495,.T.);
#13495 = LINE('',#13496,#13497);
#13496 = CARTESIAN_POINT('',(-4.83,0.225,-4.6));
#13497 = VECTOR('',#13498,1.);
#13498 = DIRECTION('',(0.,-1.,2.2E-16));
#13499 = PLANE('',#13500);
#13500 = AXIS2_PLACEMENT_3D('',#13501,#13502,#13503);
#13501 = CARTESIAN_POINT('',(-5.48,0.225,-4.6));
#13502 = DIRECTION('',(0.,2.2E-16,1.));
#13503 = DIRECTION('',(1.,0.,-0.));
#13504 = ADVANCED_FACE('',(#13505),#13524,.F.);
#13505 = FACE_BOUND('',#13506,.F.);
#13506 = EDGE_LOOP('',(#13507,#13516,#13517,#13518));
#13507 = ORIENTED_EDGE('',*,*,#13508,.F.);
#13508 = EDGE_CURVE('',#13460,#13509,#13511,.T.);
#13509 = VERTEX_POINT('',#13510);
#13510 = CARTESIAN_POINT('',(-5.48,-0.225,-3.4));
#13511 = CIRCLE('',#13512,0.2);
#13512 = AXIS2_PLACEMENT_3D('',#13513,#13514,#13515);
#13513 = CARTESIAN_POINT('',(-5.48,-0.225,-3.6));
#13514 = DIRECTION('',(0.,-1.,2.2E-16));
#13515 = DIRECTION('',(1.,0.,0.));
#13516 = ORIENTED_EDGE('',*,*,#13459,.T.);
#13517 = ORIENTED_EDGE('',*,*,#13220,.T.);
#13518 = ORIENTED_EDGE('',*,*,#13519,.T.);
#13519 = EDGE_CURVE('',#13221,#13509,#13520,.T.);
#13520 = LINE('',#13521,#13522);
#13521 = CARTESIAN_POINT('',(-5.48,-9.845369516983,-3.4));
#13522 = VECTOR('',#13523,1.);
#13523 = DIRECTION('',(0.,-1.,2.2E-16));
#13524 = CYLINDRICAL_SURFACE('',#13525,0.2);
#13525 = AXIS2_PLACEMENT_3D('',#13526,#13527,#13528);
#13526 = CARTESIAN_POINT('',(-5.48,-9.845369516983,-3.6));
#13527 = DIRECTION('',(0.,-1.,2.2E-16));
#13528 = DIRECTION('',(1.,0.,0.));
#13529 = ADVANCED_FACE('',(#13530),#13548,.T.);
#13530 = FACE_BOUND('',#13531,.F.);
#13531 = EDGE_LOOP('',(#13532,#13533,#13534,#13542));
#13532 = ORIENTED_EDGE('',*,*,#13374,.F.);
#13533 = ORIENTED_EDGE('',*,*,#13494,.T.);
#13534 = ORIENTED_EDGE('',*,*,#13535,.T.);
#13535 = EDGE_CURVE('',#13487,#13536,#13538,.T.);
#13536 = VERTEX_POINT('',#13537);
#13537 = CARTESIAN_POINT('',(-4.68,-0.225,-4.45));
#13538 = LINE('',#13539,#13540);
#13539 = CARTESIAN_POINT('',(-3.290198649095,-0.225,-3.060198649095));
#13540 = VECTOR('',#13541,1.);
#13541 = DIRECTION('',(0.707106781187,0.,0.707106781187));
#13542 = ORIENTED_EDGE('',*,*,#13543,.F.);
#13543 = EDGE_CURVE('',#13367,#13536,#13544,.T.);
#13544 = LINE('',#13545,#13546);
#13545 = CARTESIAN_POINT('',(-4.68,0.225,-4.45));
#13546 = VECTOR('',#13547,1.);
#13547 = DIRECTION('',(0.,-1.,2.2E-16));
#13548 = PLANE('',#13549);
#13549 = AXIS2_PLACEMENT_3D('',#13550,#13551,#13552);
#13550 = CARTESIAN_POINT('',(-4.755,0.225,-4.525));
#13551 = DIRECTION('',(0.707106781187,-1.599999999999E-16,
    -0.707106781187));
#13552 = DIRECTION('',(3.137084989799E-18,1.,-2.231370849898E-16));
#13553 = ADVANCED_FACE('',(#13554),#13572,.F.);
#13554 = FACE_BOUND('',#13555,.F.);
#13555 = EDGE_LOOP('',(#13556,#13557,#13565,#13571));
#13556 = ORIENTED_EDGE('',*,*,#13229,.F.);
#13557 = ORIENTED_EDGE('',*,*,#13558,.T.);
#13558 = EDGE_CURVE('',#13230,#13559,#13561,.T.);
#13559 = VERTEX_POINT('',#13560);
#13560 = CARTESIAN_POINT('',(-5.48,-0.225,0.573115));
#13561 = LINE('',#13562,#13563);
#13562 = CARTESIAN_POINT('',(-5.48,0.225,0.573115));
#13563 = VECTOR('',#13564,1.);
#13564 = DIRECTION('',(0.,-1.,2.2E-16));
#13565 = ORIENTED_EDGE('',*,*,#13566,.T.);
#13566 = EDGE_CURVE('',#13559,#13509,#13567,.T.);
#13567 = LINE('',#13568,#13569);
#13568 = CARTESIAN_POINT('',(-5.48,-0.225,0.573115));
#13569 = VECTOR('',#13570,1.);
#13570 = DIRECTION('',(0.,2.2E-16,-1.));
#13571 = ORIENTED_EDGE('',*,*,#13519,.F.);
#13572 = PLANE('',#13573);
#13573 = AXIS2_PLACEMENT_3D('',#13574,#13575,#13576);
#13574 = CARTESIAN_POINT('',(-5.48,0.225,0.573115));
#13575 = DIRECTION('',(1.,0.,0.));
#13576 = DIRECTION('',(0.,-2.2E-16,-1.));
#13577 = ADVANCED_FACE('',(#13578),#13596,.F.);
#13578 = FACE_BOUND('',#13579,.F.);
#13579 = EDGE_LOOP('',(#13580,#13581,#13582,#13590));
#13580 = ORIENTED_EDGE('',*,*,#13366,.F.);
#13581 = ORIENTED_EDGE('',*,*,#13543,.T.);
#13582 = ORIENTED_EDGE('',*,*,#13583,.T.);
#13583 = EDGE_CURVE('',#13536,#13584,#13586,.T.);
#13584 = VERTEX_POINT('',#13585);
#13585 = CARTESIAN_POINT('',(-4.68,-0.225,-3.8));
#13586 = LINE('',#13587,#13588);
#13587 = CARTESIAN_POINT('',(-4.68,-0.225,-4.6));
#13588 = VECTOR('',#13589,1.);
#13589 = DIRECTION('',(0.,-2.2E-16,1.));
#13590 = ORIENTED_EDGE('',*,*,#13591,.F.);
#13591 = EDGE_CURVE('',#13358,#13584,#13592,.T.);
#13592 = LINE('',#13593,#13594);
#13593 = CARTESIAN_POINT('',(-4.68,-9.845369516983,-3.8));
#13594 = VECTOR('',#13595,1.);
#13595 = DIRECTION('',(0.,-1.,2.2E-16));
#13596 = PLANE('',#13597);
#13597 = AXIS2_PLACEMENT_3D('',#13598,#13599,#13600);
#13598 = CARTESIAN_POINT('',(-4.68,0.225,-4.6));
#13599 = DIRECTION('',(-1.,0.,0.));
#13600 = DIRECTION('',(0.,2.2E-16,1.));
#13601 = ADVANCED_FACE('',(#13602),#13620,.F.);
#13602 = FACE_BOUND('',#13603,.F.);
#13603 = EDGE_LOOP('',(#13604,#13612,#13618,#13619));
#13604 = ORIENTED_EDGE('',*,*,#13605,.T.);
#13605 = EDGE_CURVE('',#13238,#13606,#13608,.T.);
#13606 = VERTEX_POINT('',#13607);
#13607 = CARTESIAN_POINT('',(-5.276876,-0.225,1.094923));
#13608 = LINE('',#13609,#13610);
#13609 = CARTESIAN_POINT('',(-5.276876,0.225,1.094923));
#13610 = VECTOR('',#13611,1.);
#13611 = DIRECTION('',(0.,-1.,2.2E-16));
#13612 = ORIENTED_EDGE('',*,*,#13613,.T.);
#13613 = EDGE_CURVE('',#13606,#13559,#13614,.T.);
#13614 = LINE('',#13615,#13616);
#13615 = CARTESIAN_POINT('',(-5.276876,-0.225,1.094923));
#13616 = VECTOR('',#13617,1.);
#13617 = DIRECTION('',(-0.362754427168,2.1E-16,-0.931884770543));
#13618 = ORIENTED_EDGE('',*,*,#13558,.F.);
#13619 = ORIENTED_EDGE('',*,*,#13237,.F.);
#13620 = PLANE('',#13621);
#13621 = AXIS2_PLACEMENT_3D('',#13622,#13623,#13624);
#13622 = CARTESIAN_POINT('',(-5.276876,0.225,1.094923));
#13623 = DIRECTION('',(0.931884770543,-8.E-17,-0.362754427168));
#13624 = DIRECTION('',(-0.362754427168,-2.1E-16,-0.931884770543));
#13625 = ADVANCED_FACE('',(#13626),#13645,.F.);
#13626 = FACE_BOUND('',#13627,.F.);
#13627 = EDGE_LOOP('',(#13628,#13636,#13637,#13638));
#13628 = ORIENTED_EDGE('',*,*,#13629,.F.);
#13629 = EDGE_CURVE('',#13350,#13630,#13632,.T.);
#13630 = VERTEX_POINT('',#13631);
#13631 = CARTESIAN_POINT('',(-4.68,-0.225,-3.4));
#13632 = LINE('',#13633,#13634);
#13633 = CARTESIAN_POINT('',(-4.68,-9.845369516983,-3.4));
#13634 = VECTOR('',#13635,1.);
#13635 = DIRECTION('',(0.,-1.,2.2E-16));
#13636 = ORIENTED_EDGE('',*,*,#13357,.T.);
#13637 = ORIENTED_EDGE('',*,*,#13591,.T.);
#13638 = ORIENTED_EDGE('',*,*,#13639,.F.);
#13639 = EDGE_CURVE('',#13630,#13584,#13640,.T.);
#13640 = CIRCLE('',#13641,0.2);
#13641 = AXIS2_PLACEMENT_3D('',#13642,#13643,#13644);
#13642 = CARTESIAN_POINT('',(-4.68,-0.225,-3.6));
#13643 = DIRECTION('',(0.,-1.,2.2E-16));
#13644 = DIRECTION('',(1.,0.,0.));
#13645 = CYLINDRICAL_SURFACE('',#13646,0.2);
#13646 = AXIS2_PLACEMENT_3D('',#13647,#13648,#13649);
#13647 = CARTESIAN_POINT('',(-4.68,-9.845369516983,-3.6));
#13648 = DIRECTION('',(0.,-1.,2.2E-16));
#13649 = DIRECTION('',(1.,0.,0.));
#13650 = ADVANCED_FACE('',(#13651),#13669,.F.);
#13651 = FACE_BOUND('',#13652,.F.);
#13652 = EDGE_LOOP('',(#13653,#13661,#13667,#13668));
#13653 = ORIENTED_EDGE('',*,*,#13654,.T.);
#13654 = EDGE_CURVE('',#13246,#13655,#13657,.T.);
#13655 = VERTEX_POINT('',#13656);
#13656 = CARTESIAN_POINT('',(-5.276876,-0.225,1.901539999995));
#13657 = LINE('',#13658,#13659);
#13658 = CARTESIAN_POINT('',(-5.276876,0.225,1.901539999995));
#13659 = VECTOR('',#13660,1.);
#13660 = DIRECTION('',(0.,-1.,2.2E-16));
#13661 = ORIENTED_EDGE('',*,*,#13662,.T.);
#13662 = EDGE_CURVE('',#13655,#13606,#13663,.T.);
#13663 = LINE('',#13664,#13665);
#13664 = CARTESIAN_POINT('',(-5.276876,-0.225,1.901539999995));
#13665 = VECTOR('',#13666,1.);
#13666 = DIRECTION('',(0.,2.2E-16,-1.));
#13667 = ORIENTED_EDGE('',*,*,#13605,.F.);
#13668 = ORIENTED_EDGE('',*,*,#13245,.F.);
#13669 = PLANE('',#13670);
#13670 = AXIS2_PLACEMENT_3D('',#13671,#13672,#13673);
#13671 = CARTESIAN_POINT('',(-5.276876,0.225,1.901539999995));
#13672 = DIRECTION('',(1.,0.,0.));
#13673 = DIRECTION('',(0.,-2.2E-16,-1.));
#13674 = ADVANCED_FACE('',(#13675),#13693,.F.);
#13675 = FACE_BOUND('',#13676,.F.);
#13676 = EDGE_LOOP('',(#13677,#13678,#13679,#13687));
#13677 = ORIENTED_EDGE('',*,*,#13349,.F.);
#13678 = ORIENTED_EDGE('',*,*,#13629,.T.);
#13679 = ORIENTED_EDGE('',*,*,#13680,.T.);
#13680 = EDGE_CURVE('',#13630,#13681,#13683,.T.);
#13681 = VERTEX_POINT('',#13682);
#13682 = CARTESIAN_POINT('',(-4.68,-0.225,0.531664));
#13683 = LINE('',#13684,#13685);
#13684 = CARTESIAN_POINT('',(-4.68,-0.225,-4.6));
#13685 = VECTOR('',#13686,1.);
#13686 = DIRECTION('',(0.,-2.2E-16,1.));
#13687 = ORIENTED_EDGE('',*,*,#13688,.F.);
#13688 = EDGE_CURVE('',#13342,#13681,#13689,.T.);
#13689 = LINE('',#13690,#13691);
#13690 = CARTESIAN_POINT('',(-4.68,0.225,0.531664));
#13691 = VECTOR('',#13692,1.);
#13692 = DIRECTION('',(0.,-1.,2.2E-16));
#13693 = PLANE('',#13694);
#13694 = AXIS2_PLACEMENT_3D('',#13695,#13696,#13697);
#13695 = CARTESIAN_POINT('',(-4.68,0.225,-4.6));
#13696 = DIRECTION('',(-1.,0.,0.));
#13697 = DIRECTION('',(0.,2.2E-16,1.));
#13698 = ADVANCED_FACE('',(#13699),#13717,.F.);
#13699 = FACE_BOUND('',#13700,.F.);
#13700 = EDGE_LOOP('',(#13701,#13709,#13715,#13716));
#13701 = ORIENTED_EDGE('',*,*,#13702,.T.);
#13702 = EDGE_CURVE('',#13254,#13703,#13705,.T.);
#13703 = VERTEX_POINT('',#13704);
#13704 = CARTESIAN_POINT('',(-5.746886,-0.225,1.901539999995));
#13705 = LINE('',#13706,#13707);
#13706 = CARTESIAN_POINT('',(-5.746886,0.225,1.901539999995));
#13707 = VECTOR('',#13708,1.);
#13708 = DIRECTION('',(0.,-1.,2.2E-16));
#13709 = ORIENTED_EDGE('',*,*,#13710,.T.);
#13710 = EDGE_CURVE('',#13703,#13655,#13711,.T.);
#13711 = LINE('',#13712,#13713);
#13712 = CARTESIAN_POINT('',(-5.746886,-0.225,1.901539999995));
#13713 = VECTOR('',#13714,1.);
#13714 = DIRECTION('',(1.,0.,0.));
#13715 = ORIENTED_EDGE('',*,*,#13654,.F.);
#13716 = ORIENTED_EDGE('',*,*,#13253,.F.);
#13717 = PLANE('',#13718);
#13718 = AXIS2_PLACEMENT_3D('',#13719,#13720,#13721);
#13719 = CARTESIAN_POINT('',(-5.746886,0.225,1.901539999995));
#13720 = DIRECTION('',(0.,2.2E-16,1.));
#13721 = DIRECTION('',(1.,0.,-0.));
#13722 = ADVANCED_FACE('',(#13723),#13741,.F.);
#13723 = FACE_BOUND('',#13724,.F.);
#13724 = EDGE_LOOP('',(#13725,#13726,#13734,#13740));
#13725 = ORIENTED_EDGE('',*,*,#13688,.T.);
#13726 = ORIENTED_EDGE('',*,*,#13727,.T.);
#13727 = EDGE_CURVE('',#13681,#13728,#13730,.T.);
#13728 = VERTEX_POINT('',#13729);
#13729 = CARTESIAN_POINT('',(-4.297031,-0.225,1.126079));
#13730 = LINE('',#13731,#13732);
#13731 = CARTESIAN_POINT('',(-4.68,-0.225,0.531664));
#13732 = VECTOR('',#13733,1.);
#13733 = DIRECTION('',(0.541602961197,-1.9E-16,0.840634422578));
#13734 = ORIENTED_EDGE('',*,*,#13735,.F.);
#13735 = EDGE_CURVE('',#13334,#13728,#13736,.T.);
#13736 = LINE('',#13737,#13738);
#13737 = CARTESIAN_POINT('',(-4.297031,0.225,1.126079));
#13738 = VECTOR('',#13739,1.);
#13739 = DIRECTION('',(0.,-1.,2.2E-16));
#13740 = ORIENTED_EDGE('',*,*,#13341,.F.);
#13741 = PLANE('',#13742);
#13742 = AXIS2_PLACEMENT_3D('',#13743,#13744,#13745);
#13743 = CARTESIAN_POINT('',(-4.68,0.225,0.531664));
#13744 = DIRECTION('',(-0.840634422578,1.2E-16,0.541602961197));
#13745 = DIRECTION('',(0.541602961197,1.9E-16,0.840634422578));
#13746 = ADVANCED_FACE('',(#13747),#13765,.F.);
#13747 = FACE_BOUND('',#13748,.F.);
#13748 = EDGE_LOOP('',(#13749,#13757,#13763,#13764));
#13749 = ORIENTED_EDGE('',*,*,#13750,.T.);
#13750 = EDGE_CURVE('',#13262,#13751,#13753,.T.);
#13751 = VERTEX_POINT('',#13752);
#13752 = CARTESIAN_POINT('',(-5.487080321881,-0.225,3.699999999998));
#13753 = LINE('',#13754,#13755);
#13754 = CARTESIAN_POINT('',(-5.487080321881,0.225,3.699999999998));
#13755 = VECTOR('',#13756,1.);
#13756 = DIRECTION('',(0.,-1.,2.2E-16));
#13757 = ORIENTED_EDGE('',*,*,#13758,.T.);
#13758 = EDGE_CURVE('',#13751,#13703,#13759,.T.);
#13759 = LINE('',#13760,#13761);
#13760 = CARTESIAN_POINT('',(-5.487080321881,-0.225,3.699999999998));
#13761 = VECTOR('',#13762,1.);
#13762 = DIRECTION('',(-0.142975922708,2.2E-16,-0.98972616694));
#13763 = ORIENTED_EDGE('',*,*,#13702,.F.);
#13764 = ORIENTED_EDGE('',*,*,#13261,.F.);
#13765 = PLANE('',#13766);
#13766 = AXIS2_PLACEMENT_3D('',#13767,#13768,#13769);
#13767 = CARTESIAN_POINT('',(-5.487080321881,0.225,3.699999999998));
#13768 = DIRECTION('',(0.98972616694,-3.E-17,-0.142975922708));
#13769 = DIRECTION('',(-0.142975922708,-2.2E-16,-0.98972616694));
#13770 = ADVANCED_FACE('',(#13771),#13789,.F.);
#13771 = FACE_BOUND('',#13772,.F.);
#13772 = EDGE_LOOP('',(#13773,#13774,#13782,#13788));
#13773 = ORIENTED_EDGE('',*,*,#13735,.T.);
#13774 = ORIENTED_EDGE('',*,*,#13775,.T.);
#13775 = EDGE_CURVE('',#13728,#13776,#13778,.T.);
#13776 = VERTEX_POINT('',#13777);
#13777 = CARTESIAN_POINT('',(-1.124856,-0.225,1.126079));
#13778 = LINE('',#13779,#13780);
#13779 = CARTESIAN_POINT('',(-4.297031,-0.225,1.126079));
#13780 = VECTOR('',#13781,1.);
#13781 = DIRECTION('',(1.,0.,0.));
#13782 = ORIENTED_EDGE('',*,*,#13783,.F.);
#13783 = EDGE_CURVE('',#13326,#13776,#13784,.T.);
#13784 = LINE('',#13785,#13786);
#13785 = CARTESIAN_POINT('',(-1.124856,0.225,1.126079));
#13786 = VECTOR('',#13787,1.);
#13787 = DIRECTION('',(0.,-1.,2.2E-16));
#13788 = ORIENTED_EDGE('',*,*,#13333,.F.);
#13789 = PLANE('',#13790);
#13790 = AXIS2_PLACEMENT_3D('',#13791,#13792,#13793);
#13791 = CARTESIAN_POINT('',(-4.297031,0.225,1.126079));
#13792 = DIRECTION('',(0.,2.2E-16,1.));
#13793 = DIRECTION('',(1.,0.,-0.));
#13794 = ADVANCED_FACE('',(#13795),#13813,.F.);
#13795 = FACE_BOUND('',#13796,.F.);
#13796 = EDGE_LOOP('',(#13797,#13805,#13811,#13812));
#13797 = ORIENTED_EDGE('',*,*,#13798,.T.);
#13798 = EDGE_CURVE('',#13270,#13799,#13801,.T.);
#13799 = VERTEX_POINT('',#13800);
#13800 = CARTESIAN_POINT('',(-4.637080321881,-0.225,3.699999999998));
#13801 = LINE('',#13802,#13803);
#13802 = CARTESIAN_POINT('',(-4.637080321881,0.225,3.699999999998));
#13803 = VECTOR('',#13804,1.);
#13804 = DIRECTION('',(0.,-1.,2.2E-16));
#13805 = ORIENTED_EDGE('',*,*,#13806,.T.);
#13806 = EDGE_CURVE('',#13799,#13751,#13807,.T.);
#13807 = LINE('',#13808,#13809);
#13808 = CARTESIAN_POINT('',(-4.637080321881,-0.225,3.699999999998));
#13809 = VECTOR('',#13810,1.);
#13810 = DIRECTION('',(-1.,0.,0.));
#13811 = ORIENTED_EDGE('',*,*,#13750,.F.);
#13812 = ORIENTED_EDGE('',*,*,#13269,.F.);
#13813 = PLANE('',#13814);
#13814 = AXIS2_PLACEMENT_3D('',#13815,#13816,#13817);
#13815 = CARTESIAN_POINT('',(-4.637080321881,0.225,3.699999999998));
#13816 = DIRECTION('',(0.,-2.2E-16,-1.));
#13817 = DIRECTION('',(-1.,-0.,0.));
#13818 = ADVANCED_FACE('',(#13819),#13837,.F.);
#13819 = FACE_BOUND('',#13820,.F.);
#13820 = EDGE_LOOP('',(#13821,#13822,#13830,#13836));
#13821 = ORIENTED_EDGE('',*,*,#13783,.T.);
#13822 = ORIENTED_EDGE('',*,*,#13823,.T.);
#13823 = EDGE_CURVE('',#13776,#13824,#13826,.T.);
#13824 = VERTEX_POINT('',#13825);
#13825 = CARTESIAN_POINT('',(-1.124856,-0.225,1.901539999995));
#13826 = LINE('',#13827,#13828);
#13827 = CARTESIAN_POINT('',(-1.124856,-0.225,1.126079));
#13828 = VECTOR('',#13829,1.);
#13829 = DIRECTION('',(0.,-2.2E-16,1.));
#13830 = ORIENTED_EDGE('',*,*,#13831,.F.);
#13831 = EDGE_CURVE('',#13318,#13824,#13832,.T.);
#13832 = LINE('',#13833,#13834);
#13833 = CARTESIAN_POINT('',(-1.124856,0.225,1.901539999995));
#13834 = VECTOR('',#13835,1.);
#13835 = DIRECTION('',(0.,-1.,2.2E-16));
#13836 = ORIENTED_EDGE('',*,*,#13325,.F.);
#13837 = PLANE('',#13838);
#13838 = AXIS2_PLACEMENT_3D('',#13839,#13840,#13841);
#13839 = CARTESIAN_POINT('',(-1.124856,0.225,1.126079));
#13840 = DIRECTION('',(-1.,0.,0.));
#13841 = DIRECTION('',(0.,2.2E-16,1.));
#13842 = ADVANCED_FACE('',(#13843),#13861,.F.);
#13843 = FACE_BOUND('',#13844,.F.);
#13844 = EDGE_LOOP('',(#13845,#13853,#13859,#13860));
#13845 = ORIENTED_EDGE('',*,*,#13846,.T.);
#13846 = EDGE_CURVE('',#13278,#13847,#13849,.T.);
#13847 = VERTEX_POINT('',#13848);
#13848 = CARTESIAN_POINT('',(-4.637080321881,-0.225,2.234428));
#13849 = LINE('',#13850,#13851);
#13850 = CARTESIAN_POINT('',(-4.637080321881,0.225,2.234428));
#13851 = VECTOR('',#13852,1.);
#13852 = DIRECTION('',(0.,-1.,2.2E-16));
#13853 = ORIENTED_EDGE('',*,*,#13854,.T.);
#13854 = EDGE_CURVE('',#13847,#13799,#13855,.T.);
#13855 = LINE('',#13856,#13857);
#13856 = CARTESIAN_POINT('',(-4.637080321881,-0.225,2.234428));
#13857 = VECTOR('',#13858,1.);
#13858 = DIRECTION('',(0.,-2.2E-16,1.));
#13859 = ORIENTED_EDGE('',*,*,#13798,.F.);
#13860 = ORIENTED_EDGE('',*,*,#13277,.F.);
#13861 = PLANE('',#13862);
#13862 = AXIS2_PLACEMENT_3D('',#13863,#13864,#13865);
#13863 = CARTESIAN_POINT('',(-4.637080321881,0.225,2.234428));
#13864 = DIRECTION('',(-1.,0.,0.));
#13865 = DIRECTION('',(0.,2.2E-16,1.));
#13866 = ADVANCED_FACE('',(#13867),#13885,.F.);
#13867 = FACE_BOUND('',#13868,.F.);
#13868 = EDGE_LOOP('',(#13869,#13870,#13878,#13884));
#13869 = ORIENTED_EDGE('',*,*,#13831,.T.);
#13870 = ORIENTED_EDGE('',*,*,#13871,.T.);
#13871 = EDGE_CURVE('',#13824,#13872,#13874,.T.);
#13872 = VERTEX_POINT('',#13873);
#13873 = CARTESIAN_POINT('',(-0.654846,-0.225,1.901539999995));
#13874 = LINE('',#13875,#13876);
#13875 = CARTESIAN_POINT('',(-1.124856,-0.225,1.901539999995));
#13876 = VECTOR('',#13877,1.);
#13877 = DIRECTION('',(1.,0.,0.));
#13878 = ORIENTED_EDGE('',*,*,#13879,.F.);
#13879 = EDGE_CURVE('',#13310,#13872,#13880,.T.);
#13880 = LINE('',#13881,#13882);
#13881 = CARTESIAN_POINT('',(-0.654846,0.225,1.901539999995));
#13882 = VECTOR('',#13883,1.);
#13883 = DIRECTION('',(0.,-1.,2.2E-16));
#13884 = ORIENTED_EDGE('',*,*,#13317,.F.);
#13885 = PLANE('',#13886);
#13886 = AXIS2_PLACEMENT_3D('',#13887,#13888,#13889);
#13887 = CARTESIAN_POINT('',(-1.124856,0.225,1.901539999995));
#13888 = DIRECTION('',(0.,2.2E-16,1.));
#13889 = DIRECTION('',(1.,0.,-0.));
#13890 = ADVANCED_FACE('',(#13891),#13909,.F.);
#13891 = FACE_BOUND('',#13892,.F.);
#13892 = EDGE_LOOP('',(#13893,#13901,#13907,#13908));
#13893 = ORIENTED_EDGE('',*,*,#13894,.T.);
#13894 = EDGE_CURVE('',#13286,#13895,#13897,.T.);
#13895 = VERTEX_POINT('',#13896);
#13896 = CARTESIAN_POINT('',(-1.536305,-0.225,2.234428));
#13897 = LINE('',#13898,#13899);
#13898 = CARTESIAN_POINT('',(-1.536305,0.225,2.234428));
#13899 = VECTOR('',#13900,1.);
#13900 = DIRECTION('',(0.,-1.,2.2E-16));
#13901 = ORIENTED_EDGE('',*,*,#13902,.T.);
#13902 = EDGE_CURVE('',#13895,#13847,#13903,.T.);
#13903 = LINE('',#13904,#13905);
#13904 = CARTESIAN_POINT('',(-1.536305,-0.225,2.234428));
#13905 = VECTOR('',#13906,1.);
#13906 = DIRECTION('',(-1.,0.,0.));
#13907 = ORIENTED_EDGE('',*,*,#13846,.F.);
#13908 = ORIENTED_EDGE('',*,*,#13285,.F.);
#13909 = PLANE('',#13910);
#13910 = AXIS2_PLACEMENT_3D('',#13911,#13912,#13913);
#13911 = CARTESIAN_POINT('',(-1.536305,0.225,2.234428));
#13912 = DIRECTION('',(0.,-2.2E-16,-1.));
#13913 = DIRECTION('',(-1.,-0.,0.));
#13914 = ADVANCED_FACE('',(#13915),#13933,.F.);
#13915 = FACE_BOUND('',#13916,.F.);
#13916 = EDGE_LOOP('',(#13917,#13918,#13926,#13932));
#13917 = ORIENTED_EDGE('',*,*,#13879,.T.);
#13918 = ORIENTED_EDGE('',*,*,#13919,.T.);
#13919 = EDGE_CURVE('',#13872,#13920,#13922,.T.);
#13920 = VERTEX_POINT('',#13921);
#13921 = CARTESIAN_POINT('',(-1.036305,-0.225,3.699999999998));
#13922 = LINE('',#13923,#13924);
#13923 = CARTESIAN_POINT('',(-0.654846,-0.225,1.901539999995));
#13924 = VECTOR('',#13925,1.);
#13925 = DIRECTION('',(-0.207487283856,-2.199999999999E-16,
    0.978237714995));
#13926 = ORIENTED_EDGE('',*,*,#13927,.F.);
#13927 = EDGE_CURVE('',#13302,#13920,#13928,.T.);
#13928 = LINE('',#13929,#13930);
#13929 = CARTESIAN_POINT('',(-1.036305,0.225,3.699999999998));
#13930 = VECTOR('',#13931,1.);
#13931 = DIRECTION('',(0.,-1.,2.2E-16));
#13932 = ORIENTED_EDGE('',*,*,#13309,.F.);
#13933 = PLANE('',#13934);
#13934 = AXIS2_PLACEMENT_3D('',#13935,#13936,#13937);
#13935 = CARTESIAN_POINT('',(-0.654846,0.225,1.901539999995));
#13936 = DIRECTION('',(-0.978237714995,-4.999999999999E-17,
    -0.207487283856));
#13937 = DIRECTION('',(-0.207487283856,2.199999999999E-16,0.978237714995
    ));
#13938 = ADVANCED_FACE('',(#13939),#13957,.F.);
#13939 = FACE_BOUND('',#13940,.F.);
#13940 = EDGE_LOOP('',(#13941,#13949,#13955,#13956));
#13941 = ORIENTED_EDGE('',*,*,#13942,.T.);
#13942 = EDGE_CURVE('',#13294,#13943,#13945,.T.);
#13943 = VERTEX_POINT('',#13944);
#13944 = CARTESIAN_POINT('',(-1.536305,-0.225,3.699999999998));
#13945 = LINE('',#13946,#13947);
#13946 = CARTESIAN_POINT('',(-1.536305,0.225,3.699999999998));
#13947 = VECTOR('',#13948,1.);
#13948 = DIRECTION('',(0.,-1.,2.2E-16));
#13949 = ORIENTED_EDGE('',*,*,#13950,.T.);
#13950 = EDGE_CURVE('',#13943,#13895,#13951,.T.);
#13951 = LINE('',#13952,#13953);
#13952 = CARTESIAN_POINT('',(-1.536305,-0.225,3.699999999998));
#13953 = VECTOR('',#13954,1.);
#13954 = DIRECTION('',(0.,2.2E-16,-1.));
#13955 = ORIENTED_EDGE('',*,*,#13894,.F.);
#13956 = ORIENTED_EDGE('',*,*,#13293,.F.);
#13957 = PLANE('',#13958);
#13958 = AXIS2_PLACEMENT_3D('',#13959,#13960,#13961);
#13959 = CARTESIAN_POINT('',(-1.536305,0.225,3.699999999998));
#13960 = DIRECTION('',(1.,0.,0.));
#13961 = DIRECTION('',(0.,-2.2E-16,-1.));
#13962 = ADVANCED_FACE('',(#13963),#13974,.F.);
#13963 = FACE_BOUND('',#13964,.F.);
#13964 = EDGE_LOOP('',(#13965,#13966,#13972,#13973));
#13965 = ORIENTED_EDGE('',*,*,#13927,.T.);
#13966 = ORIENTED_EDGE('',*,*,#13967,.T.);
#13967 = EDGE_CURVE('',#13920,#13943,#13968,.T.);
#13968 = LINE('',#13969,#13970);
#13969 = CARTESIAN_POINT('',(-1.036305,-0.225,3.699999999998));
#13970 = VECTOR('',#13971,1.);
#13971 = DIRECTION('',(-1.,0.,0.));
#13972 = ORIENTED_EDGE('',*,*,#13942,.F.);
#13973 = ORIENTED_EDGE('',*,*,#13301,.F.);
#13974 = PLANE('',#13975);
#13975 = AXIS2_PLACEMENT_3D('',#13976,#13977,#13978);
#13976 = CARTESIAN_POINT('',(-1.036305,0.225,3.699999999998));
#13977 = DIRECTION('',(0.,-2.2E-16,-1.));
#13978 = DIRECTION('',(-1.,-0.,0.));
#13979 = ADVANCED_FACE('',(#13980),#14006,.F.);
#13980 = FACE_BOUND('',#13981,.F.);
#13981 = EDGE_LOOP('',(#13982,#13983,#13984,#13985,#13986,#13987,#13988,
    #13989,#13990,#13991,#13992,#13993,#13994,#13995,#13996,#13997,
    #13998,#13999,#14000,#14001,#14002,#14003,#14004,#14005));
#13982 = ORIENTED_EDGE('',*,*,#13413,.F.);
#13983 = ORIENTED_EDGE('',*,*,#13467,.T.);
#13984 = ORIENTED_EDGE('',*,*,#13508,.T.);
#13985 = ORIENTED_EDGE('',*,*,#13566,.F.);
#13986 = ORIENTED_EDGE('',*,*,#13613,.F.);
#13987 = ORIENTED_EDGE('',*,*,#13662,.F.);
#13988 = ORIENTED_EDGE('',*,*,#13710,.F.);
#13989 = ORIENTED_EDGE('',*,*,#13758,.F.);
#13990 = ORIENTED_EDGE('',*,*,#13806,.F.);
#13991 = ORIENTED_EDGE('',*,*,#13854,.F.);
#13992 = ORIENTED_EDGE('',*,*,#13902,.F.);
#13993 = ORIENTED_EDGE('',*,*,#13950,.F.);
#13994 = ORIENTED_EDGE('',*,*,#13967,.F.);
#13995 = ORIENTED_EDGE('',*,*,#13919,.F.);
#13996 = ORIENTED_EDGE('',*,*,#13871,.F.);
#13997 = ORIENTED_EDGE('',*,*,#13823,.F.);
#13998 = ORIENTED_EDGE('',*,*,#13775,.F.);
#13999 = ORIENTED_EDGE('',*,*,#13727,.F.);
#14000 = ORIENTED_EDGE('',*,*,#13680,.F.);
#14001 = ORIENTED_EDGE('',*,*,#13639,.T.);
#14002 = ORIENTED_EDGE('',*,*,#13583,.F.);
#14003 = ORIENTED_EDGE('',*,*,#13535,.F.);
#14004 = ORIENTED_EDGE('',*,*,#13486,.F.);
#14005 = ORIENTED_EDGE('',*,*,#13437,.F.);
#14006 = PLANE('',#14007);
#14007 = AXIS2_PLACEMENT_3D('',#14008,#14009,#14010);
#14008 = CARTESIAN_POINT('',(-3.940315997723,-0.225,0.519521401344));
#14009 = DIRECTION('',(0.,1.,2.2E-16));
#14010 = DIRECTION('',(0.,-2.2E-16,1.));
#14011 = ( GEOMETRIC_REPRESENTATION_CONTEXT(3) 
GLOBAL_UNCERTAINTY_ASSIGNED_CONTEXT((#14015)) 
GLOBAL_UNIT_ASSIGNED_CONTEXT((#14012,#14013,#14014)) 
REPRESENTATION_CONTEXT('Context #1',
  '3D Context with UNIT and UNCERTAINTY') );
#14012 = ( LENGTH_UNIT() NAMED_UNIT(*) SI_UNIT(.MILLI.,.METRE.) );
#14013 = ( NAMED_UNIT(*) PLANE_ANGLE_UNIT() SI_UNIT($,.RADIAN.) );
#14014 = ( NAMED_UNIT(*) SI_UNIT($,.STERADIAN.) SOLID_ANGLE_UNIT() );
#14015 = UNCERTAINTY_MEASURE_WITH_UNIT(LENGTH_MEASURE(1.E-07),#14012,
  'distance_accuracy_value','confusion accuracy');
#14016 = CONTEXT_DEPENDENT_SHAPE_REPRESENTATION(#14017,#14019);
#14017 = ( REPRESENTATION_RELATIONSHIP('','',#13194,#8075) 
REPRESENTATION_RELATIONSHIP_WITH_TRANSFORMATION(#14018) 
SHAPE_REPRESENTATION_RELATIONSHIP() );
#14018 = ITEM_DEFINED_TRANSFORMATION('','',#11,#8096);
#14019 = PRODUCT_DEFINITION_SHAPE('Placement','Placement of an item',
  #14020);
#14020 = NEXT_ASSEMBLY_USAGE_OCCURRENCE('15','Pin_C005','',#8070,#13189,
  $);
#14021 = PRODUCT_RELATED_PRODUCT_CATEGORY('part',$,(#13191));
#14022 = SHAPE_DEFINITION_REPRESENTATION(#14023,#14029);
#14023 = PRODUCT_DEFINITION_SHAPE('','',#14024);
#14024 = PRODUCT_DEFINITION('design','',#14025,#14028);
#14025 = PRODUCT_DEFINITION_FORMATION('','',#14026);
#14026 = PRODUCT('Pin_NC005','Pin_NC005','',(#14027));
#14027 = PRODUCT_CONTEXT('',#2,'mechanical');
#14028 = PRODUCT_DEFINITION_CONTEXT('part definition',#2,'design');
#14029 = ADVANCED_BREP_SHAPE_REPRESENTATION('',(#11,#14030),#14615);
#14030 = MANIFOLD_SOLID_BREP('',#14031);
#14031 = CLOSED_SHELL('',(#14032,#14072,#14210,#14234,#14259,#14382,
    #14399,#14416,#14433,#14450,#14467,#14484,#14501,#14518,#14535,
    #14552,#14569,#14586,#14603));
#14032 = ADVANCED_FACE('',(#14033),#14067,.F.);
#14033 = FACE_BOUND('',#14034,.F.);
#14034 = EDGE_LOOP('',(#14035,#14045,#14053,#14061));
#14035 = ORIENTED_EDGE('',*,*,#14036,.F.);
#14036 = EDGE_CURVE('',#14037,#14039,#14041,.T.);
#14037 = VERTEX_POINT('',#14038);
#14038 = CARTESIAN_POINT('',(5.48,0.225,-4.45));
#14039 = VERTEX_POINT('',#14040);
#14040 = CARTESIAN_POINT('',(5.48,0.225,-3.8));
#14041 = LINE('',#14042,#14043);
#14042 = CARTESIAN_POINT('',(5.48,0.225,-4.6));
#14043 = VECTOR('',#14044,1.);
#14044 = DIRECTION('',(0.,-2.2E-16,1.));
#14045 = ORIENTED_EDGE('',*,*,#14046,.T.);
#14046 = EDGE_CURVE('',#14037,#14047,#14049,.T.);
#14047 = VERTEX_POINT('',#14048);
#14048 = CARTESIAN_POINT('',(5.48,-0.225,-4.45));
#14049 = LINE('',#14050,#14051);
#14050 = CARTESIAN_POINT('',(5.48,0.225,-4.45));
#14051 = VECTOR('',#14052,1.);
#14052 = DIRECTION('',(0.,-1.,2.2E-16));
#14053 = ORIENTED_EDGE('',*,*,#14054,.T.);
#14054 = EDGE_CURVE('',#14047,#14055,#14057,.T.);
#14055 = VERTEX_POINT('',#14056);
#14056 = CARTESIAN_POINT('',(5.48,-0.225,-3.8));
#14057 = LINE('',#14058,#14059);
#14058 = CARTESIAN_POINT('',(5.48,-0.225,-4.6));
#14059 = VECTOR('',#14060,1.);
#14060 = DIRECTION('',(0.,-2.2E-16,1.));
#14061 = ORIENTED_EDGE('',*,*,#14062,.F.);
#14062 = EDGE_CURVE('',#14039,#14055,#14063,.T.);
#14063 = LINE('',#14064,#14065);
#14064 = CARTESIAN_POINT('',(5.48,-9.784106205985,-3.8));
#14065 = VECTOR('',#14066,1.);
#14066 = DIRECTION('',(0.,-1.,2.2E-16));
#14067 = PLANE('',#14068);
#14068 = AXIS2_PLACEMENT_3D('',#14069,#14070,#14071);
#14069 = CARTESIAN_POINT('',(5.48,0.225,-4.6));
#14070 = DIRECTION('',(-1.,0.,0.));
#14071 = DIRECTION('',(0.,2.2E-16,1.));
#14072 = ADVANCED_FACE('',(#14073),#14205,.T.);
#14073 = FACE_BOUND('',#14074,.T.);
#14074 = EDGE_LOOP('',(#14075,#14076,#14084,#14092,#14100,#14108,#14117,
    #14126,#14134,#14142,#14150,#14158,#14166,#14174,#14182,#14190,
    #14198));
#14075 = ORIENTED_EDGE('',*,*,#14036,.F.);
#14076 = ORIENTED_EDGE('',*,*,#14077,.T.);
#14077 = EDGE_CURVE('',#14037,#14078,#14080,.T.);
#14078 = VERTEX_POINT('',#14079);
#14079 = CARTESIAN_POINT('',(5.33,0.225,-4.6));
#14080 = LINE('',#14081,#14082);
#14081 = CARTESIAN_POINT('',(6.557582644628,0.225,-3.372417355372));
#14082 = VECTOR('',#14083,1.);
#14083 = DIRECTION('',(-0.707106781187,0.,-0.707106781187));
#14084 = ORIENTED_EDGE('',*,*,#14085,.F.);
#14085 = EDGE_CURVE('',#14086,#14078,#14088,.T.);
#14086 = VERTEX_POINT('',#14087);
#14087 = CARTESIAN_POINT('',(4.83,0.225,-4.6));
#14088 = LINE('',#14089,#14090);
#14089 = CARTESIAN_POINT('',(4.68,0.225,-4.6));
#14090 = VECTOR('',#14091,1.);
#14091 = DIRECTION('',(1.,0.,0.));
#14092 = ORIENTED_EDGE('',*,*,#14093,.T.);
#14093 = EDGE_CURVE('',#14086,#14094,#14096,.T.);
#14094 = VERTEX_POINT('',#14095);
#14095 = CARTESIAN_POINT('',(4.68,0.225,-4.45));
#14096 = LINE('',#14097,#14098);
#14097 = CARTESIAN_POINT('',(3.446012396694,0.225,-3.216012396694));
#14098 = VECTOR('',#14099,1.);
#14099 = DIRECTION('',(-0.707106781187,0.,0.707106781187));
#14100 = ORIENTED_EDGE('',*,*,#14101,.F.);
#14101 = EDGE_CURVE('',#14102,#14094,#14104,.T.);
#14102 = VERTEX_POINT('',#14103);
#14103 = CARTESIAN_POINT('',(4.68,0.225,-3.8));
#14104 = LINE('',#14105,#14106);
#14105 = CARTESIAN_POINT('',(4.68,0.225,3.799999999998));
#14106 = VECTOR('',#14107,1.);
#14107 = DIRECTION('',(0.,2.2E-16,-1.));
#14108 = ORIENTED_EDGE('',*,*,#14109,.T.);
#14109 = EDGE_CURVE('',#14102,#14110,#14112,.T.);
#14110 = VERTEX_POINT('',#14111);
#14111 = CARTESIAN_POINT('',(4.88,0.225,-3.6));
#14112 = CIRCLE('',#14113,0.2);
#14113 = AXIS2_PLACEMENT_3D('',#14114,#14115,#14116);
#14114 = CARTESIAN_POINT('',(4.68,0.225,-3.6));
#14115 = DIRECTION('',(0.,-1.,2.2E-16));
#14116 = DIRECTION('',(1.,0.,0.));
#14117 = ORIENTED_EDGE('',*,*,#14118,.T.);
#14118 = EDGE_CURVE('',#14110,#14119,#14121,.T.);
#14119 = VERTEX_POINT('',#14120);
#14120 = CARTESIAN_POINT('',(4.68,0.225,-3.4));
#14121 = CIRCLE('',#14122,0.2);
#14122 = AXIS2_PLACEMENT_3D('',#14123,#14124,#14125);
#14123 = CARTESIAN_POINT('',(4.68,0.225,-3.6));
#14124 = DIRECTION('',(0.,-1.,2.2E-16));
#14125 = DIRECTION('',(1.,0.,0.));
#14126 = ORIENTED_EDGE('',*,*,#14127,.F.);
#14127 = EDGE_CURVE('',#14128,#14119,#14130,.T.);
#14128 = VERTEX_POINT('',#14129);
#14129 = CARTESIAN_POINT('',(4.68,0.225,3.799999999998));
#14130 = LINE('',#14131,#14132);
#14131 = CARTESIAN_POINT('',(4.68,0.225,3.799999999998));
#14132 = VECTOR('',#14133,1.);
#14133 = DIRECTION('',(0.,2.2E-16,-1.));
#14134 = ORIENTED_EDGE('',*,*,#14135,.F.);
#14135 = EDGE_CURVE('',#14136,#14128,#14138,.T.);
#14136 = VERTEX_POINT('',#14137);
#14137 = CARTESIAN_POINT('',(3.48,0.225,3.799999999998));
#14138 = LINE('',#14139,#14140);
#14139 = CARTESIAN_POINT('',(3.48,0.225,3.799999999998));
#14140 = VECTOR('',#14141,1.);
#14141 = DIRECTION('',(1.,0.,0.));
#14142 = ORIENTED_EDGE('',*,*,#14143,.F.);
#14143 = EDGE_CURVE('',#14144,#14136,#14146,.T.);
#14144 = VERTEX_POINT('',#14145);
#14145 = CARTESIAN_POINT('',(3.48,0.225,3.699999999998));
#14146 = LINE('',#14147,#14148);
#14147 = CARTESIAN_POINT('',(3.48,0.225,3.699999999998));
#14148 = VECTOR('',#14149,1.);
#14149 = DIRECTION('',(0.,-2.2E-16,1.));
#14150 = ORIENTED_EDGE('',*,*,#14151,.F.);
#14151 = EDGE_CURVE('',#14152,#14144,#14154,.T.);
#14152 = VERTEX_POINT('',#14153);
#14153 = CARTESIAN_POINT('',(2.98,0.225,3.699999999998));
#14154 = LINE('',#14155,#14156);
#14155 = CARTESIAN_POINT('',(2.98,0.225,3.699999999998));
#14156 = VECTOR('',#14157,1.);
#14157 = DIRECTION('',(1.,0.,0.));
#14158 = ORIENTED_EDGE('',*,*,#14159,.F.);
#14159 = EDGE_CURVE('',#14160,#14152,#14162,.T.);
#14160 = VERTEX_POINT('',#14161);
#14161 = CARTESIAN_POINT('',(2.98,0.225,3.799999999998));
#14162 = LINE('',#14163,#14164);
#14163 = CARTESIAN_POINT('',(2.98,0.225,3.799999999998));
#14164 = VECTOR('',#14165,1.);
#14165 = DIRECTION('',(0.,2.2E-16,-1.));
#14166 = ORIENTED_EDGE('',*,*,#14167,.F.);
#14167 = EDGE_CURVE('',#14168,#14160,#14170,.T.);
#14168 = VERTEX_POINT('',#14169);
#14169 = CARTESIAN_POINT('',(2.68,0.225,3.799999999998));
#14170 = LINE('',#14171,#14172);
#14171 = CARTESIAN_POINT('',(2.68,0.225,3.799999999998));
#14172 = VECTOR('',#14173,1.);
#14173 = DIRECTION('',(1.,0.,0.));
#14174 = ORIENTED_EDGE('',*,*,#14175,.F.);
#14175 = EDGE_CURVE('',#14176,#14168,#14178,.T.);
#14176 = VERTEX_POINT('',#14177);
#14177 = CARTESIAN_POINT('',(2.68,0.225,4.6));
#14178 = LINE('',#14179,#14180);
#14179 = CARTESIAN_POINT('',(2.68,0.225,4.6));
#14180 = VECTOR('',#14181,1.);
#14181 = DIRECTION('',(0.,2.2E-16,-1.));
#14182 = ORIENTED_EDGE('',*,*,#14183,.F.);
#14183 = EDGE_CURVE('',#14184,#14176,#14186,.T.);
#14184 = VERTEX_POINT('',#14185);
#14185 = CARTESIAN_POINT('',(5.48,0.225,4.6));
#14186 = LINE('',#14187,#14188);
#14187 = CARTESIAN_POINT('',(5.48,0.225,4.6));
#14188 = VECTOR('',#14189,1.);
#14189 = DIRECTION('',(-1.,0.,0.));
#14190 = ORIENTED_EDGE('',*,*,#14191,.F.);
#14191 = EDGE_CURVE('',#14192,#14184,#14194,.T.);
#14192 = VERTEX_POINT('',#14193);
#14193 = CARTESIAN_POINT('',(5.48,0.225,-3.4));
#14194 = LINE('',#14195,#14196);
#14195 = CARTESIAN_POINT('',(5.48,0.225,-4.6));
#14196 = VECTOR('',#14197,1.);
#14197 = DIRECTION('',(0.,-2.2E-16,1.));
#14198 = ORIENTED_EDGE('',*,*,#14199,.T.);
#14199 = EDGE_CURVE('',#14192,#14039,#14200,.T.);
#14200 = CIRCLE('',#14201,0.2);
#14201 = AXIS2_PLACEMENT_3D('',#14202,#14203,#14204);
#14202 = CARTESIAN_POINT('',(5.48,0.225,-3.6));
#14203 = DIRECTION('',(0.,-1.,2.2E-16));
#14204 = DIRECTION('',(1.,0.,0.));
#14205 = PLANE('',#14206);
#14206 = AXIS2_PLACEMENT_3D('',#14207,#14208,#14209);
#14207 = CARTESIAN_POINT('',(4.767190082644,0.225,0.723140495868));
#14208 = DIRECTION('',(0.,1.,2.2E-16));
#14209 = DIRECTION('',(0.,-2.2E-16,1.));
#14210 = ADVANCED_FACE('',(#14211),#14229,.T.);
#14211 = FACE_BOUND('',#14212,.T.);
#14212 = EDGE_LOOP('',(#14213,#14214,#14215,#14223));
#14213 = ORIENTED_EDGE('',*,*,#14077,.F.);
#14214 = ORIENTED_EDGE('',*,*,#14046,.T.);
#14215 = ORIENTED_EDGE('',*,*,#14216,.T.);
#14216 = EDGE_CURVE('',#14047,#14217,#14219,.T.);
#14217 = VERTEX_POINT('',#14218);
#14218 = CARTESIAN_POINT('',(5.33,-0.225,-4.6));
#14219 = LINE('',#14220,#14221);
#14220 = CARTESIAN_POINT('',(6.557582644628,-0.225,-3.372417355372));
#14221 = VECTOR('',#14222,1.);
#14222 = DIRECTION('',(-0.707106781187,0.,-0.707106781187));
#14223 = ORIENTED_EDGE('',*,*,#14224,.F.);
#14224 = EDGE_CURVE('',#14078,#14217,#14225,.T.);
#14225 = LINE('',#14226,#14227);
#14226 = CARTESIAN_POINT('',(5.33,0.225,-4.6));
#14227 = VECTOR('',#14228,1.);
#14228 = DIRECTION('',(0.,-1.,2.2E-16));
#14229 = PLANE('',#14230);
#14230 = AXIS2_PLACEMENT_3D('',#14231,#14232,#14233);
#14231 = CARTESIAN_POINT('',(5.405,0.225,-4.525));
#14232 = DIRECTION('',(0.707106781187,-1.599999999999E-16,
    -0.707106781187));
#14233 = DIRECTION('',(-3.137084989799E-18,-1.,2.231370849898E-16));
#14234 = ADVANCED_FACE('',(#14235),#14254,.F.);
#14235 = FACE_BOUND('',#14236,.F.);
#14236 = EDGE_LOOP('',(#14237,#14245,#14246,#14247));
#14237 = ORIENTED_EDGE('',*,*,#14238,.F.);
#14238 = EDGE_CURVE('',#14192,#14239,#14241,.T.);
#14239 = VERTEX_POINT('',#14240);
#14240 = CARTESIAN_POINT('',(5.48,-0.225,-3.4));
#14241 = LINE('',#14242,#14243);
#14242 = CARTESIAN_POINT('',(5.48,-9.784106205985,-3.4));
#14243 = VECTOR('',#14244,1.);
#14244 = DIRECTION('',(0.,-1.,2.2E-16));
#14245 = ORIENTED_EDGE('',*,*,#14199,.T.);
#14246 = ORIENTED_EDGE('',*,*,#14062,.T.);
#14247 = ORIENTED_EDGE('',*,*,#14248,.F.);
#14248 = EDGE_CURVE('',#14239,#14055,#14249,.T.);
#14249 = CIRCLE('',#14250,0.2);
#14250 = AXIS2_PLACEMENT_3D('',#14251,#14252,#14253);
#14251 = CARTESIAN_POINT('',(5.48,-0.225,-3.6));
#14252 = DIRECTION('',(0.,-1.,2.2E-16));
#14253 = DIRECTION('',(1.,0.,0.));
#14254 = CYLINDRICAL_SURFACE('',#14255,0.2);
#14255 = AXIS2_PLACEMENT_3D('',#14256,#14257,#14258);
#14256 = CARTESIAN_POINT('',(5.48,-9.784106205985,-3.6));
#14257 = DIRECTION('',(0.,-1.,2.2E-16));
#14258 = DIRECTION('',(1.,0.,0.));
#14259 = ADVANCED_FACE('',(#14260),#14377,.F.);
#14260 = FACE_BOUND('',#14261,.F.);
#14261 = EDGE_LOOP('',(#14262,#14263,#14264,#14272,#14280,#14288,#14297,
    #14306,#14314,#14322,#14330,#14338,#14346,#14354,#14362,#14370,
    #14376));
#14262 = ORIENTED_EDGE('',*,*,#14054,.F.);
#14263 = ORIENTED_EDGE('',*,*,#14216,.T.);
#14264 = ORIENTED_EDGE('',*,*,#14265,.F.);
#14265 = EDGE_CURVE('',#14266,#14217,#14268,.T.);
#14266 = VERTEX_POINT('',#14267);
#14267 = CARTESIAN_POINT('',(4.83,-0.225,-4.6));
#14268 = LINE('',#14269,#14270);
#14269 = CARTESIAN_POINT('',(4.68,-0.225,-4.6));
#14270 = VECTOR('',#14271,1.);
#14271 = DIRECTION('',(1.,0.,0.));
#14272 = ORIENTED_EDGE('',*,*,#14273,.T.);
#14273 = EDGE_CURVE('',#14266,#14274,#14276,.T.);
#14274 = VERTEX_POINT('',#14275);
#14275 = CARTESIAN_POINT('',(4.68,-0.225,-4.45));
#14276 = LINE('',#14277,#14278);
#14277 = CARTESIAN_POINT('',(3.446012396694,-0.225,-3.216012396694));
#14278 = VECTOR('',#14279,1.);
#14279 = DIRECTION('',(-0.707106781187,0.,0.707106781187));
#14280 = ORIENTED_EDGE('',*,*,#14281,.F.);
#14281 = EDGE_CURVE('',#14282,#14274,#14284,.T.);
#14282 = VERTEX_POINT('',#14283);
#14283 = CARTESIAN_POINT('',(4.68,-0.225,-3.8));
#14284 = LINE('',#14285,#14286);
#14285 = CARTESIAN_POINT('',(4.68,-0.225,3.799999999998));
#14286 = VECTOR('',#14287,1.);
#14287 = DIRECTION('',(0.,2.2E-16,-1.));
#14288 = ORIENTED_EDGE('',*,*,#14289,.T.);
#14289 = EDGE_CURVE('',#14282,#14290,#14292,.T.);
#14290 = VERTEX_POINT('',#14291);
#14291 = CARTESIAN_POINT('',(4.88,-0.225,-3.6));
#14292 = CIRCLE('',#14293,0.2);
#14293 = AXIS2_PLACEMENT_3D('',#14294,#14295,#14296);
#14294 = CARTESIAN_POINT('',(4.68,-0.225,-3.6));
#14295 = DIRECTION('',(0.,-1.,2.2E-16));
#14296 = DIRECTION('',(1.,0.,0.));
#14297 = ORIENTED_EDGE('',*,*,#14298,.T.);
#14298 = EDGE_CURVE('',#14290,#14299,#14301,.T.);
#14299 = VERTEX_POINT('',#14300);
#14300 = CARTESIAN_POINT('',(4.68,-0.225,-3.4));
#14301 = CIRCLE('',#14302,0.2);
#14302 = AXIS2_PLACEMENT_3D('',#14303,#14304,#14305);
#14303 = CARTESIAN_POINT('',(4.68,-0.225,-3.6));
#14304 = DIRECTION('',(0.,-1.,2.2E-16));
#14305 = DIRECTION('',(1.,0.,0.));
#14306 = ORIENTED_EDGE('',*,*,#14307,.F.);
#14307 = EDGE_CURVE('',#14308,#14299,#14310,.T.);
#14308 = VERTEX_POINT('',#14309);
#14309 = CARTESIAN_POINT('',(4.68,-0.225,3.799999999998));
#14310 = LINE('',#14311,#14312);
#14311 = CARTESIAN_POINT('',(4.68,-0.225,3.799999999998));
#14312 = VECTOR('',#14313,1.);
#14313 = DIRECTION('',(0.,2.2E-16,-1.));
#14314 = ORIENTED_EDGE('',*,*,#14315,.F.);
#14315 = EDGE_CURVE('',#14316,#14308,#14318,.T.);
#14316 = VERTEX_POINT('',#14317);
#14317 = CARTESIAN_POINT('',(3.48,-0.225,3.799999999998));
#14318 = LINE('',#14319,#14320);
#14319 = CARTESIAN_POINT('',(3.48,-0.225,3.799999999998));
#14320 = VECTOR('',#14321,1.);
#14321 = DIRECTION('',(1.,0.,0.));
#14322 = ORIENTED_EDGE('',*,*,#14323,.F.);
#14323 = EDGE_CURVE('',#14324,#14316,#14326,.T.);
#14324 = VERTEX_POINT('',#14325);
#14325 = CARTESIAN_POINT('',(3.48,-0.225,3.699999999998));
#14326 = LINE('',#14327,#14328);
#14327 = CARTESIAN_POINT('',(3.48,-0.225,3.699999999998));
#14328 = VECTOR('',#14329,1.);
#14329 = DIRECTION('',(0.,-2.2E-16,1.));
#14330 = ORIENTED_EDGE('',*,*,#14331,.F.);
#14331 = EDGE_CURVE('',#14332,#14324,#14334,.T.);
#14332 = VERTEX_POINT('',#14333);
#14333 = CARTESIAN_POINT('',(2.98,-0.225,3.699999999998));
#14334 = LINE('',#14335,#14336);
#14335 = CARTESIAN_POINT('',(2.98,-0.225,3.699999999998));
#14336 = VECTOR('',#14337,1.);
#14337 = DIRECTION('',(1.,0.,0.));
#14338 = ORIENTED_EDGE('',*,*,#14339,.F.);
#14339 = EDGE_CURVE('',#14340,#14332,#14342,.T.);
#14340 = VERTEX_POINT('',#14341);
#14341 = CARTESIAN_POINT('',(2.98,-0.225,3.799999999998));
#14342 = LINE('',#14343,#14344);
#14343 = CARTESIAN_POINT('',(2.98,-0.225,3.799999999998));
#14344 = VECTOR('',#14345,1.);
#14345 = DIRECTION('',(0.,2.2E-16,-1.));
#14346 = ORIENTED_EDGE('',*,*,#14347,.F.);
#14347 = EDGE_CURVE('',#14348,#14340,#14350,.T.);
#14348 = VERTEX_POINT('',#14349);
#14349 = CARTESIAN_POINT('',(2.68,-0.225,3.799999999998));
#14350 = LINE('',#14351,#14352);
#14351 = CARTESIAN_POINT('',(2.68,-0.225,3.799999999998));
#14352 = VECTOR('',#14353,1.);
#14353 = DIRECTION('',(1.,0.,0.));
#14354 = ORIENTED_EDGE('',*,*,#14355,.F.);
#14355 = EDGE_CURVE('',#14356,#14348,#14358,.T.);
#14356 = VERTEX_POINT('',#14357);
#14357 = CARTESIAN_POINT('',(2.68,-0.225,4.6));
#14358 = LINE('',#14359,#14360);
#14359 = CARTESIAN_POINT('',(2.68,-0.225,4.6));
#14360 = VECTOR('',#14361,1.);
#14361 = DIRECTION('',(0.,2.2E-16,-1.));
#14362 = ORIENTED_EDGE('',*,*,#14363,.F.);
#14363 = EDGE_CURVE('',#14364,#14356,#14366,.T.);
#14364 = VERTEX_POINT('',#14365);
#14365 = CARTESIAN_POINT('',(5.48,-0.225,4.6));
#14366 = LINE('',#14367,#14368);
#14367 = CARTESIAN_POINT('',(5.48,-0.225,4.6));
#14368 = VECTOR('',#14369,1.);
#14369 = DIRECTION('',(-1.,0.,0.));
#14370 = ORIENTED_EDGE('',*,*,#14371,.F.);
#14371 = EDGE_CURVE('',#14239,#14364,#14372,.T.);
#14372 = LINE('',#14373,#14374);
#14373 = CARTESIAN_POINT('',(5.48,-0.225,-4.6));
#14374 = VECTOR('',#14375,1.);
#14375 = DIRECTION('',(0.,-2.2E-16,1.));
#14376 = ORIENTED_EDGE('',*,*,#14248,.T.);
#14377 = PLANE('',#14378);
#14378 = AXIS2_PLACEMENT_3D('',#14379,#14380,#14381);
#14379 = CARTESIAN_POINT('',(4.767190082644,-0.225,0.723140495868));
#14380 = DIRECTION('',(0.,1.,2.2E-16));
#14381 = DIRECTION('',(0.,-2.2E-16,1.));
#14382 = ADVANCED_FACE('',(#14383),#14394,.F.);
#14383 = FACE_BOUND('',#14384,.F.);
#14384 = EDGE_LOOP('',(#14385,#14386,#14392,#14393));
#14385 = ORIENTED_EDGE('',*,*,#14085,.F.);
#14386 = ORIENTED_EDGE('',*,*,#14387,.T.);
#14387 = EDGE_CURVE('',#14086,#14266,#14388,.T.);
#14388 = LINE('',#14389,#14390);
#14389 = CARTESIAN_POINT('',(4.83,0.225,-4.6));
#14390 = VECTOR('',#14391,1.);
#14391 = DIRECTION('',(0.,-1.,2.2E-16));
#14392 = ORIENTED_EDGE('',*,*,#14265,.T.);
#14393 = ORIENTED_EDGE('',*,*,#14224,.F.);
#14394 = PLANE('',#14395);
#14395 = AXIS2_PLACEMENT_3D('',#14396,#14397,#14398);
#14396 = CARTESIAN_POINT('',(4.68,0.225,-4.6));
#14397 = DIRECTION('',(0.,2.2E-16,1.));
#14398 = DIRECTION('',(1.,0.,-0.));
#14399 = ADVANCED_FACE('',(#14400),#14411,.F.);
#14400 = FACE_BOUND('',#14401,.F.);
#14401 = EDGE_LOOP('',(#14402,#14403,#14404,#14405));
#14402 = ORIENTED_EDGE('',*,*,#14191,.F.);
#14403 = ORIENTED_EDGE('',*,*,#14238,.T.);
#14404 = ORIENTED_EDGE('',*,*,#14371,.T.);
#14405 = ORIENTED_EDGE('',*,*,#14406,.F.);
#14406 = EDGE_CURVE('',#14184,#14364,#14407,.T.);
#14407 = LINE('',#14408,#14409);
#14408 = CARTESIAN_POINT('',(5.48,0.225,4.6));
#14409 = VECTOR('',#14410,1.);
#14410 = DIRECTION('',(0.,-1.,2.2E-16));
#14411 = PLANE('',#14412);
#14412 = AXIS2_PLACEMENT_3D('',#14413,#14414,#14415);
#14413 = CARTESIAN_POINT('',(5.48,0.225,-4.6));
#14414 = DIRECTION('',(-1.,0.,0.));
#14415 = DIRECTION('',(0.,2.2E-16,1.));
#14416 = ADVANCED_FACE('',(#14417),#14428,.T.);
#14417 = FACE_BOUND('',#14418,.T.);
#14418 = EDGE_LOOP('',(#14419,#14420,#14421,#14422));
#14419 = ORIENTED_EDGE('',*,*,#14093,.F.);
#14420 = ORIENTED_EDGE('',*,*,#14387,.T.);
#14421 = ORIENTED_EDGE('',*,*,#14273,.T.);
#14422 = ORIENTED_EDGE('',*,*,#14423,.F.);
#14423 = EDGE_CURVE('',#14094,#14274,#14424,.T.);
#14424 = LINE('',#14425,#14426);
#14425 = CARTESIAN_POINT('',(4.68,0.225,-4.45));
#14426 = VECTOR('',#14427,1.);
#14427 = DIRECTION('',(0.,-1.,2.2E-16));
#14428 = PLANE('',#14429);
#14429 = AXIS2_PLACEMENT_3D('',#14430,#14431,#14432);
#14430 = CARTESIAN_POINT('',(4.755,0.225,-4.525));
#14431 = DIRECTION('',(-0.707106781187,-1.599999999999E-16,
    -0.707106781187));
#14432 = DIRECTION('',(3.137084989799E-18,-1.,2.231370849898E-16));
#14433 = ADVANCED_FACE('',(#14434),#14445,.F.);
#14434 = FACE_BOUND('',#14435,.F.);
#14435 = EDGE_LOOP('',(#14436,#14437,#14438,#14444));
#14436 = ORIENTED_EDGE('',*,*,#14406,.T.);
#14437 = ORIENTED_EDGE('',*,*,#14363,.T.);
#14438 = ORIENTED_EDGE('',*,*,#14439,.F.);
#14439 = EDGE_CURVE('',#14176,#14356,#14440,.T.);
#14440 = LINE('',#14441,#14442);
#14441 = CARTESIAN_POINT('',(2.68,0.225,4.6));
#14442 = VECTOR('',#14443,1.);
#14443 = DIRECTION('',(0.,-1.,2.2E-16));
#14444 = ORIENTED_EDGE('',*,*,#14183,.F.);
#14445 = PLANE('',#14446);
#14446 = AXIS2_PLACEMENT_3D('',#14447,#14448,#14449);
#14447 = CARTESIAN_POINT('',(5.48,0.225,4.6));
#14448 = DIRECTION('',(0.,-2.2E-16,-1.));
#14449 = DIRECTION('',(-1.,-0.,0.));
#14450 = ADVANCED_FACE('',(#14451),#14462,.F.);
#14451 = FACE_BOUND('',#14452,.F.);
#14452 = EDGE_LOOP('',(#14453,#14454,#14460,#14461));
#14453 = ORIENTED_EDGE('',*,*,#14101,.F.);
#14454 = ORIENTED_EDGE('',*,*,#14455,.T.);
#14455 = EDGE_CURVE('',#14102,#14282,#14456,.T.);
#14456 = LINE('',#14457,#14458);
#14457 = CARTESIAN_POINT('',(4.68,-9.784106205985,-3.8));
#14458 = VECTOR('',#14459,1.);
#14459 = DIRECTION('',(0.,-1.,2.2E-16));
#14460 = ORIENTED_EDGE('',*,*,#14281,.T.);
#14461 = ORIENTED_EDGE('',*,*,#14423,.F.);
#14462 = PLANE('',#14463);
#14463 = AXIS2_PLACEMENT_3D('',#14464,#14465,#14466);
#14464 = CARTESIAN_POINT('',(4.68,0.225,3.799999999998));
#14465 = DIRECTION('',(1.,0.,0.));
#14466 = DIRECTION('',(0.,-2.2E-16,-1.));
#14467 = ADVANCED_FACE('',(#14468),#14479,.F.);
#14468 = FACE_BOUND('',#14469,.F.);
#14469 = EDGE_LOOP('',(#14470,#14471,#14472,#14478));
#14470 = ORIENTED_EDGE('',*,*,#14439,.T.);
#14471 = ORIENTED_EDGE('',*,*,#14355,.T.);
#14472 = ORIENTED_EDGE('',*,*,#14473,.F.);
#14473 = EDGE_CURVE('',#14168,#14348,#14474,.T.);
#14474 = LINE('',#14475,#14476);
#14475 = CARTESIAN_POINT('',(2.68,0.225,3.799999999998));
#14476 = VECTOR('',#14477,1.);
#14477 = DIRECTION('',(0.,-1.,2.2E-16));
#14478 = ORIENTED_EDGE('',*,*,#14175,.F.);
#14479 = PLANE('',#14480);
#14480 = AXIS2_PLACEMENT_3D('',#14481,#14482,#14483);
#14481 = CARTESIAN_POINT('',(2.68,0.225,4.6));
#14482 = DIRECTION('',(1.,0.,0.));
#14483 = DIRECTION('',(0.,-2.2E-16,-1.));
#14484 = ADVANCED_FACE('',(#14485),#14496,.F.);
#14485 = FACE_BOUND('',#14486,.F.);
#14486 = EDGE_LOOP('',(#14487,#14493,#14494,#14495));
#14487 = ORIENTED_EDGE('',*,*,#14488,.F.);
#14488 = EDGE_CURVE('',#14290,#14110,#14489,.T.);
#14489 = LINE('',#14490,#14491);
#14490 = CARTESIAN_POINT('',(4.88,-9.784106205985,-3.6));
#14491 = VECTOR('',#14492,1.);
#14492 = DIRECTION('',(0.,1.,-2.2E-16));
#14493 = ORIENTED_EDGE('',*,*,#14289,.F.);
#14494 = ORIENTED_EDGE('',*,*,#14455,.F.);
#14495 = ORIENTED_EDGE('',*,*,#14109,.T.);
#14496 = CYLINDRICAL_SURFACE('',#14497,0.2);
#14497 = AXIS2_PLACEMENT_3D('',#14498,#14499,#14500);
#14498 = CARTESIAN_POINT('',(4.68,-9.784106205985,-3.6));
#14499 = DIRECTION('',(0.,-1.,2.2E-16));
#14500 = DIRECTION('',(1.,0.,0.));
#14501 = ADVANCED_FACE('',(#14502),#14513,.F.);
#14502 = FACE_BOUND('',#14503,.F.);
#14503 = EDGE_LOOP('',(#14504,#14505,#14506,#14512));
#14504 = ORIENTED_EDGE('',*,*,#14473,.T.);
#14505 = ORIENTED_EDGE('',*,*,#14347,.T.);
#14506 = ORIENTED_EDGE('',*,*,#14507,.F.);
#14507 = EDGE_CURVE('',#14160,#14340,#14508,.T.);
#14508 = LINE('',#14509,#14510);
#14509 = CARTESIAN_POINT('',(2.98,0.225,3.799999999998));
#14510 = VECTOR('',#14511,1.);
#14511 = DIRECTION('',(0.,-1.,2.2E-16));
#14512 = ORIENTED_EDGE('',*,*,#14167,.F.);
#14513 = PLANE('',#14514);
#14514 = AXIS2_PLACEMENT_3D('',#14515,#14516,#14517);
#14515 = CARTESIAN_POINT('',(2.68,0.225,3.799999999998));
#14516 = DIRECTION('',(0.,2.2E-16,1.));
#14517 = DIRECTION('',(1.,0.,-0.));
#14518 = ADVANCED_FACE('',(#14519),#14530,.F.);
#14519 = FACE_BOUND('',#14520,.F.);
#14520 = EDGE_LOOP('',(#14521,#14522,#14523,#14524));
#14521 = ORIENTED_EDGE('',*,*,#14298,.F.);
#14522 = ORIENTED_EDGE('',*,*,#14488,.T.);
#14523 = ORIENTED_EDGE('',*,*,#14118,.T.);
#14524 = ORIENTED_EDGE('',*,*,#14525,.T.);
#14525 = EDGE_CURVE('',#14119,#14299,#14526,.T.);
#14526 = LINE('',#14527,#14528);
#14527 = CARTESIAN_POINT('',(4.68,-9.784106205985,-3.4));
#14528 = VECTOR('',#14529,1.);
#14529 = DIRECTION('',(0.,-1.,2.2E-16));
#14530 = CYLINDRICAL_SURFACE('',#14531,0.2);
#14531 = AXIS2_PLACEMENT_3D('',#14532,#14533,#14534);
#14532 = CARTESIAN_POINT('',(4.68,-9.784106205985,-3.6));
#14533 = DIRECTION('',(0.,-1.,2.2E-16));
#14534 = DIRECTION('',(1.,0.,0.));
#14535 = ADVANCED_FACE('',(#14536),#14547,.F.);
#14536 = FACE_BOUND('',#14537,.F.);
#14537 = EDGE_LOOP('',(#14538,#14539,#14540,#14546));
#14538 = ORIENTED_EDGE('',*,*,#14507,.T.);
#14539 = ORIENTED_EDGE('',*,*,#14339,.T.);
#14540 = ORIENTED_EDGE('',*,*,#14541,.F.);
#14541 = EDGE_CURVE('',#14152,#14332,#14542,.T.);
#14542 = LINE('',#14543,#14544);
#14543 = CARTESIAN_POINT('',(2.98,0.225,3.699999999998));
#14544 = VECTOR('',#14545,1.);
#14545 = DIRECTION('',(0.,-1.,2.2E-16));
#14546 = ORIENTED_EDGE('',*,*,#14159,.F.);
#14547 = PLANE('',#14548);
#14548 = AXIS2_PLACEMENT_3D('',#14549,#14550,#14551);
#14549 = CARTESIAN_POINT('',(2.98,0.225,3.799999999998));
#14550 = DIRECTION('',(1.,0.,0.));
#14551 = DIRECTION('',(0.,-2.2E-16,-1.));
#14552 = ADVANCED_FACE('',(#14553),#14564,.F.);
#14553 = FACE_BOUND('',#14554,.F.);
#14554 = EDGE_LOOP('',(#14555,#14556,#14562,#14563));
#14555 = ORIENTED_EDGE('',*,*,#14127,.F.);
#14556 = ORIENTED_EDGE('',*,*,#14557,.T.);
#14557 = EDGE_CURVE('',#14128,#14308,#14558,.T.);
#14558 = LINE('',#14559,#14560);
#14559 = CARTESIAN_POINT('',(4.68,0.225,3.799999999998));
#14560 = VECTOR('',#14561,1.);
#14561 = DIRECTION('',(0.,-1.,2.2E-16));
#14562 = ORIENTED_EDGE('',*,*,#14307,.T.);
#14563 = ORIENTED_EDGE('',*,*,#14525,.F.);
#14564 = PLANE('',#14565);
#14565 = AXIS2_PLACEMENT_3D('',#14566,#14567,#14568);
#14566 = CARTESIAN_POINT('',(4.68,0.225,3.799999999998));
#14567 = DIRECTION('',(1.,0.,0.));
#14568 = DIRECTION('',(0.,-2.2E-16,-1.));
#14569 = ADVANCED_FACE('',(#14570),#14581,.F.);
#14570 = FACE_BOUND('',#14571,.F.);
#14571 = EDGE_LOOP('',(#14572,#14573,#14574,#14580));
#14572 = ORIENTED_EDGE('',*,*,#14541,.T.);
#14573 = ORIENTED_EDGE('',*,*,#14331,.T.);
#14574 = ORIENTED_EDGE('',*,*,#14575,.F.);
#14575 = EDGE_CURVE('',#14144,#14324,#14576,.T.);
#14576 = LINE('',#14577,#14578);
#14577 = CARTESIAN_POINT('',(3.48,0.225,3.699999999998));
#14578 = VECTOR('',#14579,1.);
#14579 = DIRECTION('',(0.,-1.,2.2E-16));
#14580 = ORIENTED_EDGE('',*,*,#14151,.F.);
#14581 = PLANE('',#14582);
#14582 = AXIS2_PLACEMENT_3D('',#14583,#14584,#14585);
#14583 = CARTESIAN_POINT('',(2.98,0.225,3.699999999998));
#14584 = DIRECTION('',(0.,2.2E-16,1.));
#14585 = DIRECTION('',(1.,0.,-0.));
#14586 = ADVANCED_FACE('',(#14587),#14598,.F.);
#14587 = FACE_BOUND('',#14588,.F.);
#14588 = EDGE_LOOP('',(#14589,#14595,#14596,#14597));
#14589 = ORIENTED_EDGE('',*,*,#14590,.T.);
#14590 = EDGE_CURVE('',#14136,#14316,#14591,.T.);
#14591 = LINE('',#14592,#14593);
#14592 = CARTESIAN_POINT('',(3.48,0.225,3.799999999998));
#14593 = VECTOR('',#14594,1.);
#14594 = DIRECTION('',(0.,-1.,2.2E-16));
#14595 = ORIENTED_EDGE('',*,*,#14315,.T.);
#14596 = ORIENTED_EDGE('',*,*,#14557,.F.);
#14597 = ORIENTED_EDGE('',*,*,#14135,.F.);
#14598 = PLANE('',#14599);
#14599 = AXIS2_PLACEMENT_3D('',#14600,#14601,#14602);
#14600 = CARTESIAN_POINT('',(3.48,0.225,3.799999999998));
#14601 = DIRECTION('',(0.,2.2E-16,1.));
#14602 = DIRECTION('',(1.,0.,-0.));
#14603 = ADVANCED_FACE('',(#14604),#14610,.F.);
#14604 = FACE_BOUND('',#14605,.F.);
#14605 = EDGE_LOOP('',(#14606,#14607,#14608,#14609));
#14606 = ORIENTED_EDGE('',*,*,#14575,.T.);
#14607 = ORIENTED_EDGE('',*,*,#14323,.T.);
#14608 = ORIENTED_EDGE('',*,*,#14590,.F.);
#14609 = ORIENTED_EDGE('',*,*,#14143,.F.);
#14610 = PLANE('',#14611);
#14611 = AXIS2_PLACEMENT_3D('',#14612,#14613,#14614);
#14612 = CARTESIAN_POINT('',(3.48,0.225,3.699999999998));
#14613 = DIRECTION('',(-1.,0.,0.));
#14614 = DIRECTION('',(0.,2.2E-16,1.));
#14615 = ( GEOMETRIC_REPRESENTATION_CONTEXT(3) 
GLOBAL_UNCERTAINTY_ASSIGNED_CONTEXT((#14619)) 
GLOBAL_UNIT_ASSIGNED_CONTEXT((#14616,#14617,#14618)) 
REPRESENTATION_CONTEXT('Context #1',
  '3D Context with UNIT and UNCERTAINTY') );
#14616 = ( LENGTH_UNIT() NAMED_UNIT(*) SI_UNIT(.MILLI.,.METRE.) );
#14617 = ( NAMED_UNIT(*) PLANE_ANGLE_UNIT() SI_UNIT($,.RADIAN.) );
#14618 = ( NAMED_UNIT(*) SI_UNIT($,.STERADIAN.) SOLID_ANGLE_UNIT() );
#14619 = UNCERTAINTY_MEASURE_WITH_UNIT(LENGTH_MEASURE(1.E-07),#14616,
  'distance_accuracy_value','confusion accuracy');
#14620 = CONTEXT_DEPENDENT_SHAPE_REPRESENTATION(#14621,#14623);
#14621 = ( REPRESENTATION_RELATIONSHIP('','',#14029,#8075) 
REPRESENTATION_RELATIONSHIP_WITH_TRANSFORMATION(#14622) 
SHAPE_REPRESENTATION_RELATIONSHIP() );
#14622 = ITEM_DEFINED_TRANSFORMATION('','',#11,#8100);
#14623 = PRODUCT_DEFINITION_SHAPE('Placement','Placement of an item',
  #14624);
#14624 = NEXT_ASSEMBLY_USAGE_OCCURRENCE('16','Pin_NC005','',#8070,#14024
  ,$);
#14625 = PRODUCT_RELATED_PRODUCT_CATEGORY('part',$,(#14026));
#14626 = SHAPE_DEFINITION_REPRESENTATION(#14627,#14633);
#14627 = PRODUCT_DEFINITION_SHAPE('','',#14628);
#14628 = PRODUCT_DEFINITION('design','',#14629,#14632);
#14629 = PRODUCT_DEFINITION_FORMATION('','',#14630);
#14630 = PRODUCT('vibration_module_PCB','vibration_module_PCB','',(
    #14631));
#14631 = PRODUCT_CONTEXT('',#2,'mechanical');
#14632 = PRODUCT_DEFINITION_CONTEXT('part definition',#2,'design');
#14633 = ADVANCED_BREP_SHAPE_REPRESENTATION('',(#11,#14634),#15213);
#14634 = MANIFOLD_SOLID_BREP('',#14635);
#14635 = CLOSED_SHELL('',(#14636,#14676,#14707,#14738,#14876,#15014,
    #15026,#15043,#15060,#15077,#15094,#15111,#15128,#15145,#15162,
    #15179,#15196));
#14636 = ADVANCED_FACE('',(#14637),#14671,.T.);
#14637 = FACE_BOUND('',#14638,.T.);
#14638 = EDGE_LOOP('',(#14639,#14649,#14657,#14665));
#14639 = ORIENTED_EDGE('',*,*,#14640,.T.);
#14640 = EDGE_CURVE('',#14641,#14643,#14645,.T.);
#14641 = VERTEX_POINT('',#14642);
#14642 = CARTESIAN_POINT('',(170.5,-80.25,0.));
#14643 = VERTEX_POINT('',#14644);
#14644 = CARTESIAN_POINT('',(170.5,-80.25,1.51));
#14645 = LINE('',#14646,#14647);
#14646 = CARTESIAN_POINT('',(170.5,-80.25,0.));
#14647 = VECTOR('',#14648,1.);
#14648 = DIRECTION('',(0.,0.,1.));
#14649 = ORIENTED_EDGE('',*,*,#14650,.T.);
#14650 = EDGE_CURVE('',#14643,#14651,#14653,.T.);
#14651 = VERTEX_POINT('',#14652);
#14652 = CARTESIAN_POINT('',(154.5,-80.25,1.51));
#14653 = LINE('',#14654,#14655);
#14654 = CARTESIAN_POINT('',(170.5,-80.25,1.51));
#14655 = VECTOR('',#14656,1.);
#14656 = DIRECTION('',(-1.,0.,0.));
#14657 = ORIENTED_EDGE('',*,*,#14658,.F.);
#14658 = EDGE_CURVE('',#14659,#14651,#14661,.T.);
#14659 = VERTEX_POINT('',#14660);
#14660 = CARTESIAN_POINT('',(154.5,-80.25,0.));
#14661 = LINE('',#14662,#14663);
#14662 = CARTESIAN_POINT('',(154.5,-80.25,0.));
#14663 = VECTOR('',#14664,1.);
#14664 = DIRECTION('',(0.,0.,1.));
#14665 = ORIENTED_EDGE('',*,*,#14666,.F.);
#14666 = EDGE_CURVE('',#14641,#14659,#14667,.T.);
#14667 = LINE('',#14668,#14669);
#14668 = CARTESIAN_POINT('',(170.5,-80.25,0.));
#14669 = VECTOR('',#14670,1.);
#14670 = DIRECTION('',(-1.,0.,0.));
#14671 = PLANE('',#14672);
#14672 = AXIS2_PLACEMENT_3D('',#14673,#14674,#14675);
#14673 = CARTESIAN_POINT('',(170.5,-80.25,0.));
#14674 = DIRECTION('',(0.,-1.,0.));
#14675 = DIRECTION('',(-1.,0.,0.));
#14676 = ADVANCED_FACE('',(#14677),#14702,.T.);
#14677 = FACE_BOUND('',#14678,.T.);
#14678 = EDGE_LOOP('',(#14679,#14689,#14695,#14696));
#14679 = ORIENTED_EDGE('',*,*,#14680,.T.);
#14680 = EDGE_CURVE('',#14681,#14683,#14685,.T.);
#14681 = VERTEX_POINT('',#14682);
#14682 = CARTESIAN_POINT('',(170.5,-65.25,0.));
#14683 = VERTEX_POINT('',#14684);
#14684 = CARTESIAN_POINT('',(170.5,-65.25,1.51));
#14685 = LINE('',#14686,#14687);
#14686 = CARTESIAN_POINT('',(170.5,-65.25,0.));
#14687 = VECTOR('',#14688,1.);
#14688 = DIRECTION('',(0.,0.,1.));
#14689 = ORIENTED_EDGE('',*,*,#14690,.T.);
#14690 = EDGE_CURVE('',#14683,#14643,#14691,.T.);
#14691 = LINE('',#14692,#14693);
#14692 = CARTESIAN_POINT('',(170.5,-65.25,1.51));
#14693 = VECTOR('',#14694,1.);
#14694 = DIRECTION('',(0.,-1.,0.));
#14695 = ORIENTED_EDGE('',*,*,#14640,.F.);
#14696 = ORIENTED_EDGE('',*,*,#14697,.F.);
#14697 = EDGE_CURVE('',#14681,#14641,#14698,.T.);
#14698 = LINE('',#14699,#14700);
#14699 = CARTESIAN_POINT('',(170.5,-65.25,0.));
#14700 = VECTOR('',#14701,1.);
#14701 = DIRECTION('',(0.,-1.,0.));
#14702 = PLANE('',#14703);
#14703 = AXIS2_PLACEMENT_3D('',#14704,#14705,#14706);
#14704 = CARTESIAN_POINT('',(170.5,-65.25,0.));
#14705 = DIRECTION('',(1.,0.,-0.));
#14706 = DIRECTION('',(0.,-1.,0.));
#14707 = ADVANCED_FACE('',(#14708),#14733,.T.);
#14708 = FACE_BOUND('',#14709,.T.);
#14709 = EDGE_LOOP('',(#14710,#14711,#14719,#14727));
#14710 = ORIENTED_EDGE('',*,*,#14658,.T.);
#14711 = ORIENTED_EDGE('',*,*,#14712,.T.);
#14712 = EDGE_CURVE('',#14651,#14713,#14715,.T.);
#14713 = VERTEX_POINT('',#14714);
#14714 = CARTESIAN_POINT('',(154.5,-65.25,1.51));
#14715 = LINE('',#14716,#14717);
#14716 = CARTESIAN_POINT('',(154.5,-80.25,1.51));
#14717 = VECTOR('',#14718,1.);
#14718 = DIRECTION('',(0.,1.,0.));
#14719 = ORIENTED_EDGE('',*,*,#14720,.F.);
#14720 = EDGE_CURVE('',#14721,#14713,#14723,.T.);
#14721 = VERTEX_POINT('',#14722);
#14722 = CARTESIAN_POINT('',(154.5,-65.25,0.));
#14723 = LINE('',#14724,#14725);
#14724 = CARTESIAN_POINT('',(154.5,-65.25,0.));
#14725 = VECTOR('',#14726,1.);
#14726 = DIRECTION('',(0.,0.,1.));
#14727 = ORIENTED_EDGE('',*,*,#14728,.F.);
#14728 = EDGE_CURVE('',#14659,#14721,#14729,.T.);
#14729 = LINE('',#14730,#14731);
#14730 = CARTESIAN_POINT('',(154.5,-80.25,0.));
#14731 = VECTOR('',#14732,1.);
#14732 = DIRECTION('',(0.,1.,0.));
#14733 = PLANE('',#14734);
#14734 = AXIS2_PLACEMENT_3D('',#14735,#14736,#14737);
#14735 = CARTESIAN_POINT('',(154.5,-80.25,0.));
#14736 = DIRECTION('',(-1.,0.,0.));
#14737 = DIRECTION('',(0.,1.,0.));
#14738 = ADVANCED_FACE('',(#14739,#14750,#14761,#14772,#14783,#14794,
    #14805,#14816,#14827,#14838,#14849,#14860),#14871,.F.);
#14739 = FACE_BOUND('',#14740,.F.);
#14740 = EDGE_LOOP('',(#14741,#14742,#14743,#14749));
#14741 = ORIENTED_EDGE('',*,*,#14666,.F.);
#14742 = ORIENTED_EDGE('',*,*,#14697,.F.);
#14743 = ORIENTED_EDGE('',*,*,#14744,.F.);
#14744 = EDGE_CURVE('',#14721,#14681,#14745,.T.);
#14745 = LINE('',#14746,#14747);
#14746 = CARTESIAN_POINT('',(154.5,-65.25,0.));
#14747 = VECTOR('',#14748,1.);
#14748 = DIRECTION('',(1.,0.,0.));
#14749 = ORIENTED_EDGE('',*,*,#14728,.F.);
#14750 = FACE_BOUND('',#14751,.F.);
#14751 = EDGE_LOOP('',(#14752));
#14752 = ORIENTED_EDGE('',*,*,#14753,.T.);
#14753 = EDGE_CURVE('',#14754,#14754,#14756,.T.);
#14754 = VERTEX_POINT('',#14755);
#14755 = CARTESIAN_POINT('',(163.25,-78.71,0.));
#14756 = CIRCLE('',#14757,0.55);
#14757 = AXIS2_PLACEMENT_3D('',#14758,#14759,#14760);
#14758 = CARTESIAN_POINT('',(163.25,-78.16,0.));
#14759 = DIRECTION('',(-0.,0.,-1.));
#14760 = DIRECTION('',(-0.,-1.,0.));
#14761 = FACE_BOUND('',#14762,.F.);
#14762 = EDGE_LOOP('',(#14763));
#14763 = ORIENTED_EDGE('',*,*,#14764,.T.);
#14764 = EDGE_CURVE('',#14765,#14765,#14767,.T.);
#14765 = VERTEX_POINT('',#14766);
#14766 = CARTESIAN_POINT('',(163.25,-73.63,0.));
#14767 = CIRCLE('',#14768,0.55);
#14768 = AXIS2_PLACEMENT_3D('',#14769,#14770,#14771);
#14769 = CARTESIAN_POINT('',(163.25,-73.08,0.));
#14770 = DIRECTION('',(-0.,0.,-1.));
#14771 = DIRECTION('',(-0.,-1.,0.));
#14772 = FACE_BOUND('',#14773,.F.);
#14773 = EDGE_LOOP('',(#14774));
#14774 = ORIENTED_EDGE('',*,*,#14775,.T.);
#14775 = EDGE_CURVE('',#14776,#14776,#14778,.T.);
#14776 = VERTEX_POINT('',#14777);
#14777 = CARTESIAN_POINT('',(166.8,-75.5,0.));
#14778 = CIRCLE('',#14779,0.25);
#14779 = AXIS2_PLACEMENT_3D('',#14780,#14781,#14782);
#14780 = CARTESIAN_POINT('',(166.8,-75.25,0.));
#14781 = DIRECTION('',(-0.,0.,-1.));
#14782 = DIRECTION('',(-0.,-1.,0.));
#14783 = FACE_BOUND('',#14784,.F.);
#14784 = EDGE_LOOP('',(#14785));
#14785 = ORIENTED_EDGE('',*,*,#14786,.T.);
#14786 = EDGE_CURVE('',#14787,#14787,#14789,.T.);
#14787 = VERTEX_POINT('',#14788);
#14788 = CARTESIAN_POINT('',(166.8,-74.25,0.));
#14789 = CIRCLE('',#14790,0.25);
#14790 = AXIS2_PLACEMENT_3D('',#14791,#14792,#14793);
#14791 = CARTESIAN_POINT('',(166.8,-74.,0.));
#14792 = DIRECTION('',(-0.,0.,-1.));
#14793 = DIRECTION('',(-0.,-1.,0.));
#14794 = FACE_BOUND('',#14795,.F.);
#14795 = EDGE_LOOP('',(#14796));
#14796 = ORIENTED_EDGE('',*,*,#14797,.T.);
#14797 = EDGE_CURVE('',#14798,#14798,#14800,.T.);
#14798 = VERTEX_POINT('',#14799);
#14799 = CARTESIAN_POINT('',(166.8,-73.,0.));
#14800 = CIRCLE('',#14801,0.25);
#14801 = AXIS2_PLACEMENT_3D('',#14802,#14803,#14804);
#14802 = CARTESIAN_POINT('',(166.8,-72.75,0.));
#14803 = DIRECTION('',(-0.,0.,-1.));
#14804 = DIRECTION('',(-0.,-1.,0.));
#14805 = FACE_BOUND('',#14806,.F.);
#14806 = EDGE_LOOP('',(#14807));
#14807 = ORIENTED_EDGE('',*,*,#14808,.T.);
#14808 = EDGE_CURVE('',#14809,#14809,#14811,.T.);
#14809 = VERTEX_POINT('',#14810);
#14810 = CARTESIAN_POINT('',(163.25,-68.55,0.));
#14811 = CIRCLE('',#14812,0.55);
#14812 = AXIS2_PLACEMENT_3D('',#14813,#14814,#14815);
#14813 = CARTESIAN_POINT('',(163.25,-68.,0.));
#14814 = DIRECTION('',(-0.,0.,-1.));
#14815 = DIRECTION('',(-0.,-1.,0.));
#14816 = FACE_BOUND('',#14817,.F.);
#14817 = EDGE_LOOP('',(#14818));
#14818 = ORIENTED_EDGE('',*,*,#14819,.T.);
#14819 = EDGE_CURVE('',#14820,#14820,#14822,.T.);
#14820 = VERTEX_POINT('',#14821);
#14821 = CARTESIAN_POINT('',(166.8,-71.75,0.));
#14822 = CIRCLE('',#14823,0.25);
#14823 = AXIS2_PLACEMENT_3D('',#14824,#14825,#14826);
#14824 = CARTESIAN_POINT('',(166.8,-71.5,0.));
#14825 = DIRECTION('',(-0.,0.,-1.));
#14826 = DIRECTION('',(-0.,-1.,0.));
#14827 = FACE_BOUND('',#14828,.F.);
#14828 = EDGE_LOOP('',(#14829));
#14829 = ORIENTED_EDGE('',*,*,#14830,.T.);
#14830 = EDGE_CURVE('',#14831,#14831,#14833,.T.);
#14831 = VERTEX_POINT('',#14832);
#14832 = CARTESIAN_POINT('',(166.696099,-68.75,0.));
#14833 = CIRCLE('',#14834,0.25);
#14834 = AXIS2_PLACEMENT_3D('',#14835,#14836,#14837);
#14835 = CARTESIAN_POINT('',(166.696099,-68.5,0.));
#14836 = DIRECTION('',(-0.,0.,-1.));
#14837 = DIRECTION('',(-0.,-1.,0.));
#14838 = FACE_BOUND('',#14839,.F.);
#14839 = EDGE_LOOP('',(#14840));
#14840 = ORIENTED_EDGE('',*,*,#14841,.T.);
#14841 = EDGE_CURVE('',#14842,#14842,#14844,.T.);
#14842 = VERTEX_POINT('',#14843);
#14843 = CARTESIAN_POINT('',(166.696099,-66.75,0.));
#14844 = CIRCLE('',#14845,0.25);
#14845 = AXIS2_PLACEMENT_3D('',#14846,#14847,#14848);
#14846 = CARTESIAN_POINT('',(166.696099,-66.5,0.));
#14847 = DIRECTION('',(-0.,0.,-1.));
#14848 = DIRECTION('',(-0.,-1.,0.));
#14849 = FACE_BOUND('',#14850,.F.);
#14850 = EDGE_LOOP('',(#14851));
#14851 = ORIENTED_EDGE('',*,*,#14852,.T.);
#14852 = EDGE_CURVE('',#14853,#14853,#14855,.T.);
#14853 = VERTEX_POINT('',#14854);
#14854 = CARTESIAN_POINT('',(168.696099,-68.75,0.));
#14855 = CIRCLE('',#14856,0.25);
#14856 = AXIS2_PLACEMENT_3D('',#14857,#14858,#14859);
#14857 = CARTESIAN_POINT('',(168.696099,-68.5,0.));
#14858 = DIRECTION('',(-0.,0.,-1.));
#14859 = DIRECTION('',(-0.,-1.,0.));
#14860 = FACE_BOUND('',#14861,.F.);
#14861 = EDGE_LOOP('',(#14862));
#14862 = ORIENTED_EDGE('',*,*,#14863,.T.);
#14863 = EDGE_CURVE('',#14864,#14864,#14866,.T.);
#14864 = VERTEX_POINT('',#14865);
#14865 = CARTESIAN_POINT('',(168.696099,-66.75,0.));
#14866 = CIRCLE('',#14867,0.25);
#14867 = AXIS2_PLACEMENT_3D('',#14868,#14869,#14870);
#14868 = CARTESIAN_POINT('',(168.696099,-66.5,0.));
#14869 = DIRECTION('',(-0.,0.,-1.));
#14870 = DIRECTION('',(-0.,-1.,0.));
#14871 = PLANE('',#14872);
#14872 = AXIS2_PLACEMENT_3D('',#14873,#14874,#14875);
#14873 = CARTESIAN_POINT('',(0.,0.,0.));
#14874 = DIRECTION('',(0.,0.,1.));
#14875 = DIRECTION('',(1.,0.,-0.));
#14876 = ADVANCED_FACE('',(#14877,#14888,#14899,#14910,#14921,#14932,
    #14943,#14954,#14965,#14976,#14987,#14998),#15009,.T.);
#14877 = FACE_BOUND('',#14878,.T.);
#14878 = EDGE_LOOP('',(#14879,#14880,#14881,#14887));
#14879 = ORIENTED_EDGE('',*,*,#14650,.F.);
#14880 = ORIENTED_EDGE('',*,*,#14690,.F.);
#14881 = ORIENTED_EDGE('',*,*,#14882,.F.);
#14882 = EDGE_CURVE('',#14713,#14683,#14883,.T.);
#14883 = LINE('',#14884,#14885);
#14884 = CARTESIAN_POINT('',(154.5,-65.25,1.51));
#14885 = VECTOR('',#14886,1.);
#14886 = DIRECTION('',(1.,0.,0.));
#14887 = ORIENTED_EDGE('',*,*,#14712,.F.);
#14888 = FACE_BOUND('',#14889,.T.);
#14889 = EDGE_LOOP('',(#14890));
#14890 = ORIENTED_EDGE('',*,*,#14891,.T.);
#14891 = EDGE_CURVE('',#14892,#14892,#14894,.T.);
#14892 = VERTEX_POINT('',#14893);
#14893 = CARTESIAN_POINT('',(163.25,-78.71,1.51));
#14894 = CIRCLE('',#14895,0.55);
#14895 = AXIS2_PLACEMENT_3D('',#14896,#14897,#14898);
#14896 = CARTESIAN_POINT('',(163.25,-78.16,1.51));
#14897 = DIRECTION('',(-0.,0.,-1.));
#14898 = DIRECTION('',(-0.,-1.,0.));
#14899 = FACE_BOUND('',#14900,.T.);
#14900 = EDGE_LOOP('',(#14901));
#14901 = ORIENTED_EDGE('',*,*,#14902,.T.);
#14902 = EDGE_CURVE('',#14903,#14903,#14905,.T.);
#14903 = VERTEX_POINT('',#14904);
#14904 = CARTESIAN_POINT('',(163.25,-73.63,1.51));
#14905 = CIRCLE('',#14906,0.55);
#14906 = AXIS2_PLACEMENT_3D('',#14907,#14908,#14909);
#14907 = CARTESIAN_POINT('',(163.25,-73.08,1.51));
#14908 = DIRECTION('',(-0.,0.,-1.));
#14909 = DIRECTION('',(-0.,-1.,0.));
#14910 = FACE_BOUND('',#14911,.T.);
#14911 = EDGE_LOOP('',(#14912));
#14912 = ORIENTED_EDGE('',*,*,#14913,.T.);
#14913 = EDGE_CURVE('',#14914,#14914,#14916,.T.);
#14914 = VERTEX_POINT('',#14915);
#14915 = CARTESIAN_POINT('',(166.8,-75.5,1.51));
#14916 = CIRCLE('',#14917,0.25);
#14917 = AXIS2_PLACEMENT_3D('',#14918,#14919,#14920);
#14918 = CARTESIAN_POINT('',(166.8,-75.25,1.51));
#14919 = DIRECTION('',(-0.,0.,-1.));
#14920 = DIRECTION('',(-0.,-1.,0.));
#14921 = FACE_BOUND('',#14922,.T.);
#14922 = EDGE_LOOP('',(#14923));
#14923 = ORIENTED_EDGE('',*,*,#14924,.T.);
#14924 = EDGE_CURVE('',#14925,#14925,#14927,.T.);
#14925 = VERTEX_POINT('',#14926);
#14926 = CARTESIAN_POINT('',(166.8,-74.25,1.51));
#14927 = CIRCLE('',#14928,0.25);
#14928 = AXIS2_PLACEMENT_3D('',#14929,#14930,#14931);
#14929 = CARTESIAN_POINT('',(166.8,-74.,1.51));
#14930 = DIRECTION('',(-0.,0.,-1.));
#14931 = DIRECTION('',(-0.,-1.,0.));
#14932 = FACE_BOUND('',#14933,.T.);
#14933 = EDGE_LOOP('',(#14934));
#14934 = ORIENTED_EDGE('',*,*,#14935,.T.);
#14935 = EDGE_CURVE('',#14936,#14936,#14938,.T.);
#14936 = VERTEX_POINT('',#14937);
#14937 = CARTESIAN_POINT('',(166.8,-73.,1.51));
#14938 = CIRCLE('',#14939,0.25);
#14939 = AXIS2_PLACEMENT_3D('',#14940,#14941,#14942);
#14940 = CARTESIAN_POINT('',(166.8,-72.75,1.51));
#14941 = DIRECTION('',(-0.,0.,-1.));
#14942 = DIRECTION('',(-0.,-1.,0.));
#14943 = FACE_BOUND('',#14944,.T.);
#14944 = EDGE_LOOP('',(#14945));
#14945 = ORIENTED_EDGE('',*,*,#14946,.T.);
#14946 = EDGE_CURVE('',#14947,#14947,#14949,.T.);
#14947 = VERTEX_POINT('',#14948);
#14948 = CARTESIAN_POINT('',(163.25,-68.55,1.51));
#14949 = CIRCLE('',#14950,0.55);
#14950 = AXIS2_PLACEMENT_3D('',#14951,#14952,#14953);
#14951 = CARTESIAN_POINT('',(163.25,-68.,1.51));
#14952 = DIRECTION('',(-0.,0.,-1.));
#14953 = DIRECTION('',(-0.,-1.,0.));
#14954 = FACE_BOUND('',#14955,.T.);
#14955 = EDGE_LOOP('',(#14956));
#14956 = ORIENTED_EDGE('',*,*,#14957,.T.);
#14957 = EDGE_CURVE('',#14958,#14958,#14960,.T.);
#14958 = VERTEX_POINT('',#14959);
#14959 = CARTESIAN_POINT('',(166.8,-71.75,1.51));
#14960 = CIRCLE('',#14961,0.25);
#14961 = AXIS2_PLACEMENT_3D('',#14962,#14963,#14964);
#14962 = CARTESIAN_POINT('',(166.8,-71.5,1.51));
#14963 = DIRECTION('',(-0.,0.,-1.));
#14964 = DIRECTION('',(-0.,-1.,0.));
#14965 = FACE_BOUND('',#14966,.T.);
#14966 = EDGE_LOOP('',(#14967));
#14967 = ORIENTED_EDGE('',*,*,#14968,.T.);
#14968 = EDGE_CURVE('',#14969,#14969,#14971,.T.);
#14969 = VERTEX_POINT('',#14970);
#14970 = CARTESIAN_POINT('',(166.696099,-68.75,1.51));
#14971 = CIRCLE('',#14972,0.25);
#14972 = AXIS2_PLACEMENT_3D('',#14973,#14974,#14975);
#14973 = CARTESIAN_POINT('',(166.696099,-68.5,1.51));
#14974 = DIRECTION('',(-0.,0.,-1.));
#14975 = DIRECTION('',(-0.,-1.,0.));
#14976 = FACE_BOUND('',#14977,.T.);
#14977 = EDGE_LOOP('',(#14978));
#14978 = ORIENTED_EDGE('',*,*,#14979,.T.);
#14979 = EDGE_CURVE('',#14980,#14980,#14982,.T.);
#14980 = VERTEX_POINT('',#14981);
#14981 = CARTESIAN_POINT('',(166.696099,-66.75,1.51));
#14982 = CIRCLE('',#14983,0.25);
#14983 = AXIS2_PLACEMENT_3D('',#14984,#14985,#14986);
#14984 = CARTESIAN_POINT('',(166.696099,-66.5,1.51));
#14985 = DIRECTION('',(-0.,0.,-1.));
#14986 = DIRECTION('',(-0.,-1.,0.));
#14987 = FACE_BOUND('',#14988,.T.);
#14988 = EDGE_LOOP('',(#14989));
#14989 = ORIENTED_EDGE('',*,*,#14990,.T.);
#14990 = EDGE_CURVE('',#14991,#14991,#14993,.T.);
#14991 = VERTEX_POINT('',#14992);
#14992 = CARTESIAN_POINT('',(168.696099,-68.75,1.51));
#14993 = CIRCLE('',#14994,0.25);
#14994 = AXIS2_PLACEMENT_3D('',#14995,#14996,#14997);
#14995 = CARTESIAN_POINT('',(168.696099,-68.5,1.51));
#14996 = DIRECTION('',(-0.,0.,-1.));
#14997 = DIRECTION('',(-0.,-1.,0.));
#14998 = FACE_BOUND('',#14999,.T.);
#14999 = EDGE_LOOP('',(#15000));
#15000 = ORIENTED_EDGE('',*,*,#15001,.T.);
#15001 = EDGE_CURVE('',#15002,#15002,#15004,.T.);
#15002 = VERTEX_POINT('',#15003);
#15003 = CARTESIAN_POINT('',(168.696099,-66.75,1.51));
#15004 = CIRCLE('',#15005,0.25);
#15005 = AXIS2_PLACEMENT_3D('',#15006,#15007,#15008);
#15006 = CARTESIAN_POINT('',(168.696099,-66.5,1.51));
#15007 = DIRECTION('',(-0.,0.,-1.));
#15008 = DIRECTION('',(-0.,-1.,0.));
#15009 = PLANE('',#15010);
#15010 = AXIS2_PLACEMENT_3D('',#15011,#15012,#15013);
#15011 = CARTESIAN_POINT('',(0.,0.,1.51));
#15012 = DIRECTION('',(0.,0.,1.));
#15013 = DIRECTION('',(1.,0.,-0.));
#15014 = ADVANCED_FACE('',(#15015),#15021,.T.);
#15015 = FACE_BOUND('',#15016,.T.);
#15016 = EDGE_LOOP('',(#15017,#15018,#15019,#15020));
#15017 = ORIENTED_EDGE('',*,*,#14720,.T.);
#15018 = ORIENTED_EDGE('',*,*,#14882,.T.);
#15019 = ORIENTED_EDGE('',*,*,#14680,.F.);
#15020 = ORIENTED_EDGE('',*,*,#14744,.F.);
#15021 = PLANE('',#15022);
#15022 = AXIS2_PLACEMENT_3D('',#15023,#15024,#15025);
#15023 = CARTESIAN_POINT('',(154.5,-65.25,0.));
#15024 = DIRECTION('',(0.,1.,0.));
#15025 = DIRECTION('',(1.,0.,0.));
#15026 = ADVANCED_FACE('',(#15027),#15038,.F.);
#15027 = FACE_BOUND('',#15028,.T.);
#15028 = EDGE_LOOP('',(#15029,#15030,#15036,#15037));
#15029 = ORIENTED_EDGE('',*,*,#14753,.T.);
#15030 = ORIENTED_EDGE('',*,*,#15031,.T.);
#15031 = EDGE_CURVE('',#14754,#14892,#15032,.T.);
#15032 = LINE('',#15033,#15034);
#15033 = CARTESIAN_POINT('',(163.25,-78.71,-4.6E-02));
#15034 = VECTOR('',#15035,1.);
#15035 = DIRECTION('',(0.,0.,1.));
#15036 = ORIENTED_EDGE('',*,*,#14891,.F.);
#15037 = ORIENTED_EDGE('',*,*,#15031,.F.);
#15038 = CYLINDRICAL_SURFACE('',#15039,0.55);
#15039 = AXIS2_PLACEMENT_3D('',#15040,#15041,#15042);
#15040 = CARTESIAN_POINT('',(163.25,-78.16,-4.6E-02));
#15041 = DIRECTION('',(-0.,-0.,-1.));
#15042 = DIRECTION('',(-0.,-1.,0.));
#15043 = ADVANCED_FACE('',(#15044),#15055,.F.);
#15044 = FACE_BOUND('',#15045,.T.);
#15045 = EDGE_LOOP('',(#15046,#15047,#15053,#15054));
#15046 = ORIENTED_EDGE('',*,*,#14764,.T.);
#15047 = ORIENTED_EDGE('',*,*,#15048,.T.);
#15048 = EDGE_CURVE('',#14765,#14903,#15049,.T.);
#15049 = LINE('',#15050,#15051);
#15050 = CARTESIAN_POINT('',(163.25,-73.63,-4.6E-02));
#15051 = VECTOR('',#15052,1.);
#15052 = DIRECTION('',(0.,0.,1.));
#15053 = ORIENTED_EDGE('',*,*,#14902,.F.);
#15054 = ORIENTED_EDGE('',*,*,#15048,.F.);
#15055 = CYLINDRICAL_SURFACE('',#15056,0.55);
#15056 = AXIS2_PLACEMENT_3D('',#15057,#15058,#15059);
#15057 = CARTESIAN_POINT('',(163.25,-73.08,-4.6E-02));
#15058 = DIRECTION('',(-0.,-0.,-1.));
#15059 = DIRECTION('',(-0.,-1.,0.));
#15060 = ADVANCED_FACE('',(#15061),#15072,.F.);
#15061 = FACE_BOUND('',#15062,.T.);
#15062 = EDGE_LOOP('',(#15063,#15064,#15070,#15071));
#15063 = ORIENTED_EDGE('',*,*,#14775,.T.);
#15064 = ORIENTED_EDGE('',*,*,#15065,.T.);
#15065 = EDGE_CURVE('',#14776,#14914,#15066,.T.);
#15066 = LINE('',#15067,#15068);
#15067 = CARTESIAN_POINT('',(166.8,-75.5,-4.6E-02));
#15068 = VECTOR('',#15069,1.);
#15069 = DIRECTION('',(0.,0.,1.));
#15070 = ORIENTED_EDGE('',*,*,#14913,.F.);
#15071 = ORIENTED_EDGE('',*,*,#15065,.F.);
#15072 = CYLINDRICAL_SURFACE('',#15073,0.25);
#15073 = AXIS2_PLACEMENT_3D('',#15074,#15075,#15076);
#15074 = CARTESIAN_POINT('',(166.8,-75.25,-4.6E-02));
#15075 = DIRECTION('',(-0.,-0.,-1.));
#15076 = DIRECTION('',(-0.,-1.,0.));
#15077 = ADVANCED_FACE('',(#15078),#15089,.F.);
#15078 = FACE_BOUND('',#15079,.T.);
#15079 = EDGE_LOOP('',(#15080,#15081,#15087,#15088));
#15080 = ORIENTED_EDGE('',*,*,#14786,.T.);
#15081 = ORIENTED_EDGE('',*,*,#15082,.T.);
#15082 = EDGE_CURVE('',#14787,#14925,#15083,.T.);
#15083 = LINE('',#15084,#15085);
#15084 = CARTESIAN_POINT('',(166.8,-74.25,-4.6E-02));
#15085 = VECTOR('',#15086,1.);
#15086 = DIRECTION('',(0.,0.,1.));
#15087 = ORIENTED_EDGE('',*,*,#14924,.F.);
#15088 = ORIENTED_EDGE('',*,*,#15082,.F.);
#15089 = CYLINDRICAL_SURFACE('',#15090,0.25);
#15090 = AXIS2_PLACEMENT_3D('',#15091,#15092,#15093);
#15091 = CARTESIAN_POINT('',(166.8,-74.,-4.6E-02));
#15092 = DIRECTION('',(-0.,-0.,-1.));
#15093 = DIRECTION('',(-0.,-1.,0.));
#15094 = ADVANCED_FACE('',(#15095),#15106,.F.);
#15095 = FACE_BOUND('',#15096,.T.);
#15096 = EDGE_LOOP('',(#15097,#15098,#15104,#15105));
#15097 = ORIENTED_EDGE('',*,*,#14797,.T.);
#15098 = ORIENTED_EDGE('',*,*,#15099,.T.);
#15099 = EDGE_CURVE('',#14798,#14936,#15100,.T.);
#15100 = LINE('',#15101,#15102);
#15101 = CARTESIAN_POINT('',(166.8,-73.,-4.6E-02));
#15102 = VECTOR('',#15103,1.);
#15103 = DIRECTION('',(0.,0.,1.));
#15104 = ORIENTED_EDGE('',*,*,#14935,.F.);
#15105 = ORIENTED_EDGE('',*,*,#15099,.F.);
#15106 = CYLINDRICAL_SURFACE('',#15107,0.25);
#15107 = AXIS2_PLACEMENT_3D('',#15108,#15109,#15110);
#15108 = CARTESIAN_POINT('',(166.8,-72.75,-4.6E-02));
#15109 = DIRECTION('',(-0.,-0.,-1.));
#15110 = DIRECTION('',(-0.,-1.,0.));
#15111 = ADVANCED_FACE('',(#15112),#15123,.F.);
#15112 = FACE_BOUND('',#15113,.T.);
#15113 = EDGE_LOOP('',(#15114,#15115,#15121,#15122));
#15114 = ORIENTED_EDGE('',*,*,#14808,.T.);
#15115 = ORIENTED_EDGE('',*,*,#15116,.T.);
#15116 = EDGE_CURVE('',#14809,#14947,#15117,.T.);
#15117 = LINE('',#15118,#15119);
#15118 = CARTESIAN_POINT('',(163.25,-68.55,-4.6E-02));
#15119 = VECTOR('',#15120,1.);
#15120 = DIRECTION('',(0.,0.,1.));
#15121 = ORIENTED_EDGE('',*,*,#14946,.F.);
#15122 = ORIENTED_EDGE('',*,*,#15116,.F.);
#15123 = CYLINDRICAL_SURFACE('',#15124,0.55);
#15124 = AXIS2_PLACEMENT_3D('',#15125,#15126,#15127);
#15125 = CARTESIAN_POINT('',(163.25,-68.,-4.6E-02));
#15126 = DIRECTION('',(-0.,-0.,-1.));
#15127 = DIRECTION('',(-0.,-1.,0.));
#15128 = ADVANCED_FACE('',(#15129),#15140,.F.);
#15129 = FACE_BOUND('',#15130,.T.);
#15130 = EDGE_LOOP('',(#15131,#15132,#15138,#15139));
#15131 = ORIENTED_EDGE('',*,*,#14819,.T.);
#15132 = ORIENTED_EDGE('',*,*,#15133,.T.);
#15133 = EDGE_CURVE('',#14820,#14958,#15134,.T.);
#15134 = LINE('',#15135,#15136);
#15135 = CARTESIAN_POINT('',(166.8,-71.75,-4.6E-02));
#15136 = VECTOR('',#15137,1.);
#15137 = DIRECTION('',(0.,0.,1.));
#15138 = ORIENTED_EDGE('',*,*,#14957,.F.);
#15139 = ORIENTED_EDGE('',*,*,#15133,.F.);
#15140 = CYLINDRICAL_SURFACE('',#15141,0.25);
#15141 = AXIS2_PLACEMENT_3D('',#15142,#15143,#15144);
#15142 = CARTESIAN_POINT('',(166.8,-71.5,-4.6E-02));
#15143 = DIRECTION('',(-0.,-0.,-1.));
#15144 = DIRECTION('',(-0.,-1.,0.));
#15145 = ADVANCED_FACE('',(#15146),#15157,.F.);
#15146 = FACE_BOUND('',#15147,.T.);
#15147 = EDGE_LOOP('',(#15148,#15149,#15155,#15156));
#15148 = ORIENTED_EDGE('',*,*,#14830,.T.);
#15149 = ORIENTED_EDGE('',*,*,#15150,.T.);
#15150 = EDGE_CURVE('',#14831,#14969,#15151,.T.);
#15151 = LINE('',#15152,#15153);
#15152 = CARTESIAN_POINT('',(166.696099,-68.75,-4.6E-02));
#15153 = VECTOR('',#15154,1.);
#15154 = DIRECTION('',(0.,0.,1.));
#15155 = ORIENTED_EDGE('',*,*,#14968,.F.);
#15156 = ORIENTED_EDGE('',*,*,#15150,.F.);
#15157 = CYLINDRICAL_SURFACE('',#15158,0.25);
#15158 = AXIS2_PLACEMENT_3D('',#15159,#15160,#15161);
#15159 = CARTESIAN_POINT('',(166.696099,-68.5,-4.6E-02));
#15160 = DIRECTION('',(-0.,-0.,-1.));
#15161 = DIRECTION('',(-0.,-1.,0.));
#15162 = ADVANCED_FACE('',(#15163),#15174,.F.);
#15163 = FACE_BOUND('',#15164,.T.);
#15164 = EDGE_LOOP('',(#15165,#15166,#15172,#15173));
#15165 = ORIENTED_EDGE('',*,*,#14841,.T.);
#15166 = ORIENTED_EDGE('',*,*,#15167,.T.);
#15167 = EDGE_CURVE('',#14842,#14980,#15168,.T.);
#15168 = LINE('',#15169,#15170);
#15169 = CARTESIAN_POINT('',(166.696099,-66.75,-4.6E-02));
#15170 = VECTOR('',#15171,1.);
#15171 = DIRECTION('',(0.,0.,1.));
#15172 = ORIENTED_EDGE('',*,*,#14979,.F.);
#15173 = ORIENTED_EDGE('',*,*,#15167,.F.);
#15174 = CYLINDRICAL_SURFACE('',#15175,0.25);
#15175 = AXIS2_PLACEMENT_3D('',#15176,#15177,#15178);
#15176 = CARTESIAN_POINT('',(166.696099,-66.5,-4.6E-02));
#15177 = DIRECTION('',(-0.,-0.,-1.));
#15178 = DIRECTION('',(-0.,-1.,0.));
#15179 = ADVANCED_FACE('',(#15180),#15191,.F.);
#15180 = FACE_BOUND('',#15181,.T.);
#15181 = EDGE_LOOP('',(#15182,#15183,#15189,#15190));
#15182 = ORIENTED_EDGE('',*,*,#14852,.T.);
#15183 = ORIENTED_EDGE('',*,*,#15184,.T.);
#15184 = EDGE_CURVE('',#14853,#14991,#15185,.T.);
#15185 = LINE('',#15186,#15187);
#15186 = CARTESIAN_POINT('',(168.696099,-68.75,-4.6E-02));
#15187 = VECTOR('',#15188,1.);
#15188 = DIRECTION('',(0.,0.,1.));
#15189 = ORIENTED_EDGE('',*,*,#14990,.F.);
#15190 = ORIENTED_EDGE('',*,*,#15184,.F.);
#15191 = CYLINDRICAL_SURFACE('',#15192,0.25);
#15192 = AXIS2_PLACEMENT_3D('',#15193,#15194,#15195);
#15193 = CARTESIAN_POINT('',(168.696099,-68.5,-4.6E-02));
#15194 = DIRECTION('',(-0.,-0.,-1.));
#15195 = DIRECTION('',(-0.,-1.,0.));
#15196 = ADVANCED_FACE('',(#15197),#15208,.F.);
#15197 = FACE_BOUND('',#15198,.T.);
#15198 = EDGE_LOOP('',(#15199,#15200,#15206,#15207));
#15199 = ORIENTED_EDGE('',*,*,#14863,.T.);
#15200 = ORIENTED_EDGE('',*,*,#15201,.T.);
#15201 = EDGE_CURVE('',#14864,#15002,#15202,.T.);
#15202 = LINE('',#15203,#15204);
#15203 = CARTESIAN_POINT('',(168.696099,-66.75,-4.6E-02));
#15204 = VECTOR('',#15205,1.);
#15205 = DIRECTION('',(0.,0.,1.));
#15206 = ORIENTED_EDGE('',*,*,#15001,.F.);
#15207 = ORIENTED_EDGE('',*,*,#15201,.F.);
#15208 = CYLINDRICAL_SURFACE('',#15209,0.25);
#15209 = AXIS2_PLACEMENT_3D('',#15210,#15211,#15212);
#15210 = CARTESIAN_POINT('',(168.696099,-66.5,-4.6E-02));
#15211 = DIRECTION('',(-0.,-0.,-1.));
#15212 = DIRECTION('',(-0.,-1.,0.));
#15213 = ( GEOMETRIC_REPRESENTATION_CONTEXT(3) 
GLOBAL_UNCERTAINTY_ASSIGNED_CONTEXT((#15217)) 
GLOBAL_UNIT_ASSIGNED_CONTEXT((#15214,#15215,#15216)) 
REPRESENTATION_CONTEXT('Context #1',
  '3D Context with UNIT and UNCERTAINTY') );
#15214 = ( LENGTH_UNIT() NAMED_UNIT(*) SI_UNIT(.MILLI.,.METRE.) );
#15215 = ( NAMED_UNIT(*) PLANE_ANGLE_UNIT() SI_UNIT($,.RADIAN.) );
#15216 = ( NAMED_UNIT(*) SI_UNIT($,.STERADIAN.) SOLID_ANGLE_UNIT() );
#15217 = UNCERTAINTY_MEASURE_WITH_UNIT(LENGTH_MEASURE(1.E-07),#15214,
  'distance_accuracy_value','confusion accuracy');
#15218 = CONTEXT_DEPENDENT_SHAPE_REPRESENTATION(#15219,#15221);
#15219 = ( REPRESENTATION_RELATIONSHIP('','',#14633,#10) 
REPRESENTATION_RELATIONSHIP_WITH_TRANSFORMATION(#15220) 
SHAPE_REPRESENTATION_RELATIONSHIP() );
#15220 = ITEM_DEFINED_TRANSFORMATION('','',#11,#55);
#15221 = PRODUCT_DEFINITION_SHAPE('Placement','Placement of an item',
  #15222);
#15222 = NEXT_ASSEMBLY_USAGE_OCCURRENCE('18','=>[0:1:1:7]','',#5,#14628,
  $);
#15223 = PRODUCT_RELATED_PRODUCT_CATEGORY('part',$,(#14630));
#15224 = MECHANICAL_DESIGN_GEOMETRIC_PRESENTATION_REPRESENTATION('',(
    #15225,#15233,#15240,#15247,#15254,#15261,#15268,#15275,#15282,
    #15289,#15296,#15304,#15311,#15318,#15325,#15332,#15339,#15346,
    #15353,#15360,#15367,#15374,#15381,#15388,#15395,#15402,#15409,
    #15416),#2614);
#15225 = STYLED_ITEM('color',(#15226),#1762);
#15226 = PRESENTATION_STYLE_ASSIGNMENT((#15227));
#15227 = SURFACE_STYLE_USAGE(.BOTH.,#15228);
#15228 = SURFACE_SIDE_STYLE('',(#15229));
#15229 = SURFACE_STYLE_FILL_AREA(#15230);
#15230 = FILL_AREA_STYLE('',(#15231));
#15231 = FILL_AREA_STYLE_COLOUR('',#15232);
#15232 = COLOUR_RGB('',0.823999987314,0.819999987296,0.781000009244);
#15233 = STYLED_ITEM('color',(#15234),#1838);
#15234 = PRESENTATION_STYLE_ASSIGNMENT((#15235));
#15235 = SURFACE_STYLE_USAGE(.BOTH.,#15236);
#15236 = SURFACE_SIDE_STYLE('',(#15237));
#15237 = SURFACE_STYLE_FILL_AREA(#15238);
#15238 = FILL_AREA_STYLE('',(#15239));
#15239 = FILL_AREA_STYLE_COLOUR('',#15232);
#15240 = STYLED_ITEM('color',(#15241),#1869);
#15241 = PRESENTATION_STYLE_ASSIGNMENT((#15242));
#15242 = SURFACE_STYLE_USAGE(.BOTH.,#15243);
#15243 = SURFACE_SIDE_STYLE('',(#15244));
#15244 = SURFACE_STYLE_FILL_AREA(#15245);
#15245 = FILL_AREA_STYLE('',(#15246));
#15246 = FILL_AREA_STYLE_COLOUR('',#15232);
#15247 = STYLED_ITEM('color',(#15248),#1894);
#15248 = PRESENTATION_STYLE_ASSIGNMENT((#15249));
#15249 = SURFACE_STYLE_USAGE(.BOTH.,#15250);
#15250 = SURFACE_SIDE_STYLE('',(#15251));
#15251 = SURFACE_STYLE_FILL_AREA(#15252);
#15252 = FILL_AREA_STYLE('',(#15253));
#15253 = FILL_AREA_STYLE_COLOUR('',#15232);
#15254 = STYLED_ITEM('color',(#15255),#1919);
#15255 = PRESENTATION_STYLE_ASSIGNMENT((#15256));
#15256 = SURFACE_STYLE_USAGE(.BOTH.,#15257);
#15257 = SURFACE_SIDE_STYLE('',(#15258));
#15258 = SURFACE_STYLE_FILL_AREA(#15259);
#15259 = FILL_AREA_STYLE('',(#15260));
#15260 = FILL_AREA_STYLE_COLOUR('',#15232);
#15261 = STYLED_ITEM('color',(#15262),#1943);
#15262 = PRESENTATION_STYLE_ASSIGNMENT((#15263));
#15263 = SURFACE_STYLE_USAGE(.BOTH.,#15264);
#15264 = SURFACE_SIDE_STYLE('',(#15265));
#15265 = SURFACE_STYLE_FILL_AREA(#15266);
#15266 = FILL_AREA_STYLE('',(#15267));
#15267 = FILL_AREA_STYLE_COLOUR('',#15232);
#15268 = STYLED_ITEM('color',(#15269),#1967);
#15269 = PRESENTATION_STYLE_ASSIGNMENT((#15270));
#15270 = SURFACE_STYLE_USAGE(.BOTH.,#15271);
#15271 = SURFACE_SIDE_STYLE('',(#15272));
#15272 = SURFACE_STYLE_FILL_AREA(#15273);
#15273 = FILL_AREA_STYLE('',(#15274));
#15274 = FILL_AREA_STYLE_COLOUR('',#15232);
#15275 = STYLED_ITEM('color',(#15276),#1992);
#15276 = PRESENTATION_STYLE_ASSIGNMENT((#15277));
#15277 = SURFACE_STYLE_USAGE(.BOTH.,#15278);
#15278 = SURFACE_SIDE_STYLE('',(#15279));
#15279 = SURFACE_STYLE_FILL_AREA(#15280);
#15280 = FILL_AREA_STYLE('',(#15281));
#15281 = FILL_AREA_STYLE_COLOUR('',#15232);
#15282 = STYLED_ITEM('color',(#15283),#2017);
#15283 = PRESENTATION_STYLE_ASSIGNMENT((#15284));
#15284 = SURFACE_STYLE_USAGE(.BOTH.,#15285);
#15285 = SURFACE_SIDE_STYLE('',(#15286));
#15286 = SURFACE_STYLE_FILL_AREA(#15287);
#15287 = FILL_AREA_STYLE('',(#15288));
#15288 = FILL_AREA_STYLE_COLOUR('',#15232);
#15289 = STYLED_ITEM('color',(#15290),#2034);
#15290 = PRESENTATION_STYLE_ASSIGNMENT((#15291));
#15291 = SURFACE_STYLE_USAGE(.BOTH.,#15292);
#15292 = SURFACE_SIDE_STYLE('',(#15293));
#15293 = SURFACE_STYLE_FILL_AREA(#15294);
#15294 = FILL_AREA_STYLE('',(#15295));
#15295 = FILL_AREA_STYLE_COLOUR('',#15232);
#15296 = STYLED_ITEM('color',(#15297),#2120);
#15297 = PRESENTATION_STYLE_ASSIGNMENT((#15298));
#15298 = SURFACE_STYLE_USAGE(.BOTH.,#15299);
#15299 = SURFACE_SIDE_STYLE('',(#15300));
#15300 = SURFACE_STYLE_FILL_AREA(#15301);
#15301 = FILL_AREA_STYLE('',(#15302));
#15302 = FILL_AREA_STYLE_COLOUR('',#15303);
#15303 = COLOUR_RGB('',0.379000005575,0.270000008848,0.214999999939);
#15304 = STYLED_ITEM('color',(#15305),#2152);
#15305 = PRESENTATION_STYLE_ASSIGNMENT((#15306));
#15306 = SURFACE_STYLE_USAGE(.BOTH.,#15307);
#15307 = SURFACE_SIDE_STYLE('',(#15308));
#15308 = SURFACE_STYLE_FILL_AREA(#15309);
#15309 = FILL_AREA_STYLE('',(#15310));
#15310 = FILL_AREA_STYLE_COLOUR('',#15303);
#15311 = STYLED_ITEM('color',(#15312),#2176);
#15312 = PRESENTATION_STYLE_ASSIGNMENT((#15313));
#15313 = SURFACE_STYLE_USAGE(.BOTH.,#15314);
#15314 = SURFACE_SIDE_STYLE('',(#15315));
#15315 = SURFACE_STYLE_FILL_AREA(#15316);
#15316 = FILL_AREA_STYLE('',(#15317));
#15317 = FILL_AREA_STYLE_COLOUR('',#15303);
#15318 = STYLED_ITEM('color',(#15319),#2201);
#15319 = PRESENTATION_STYLE_ASSIGNMENT((#15320));
#15320 = SURFACE_STYLE_USAGE(.BOTH.,#15321);
#15321 = SURFACE_SIDE_STYLE('',(#15322));
#15322 = SURFACE_STYLE_FILL_AREA(#15323);
#15323 = FILL_AREA_STYLE('',(#15324));
#15324 = FILL_AREA_STYLE_COLOUR('',#15303);
#15325 = STYLED_ITEM('color',(#15326),#2225);
#15326 = PRESENTATION_STYLE_ASSIGNMENT((#15327));
#15327 = SURFACE_STYLE_USAGE(.BOTH.,#15328);
#15328 = SURFACE_SIDE_STYLE('',(#15329));
#15329 = SURFACE_STYLE_FILL_AREA(#15330);
#15330 = FILL_AREA_STYLE('',(#15331));
#15331 = FILL_AREA_STYLE_COLOUR('',#15303);
#15332 = STYLED_ITEM('color',(#15333),#2250);
#15333 = PRESENTATION_STYLE_ASSIGNMENT((#15334));
#15334 = SURFACE_STYLE_USAGE(.BOTH.,#15335);
#15335 = SURFACE_SIDE_STYLE('',(#15336));
#15336 = SURFACE_STYLE_FILL_AREA(#15337);
#15337 = FILL_AREA_STYLE('',(#15338));
#15338 = FILL_AREA_STYLE_COLOUR('',#15303);
#15339 = STYLED_ITEM('color',(#15340),#2274);
#15340 = PRESENTATION_STYLE_ASSIGNMENT((#15341));
#15341 = SURFACE_STYLE_USAGE(.BOTH.,#15342);
#15342 = SURFACE_SIDE_STYLE('',(#15343));
#15343 = SURFACE_STYLE_FILL_AREA(#15344);
#15344 = FILL_AREA_STYLE('',(#15345));
#15345 = FILL_AREA_STYLE_COLOUR('',#15303);
#15346 = STYLED_ITEM('color',(#15347),#2299);
#15347 = PRESENTATION_STYLE_ASSIGNMENT((#15348));
#15348 = SURFACE_STYLE_USAGE(.BOTH.,#15349);
#15349 = SURFACE_SIDE_STYLE('',(#15350));
#15350 = SURFACE_STYLE_FILL_AREA(#15351);
#15351 = FILL_AREA_STYLE('',(#15352));
#15352 = FILL_AREA_STYLE_COLOUR('',#15303);
#15353 = STYLED_ITEM('color',(#15354),#2316);
#15354 = PRESENTATION_STYLE_ASSIGNMENT((#15355));
#15355 = SURFACE_STYLE_USAGE(.BOTH.,#15356);
#15356 = SURFACE_SIDE_STYLE('',(#15357));
#15357 = SURFACE_STYLE_FILL_AREA(#15358);
#15358 = FILL_AREA_STYLE('',(#15359));
#15359 = FILL_AREA_STYLE_COLOUR('',#15232);
#15360 = STYLED_ITEM('color',(#15361),#2402);
#15361 = PRESENTATION_STYLE_ASSIGNMENT((#15362));
#15362 = SURFACE_STYLE_USAGE(.BOTH.,#15363);
#15363 = SURFACE_SIDE_STYLE('',(#15364));
#15364 = SURFACE_STYLE_FILL_AREA(#15365);
#15365 = FILL_AREA_STYLE('',(#15366));
#15366 = FILL_AREA_STYLE_COLOUR('',#15232);
#15367 = STYLED_ITEM('color',(#15368),#2433);
#15368 = PRESENTATION_STYLE_ASSIGNMENT((#15369));
#15369 = SURFACE_STYLE_USAGE(.BOTH.,#15370);
#15370 = SURFACE_SIDE_STYLE('',(#15371));
#15371 = SURFACE_STYLE_FILL_AREA(#15372);
#15372 = FILL_AREA_STYLE('',(#15373));
#15373 = FILL_AREA_STYLE_COLOUR('',#15232);
#15374 = STYLED_ITEM('color',(#15375),#2458);
#15375 = PRESENTATION_STYLE_ASSIGNMENT((#15376));
#15376 = SURFACE_STYLE_USAGE(.BOTH.,#15377);
#15377 = SURFACE_SIDE_STYLE('',(#15378));
#15378 = SURFACE_STYLE_FILL_AREA(#15379);
#15379 = FILL_AREA_STYLE('',(#15380));
#15380 = FILL_AREA_STYLE_COLOUR('',#15232);
#15381 = STYLED_ITEM('color',(#15382),#2483);
#15382 = PRESENTATION_STYLE_ASSIGNMENT((#15383));
#15383 = SURFACE_STYLE_USAGE(.BOTH.,#15384);
#15384 = SURFACE_SIDE_STYLE('',(#15385));
#15385 = SURFACE_STYLE_FILL_AREA(#15386);
#15386 = FILL_AREA_STYLE('',(#15387));
#15387 = FILL_AREA_STYLE_COLOUR('',#15232);
#15388 = STYLED_ITEM('color',(#15389),#2507);
#15389 = PRESENTATION_STYLE_ASSIGNMENT((#15390));
#15390 = SURFACE_STYLE_USAGE(.BOTH.,#15391);
#15391 = SURFACE_SIDE_STYLE('',(#15392));
#15392 = SURFACE_STYLE_FILL_AREA(#15393);
#15393 = FILL_AREA_STYLE('',(#15394));
#15394 = FILL_AREA_STYLE_COLOUR('',#15232);
#15395 = STYLED_ITEM('color',(#15396),#2531);
#15396 = PRESENTATION_STYLE_ASSIGNMENT((#15397));
#15397 = SURFACE_STYLE_USAGE(.BOTH.,#15398);
#15398 = SURFACE_SIDE_STYLE('',(#15399));
#15399 = SURFACE_STYLE_FILL_AREA(#15400);
#15400 = FILL_AREA_STYLE('',(#15401));
#15401 = FILL_AREA_STYLE_COLOUR('',#15232);
#15402 = STYLED_ITEM('color',(#15403),#2556);
#15403 = PRESENTATION_STYLE_ASSIGNMENT((#15404));
#15404 = SURFACE_STYLE_USAGE(.BOTH.,#15405);
#15405 = SURFACE_SIDE_STYLE('',(#15406));
#15406 = SURFACE_STYLE_FILL_AREA(#15407);
#15407 = FILL_AREA_STYLE('',(#15408));
#15408 = FILL_AREA_STYLE_COLOUR('',#15232);
#15409 = STYLED_ITEM('color',(#15410),#2581);
#15410 = PRESENTATION_STYLE_ASSIGNMENT((#15411));
#15411 = SURFACE_STYLE_USAGE(.BOTH.,#15412);
#15412 = SURFACE_SIDE_STYLE('',(#15413));
#15413 = SURFACE_STYLE_FILL_AREA(#15414);
#15414 = FILL_AREA_STYLE('',(#15415));
#15415 = FILL_AREA_STYLE_COLOUR('',#15232);
#15416 = STYLED_ITEM('color',(#15417),#2598);
#15417 = PRESENTATION_STYLE_ASSIGNMENT((#15418));
#15418 = SURFACE_STYLE_USAGE(.BOTH.,#15419);
#15419 = SURFACE_SIDE_STYLE('',(#15420));
#15420 = SURFACE_STYLE_FILL_AREA(#15421);
#15421 = FILL_AREA_STYLE('',(#15422));
#15422 = FILL_AREA_STYLE_COLOUR('',#15232);
#15423 = MECHANICAL_DESIGN_GEOMETRIC_PRESENTATION_REPRESENTATION('',(
    #15424,#15431,#15438,#15445,#15452,#15459,#15466,#15473,#15481,
    #15488,#15495,#15502,#15509,#15516,#15524,#15531,#15538,#15545,
    #15552,#15559,#15566,#15573,#15580,#15587,#15594,#15601),#1736);
#15424 = STYLED_ITEM('color',(#15425),#948);
#15425 = PRESENTATION_STYLE_ASSIGNMENT((#15426));
#15426 = SURFACE_STYLE_USAGE(.BOTH.,#15427);
#15427 = SURFACE_SIDE_STYLE('',(#15428));
#15428 = SURFACE_STYLE_FILL_AREA(#15429);
#15429 = FILL_AREA_STYLE('',(#15430));
#15430 = FILL_AREA_STYLE_COLOUR('',#15232);
#15431 = STYLED_ITEM('color',(#15432),#988);
#15432 = PRESENTATION_STYLE_ASSIGNMENT((#15433));
#15433 = SURFACE_STYLE_USAGE(.BOTH.,#15434);
#15434 = SURFACE_SIDE_STYLE('',(#15435));
#15435 = SURFACE_STYLE_FILL_AREA(#15436);
#15436 = FILL_AREA_STYLE('',(#15437));
#15437 = FILL_AREA_STYLE_COLOUR('',#15232);
#15438 = STYLED_ITEM('color',(#15439),#1071);
#15439 = PRESENTATION_STYLE_ASSIGNMENT((#15440));
#15440 = SURFACE_STYLE_USAGE(.BOTH.,#15441);
#15441 = SURFACE_SIDE_STYLE('',(#15442));
#15442 = SURFACE_STYLE_FILL_AREA(#15443);
#15443 = FILL_AREA_STYLE('',(#15444));
#15444 = FILL_AREA_STYLE_COLOUR('',#15232);
#15445 = STYLED_ITEM('color',(#15446),#1096);
#15446 = PRESENTATION_STYLE_ASSIGNMENT((#15447));
#15447 = SURFACE_STYLE_USAGE(.BOTH.,#15448);
#15448 = SURFACE_SIDE_STYLE('',(#15449));
#15449 = SURFACE_STYLE_FILL_AREA(#15450);
#15450 = FILL_AREA_STYLE('',(#15451));
#15451 = FILL_AREA_STYLE_COLOUR('',#15232);
#15452 = STYLED_ITEM('color',(#15453),#1121);
#15453 = PRESENTATION_STYLE_ASSIGNMENT((#15454));
#15454 = SURFACE_STYLE_USAGE(.BOTH.,#15455);
#15455 = SURFACE_SIDE_STYLE('',(#15456));
#15456 = SURFACE_STYLE_FILL_AREA(#15457);
#15457 = FILL_AREA_STYLE('',(#15458));
#15458 = FILL_AREA_STYLE_COLOUR('',#15232);
#15459 = STYLED_ITEM('color',(#15460),#1188);
#15460 = PRESENTATION_STYLE_ASSIGNMENT((#15461));
#15461 = SURFACE_STYLE_USAGE(.BOTH.,#15462);
#15462 = SURFACE_SIDE_STYLE('',(#15463));
#15463 = SURFACE_STYLE_FILL_AREA(#15464);
#15464 = FILL_AREA_STYLE('',(#15465));
#15465 = FILL_AREA_STYLE_COLOUR('',#15232);
#15466 = STYLED_ITEM('color',(#15467),#1205);
#15467 = PRESENTATION_STYLE_ASSIGNMENT((#15468));
#15468 = SURFACE_STYLE_USAGE(.BOTH.,#15469);
#15469 = SURFACE_SIDE_STYLE('',(#15470));
#15470 = SURFACE_STYLE_FILL_AREA(#15471);
#15471 = FILL_AREA_STYLE('',(#15472));
#15472 = FILL_AREA_STYLE_COLOUR('',#15232);
#15473 = STYLED_ITEM('color',(#15474),#1222);
#15474 = PRESENTATION_STYLE_ASSIGNMENT((#15475));
#15475 = SURFACE_STYLE_USAGE(.BOTH.,#15476);
#15476 = SURFACE_SIDE_STYLE('',(#15477));
#15477 = SURFACE_STYLE_FILL_AREA(#15478);
#15478 = FILL_AREA_STYLE('',(#15479));
#15479 = FILL_AREA_STYLE_COLOUR('',#15480);
#15480 = COLOUR_RGB('',0.894999966383,0.890999961016,0.813000030345);
#15481 = STYLED_ITEM('color',(#15482),#1271);
#15482 = PRESENTATION_STYLE_ASSIGNMENT((#15483));
#15483 = SURFACE_STYLE_USAGE(.BOTH.,#15484);
#15484 = SURFACE_SIDE_STYLE('',(#15485));
#15485 = SURFACE_STYLE_FILL_AREA(#15486);
#15486 = FILL_AREA_STYLE('',(#15487));
#15487 = FILL_AREA_STYLE_COLOUR('',#15232);
#15488 = STYLED_ITEM('color',(#15489),#1288);
#15489 = PRESENTATION_STYLE_ASSIGNMENT((#15490));
#15490 = SURFACE_STYLE_USAGE(.BOTH.,#15491);
#15491 = SURFACE_SIDE_STYLE('',(#15492));
#15492 = SURFACE_STYLE_FILL_AREA(#15493);
#15493 = FILL_AREA_STYLE('',(#15494));
#15494 = FILL_AREA_STYLE_COLOUR('',#15232);
#15495 = STYLED_ITEM('color',(#15496),#1305);
#15496 = PRESENTATION_STYLE_ASSIGNMENT((#15497));
#15497 = SURFACE_STYLE_USAGE(.BOTH.,#15498);
#15498 = SURFACE_SIDE_STYLE('',(#15499));
#15499 = SURFACE_STYLE_FILL_AREA(#15500);
#15500 = FILL_AREA_STYLE('',(#15501));
#15501 = FILL_AREA_STYLE_COLOUR('',#15480);
#15502 = STYLED_ITEM('color',(#15503),#1354);
#15503 = PRESENTATION_STYLE_ASSIGNMENT((#15504));
#15504 = SURFACE_STYLE_USAGE(.BOTH.,#15505);
#15505 = SURFACE_SIDE_STYLE('',(#15506));
#15506 = SURFACE_STYLE_FILL_AREA(#15507);
#15507 = FILL_AREA_STYLE('',(#15508));
#15508 = FILL_AREA_STYLE_COLOUR('',#15480);
#15509 = STYLED_ITEM('color',(#15510),#1371);
#15510 = PRESENTATION_STYLE_ASSIGNMENT((#15511));
#15511 = SURFACE_STYLE_USAGE(.BOTH.,#15512);
#15512 = SURFACE_SIDE_STYLE('',(#15513));
#15513 = SURFACE_STYLE_FILL_AREA(#15514);
#15514 = FILL_AREA_STYLE('',(#15515));
#15515 = FILL_AREA_STYLE_COLOUR('',#15232);
#15516 = STYLED_ITEM('color',(#15517),#1440);
#15517 = PRESENTATION_STYLE_ASSIGNMENT((#15518));
#15518 = SURFACE_STYLE_USAGE(.BOTH.,#15519);
#15519 = SURFACE_SIDE_STYLE('',(#15520));
#15520 = SURFACE_STYLE_FILL_AREA(#15521);
#15521 = FILL_AREA_STYLE('',(#15522));
#15522 = FILL_AREA_STYLE_COLOUR('',#15523);
#15523 = COLOUR_RGB('',8.200000279077E-02,8.600000121357E-02,
  9.399999706163E-02);
#15524 = STYLED_ITEM('color',(#15525),#1471);
#15525 = PRESENTATION_STYLE_ASSIGNMENT((#15526));
#15526 = SURFACE_STYLE_USAGE(.BOTH.,#15527);
#15527 = SURFACE_SIDE_STYLE('',(#15528));
#15528 = SURFACE_STYLE_FILL_AREA(#15529);
#15529 = FILL_AREA_STYLE('',(#15530));
#15530 = FILL_AREA_STYLE_COLOUR('',#15523);
#15531 = STYLED_ITEM('color',(#15532),#1495);
#15532 = PRESENTATION_STYLE_ASSIGNMENT((#15533));
#15533 = SURFACE_STYLE_USAGE(.BOTH.,#15534);
#15534 = SURFACE_SIDE_STYLE('',(#15535));
#15535 = SURFACE_STYLE_FILL_AREA(#15536);
#15536 = FILL_AREA_STYLE('',(#15537));
#15537 = FILL_AREA_STYLE_COLOUR('',#15232);
#15538 = STYLED_ITEM('color',(#15539),#1564);
#15539 = PRESENTATION_STYLE_ASSIGNMENT((#15540));
#15540 = SURFACE_STYLE_USAGE(.BOTH.,#15541);
#15541 = SURFACE_SIDE_STYLE('',(#15542));
#15542 = SURFACE_STYLE_FILL_AREA(#15543);
#15543 = FILL_AREA_STYLE('',(#15544));
#15544 = FILL_AREA_STYLE_COLOUR('',#15523);
#15545 = STYLED_ITEM('color',(#15546),#1588);
#15546 = PRESENTATION_STYLE_ASSIGNMENT((#15547));
#15547 = SURFACE_STYLE_USAGE(.BOTH.,#15548);
#15548 = SURFACE_SIDE_STYLE('',(#15549));
#15549 = SURFACE_STYLE_FILL_AREA(#15550);
#15550 = FILL_AREA_STYLE('',(#15551));
#15551 = FILL_AREA_STYLE_COLOUR('',#15232);
#15552 = STYLED_ITEM('color',(#15553),#1605);
#15553 = PRESENTATION_STYLE_ASSIGNMENT((#15554));
#15554 = SURFACE_STYLE_USAGE(.BOTH.,#15555);
#15555 = SURFACE_SIDE_STYLE('',(#15556));
#15556 = SURFACE_STYLE_FILL_AREA(#15557);
#15557 = FILL_AREA_STYLE('',(#15558));
#15558 = FILL_AREA_STYLE_COLOUR('',#15232);
#15559 = STYLED_ITEM('color',(#15560),#1622);
#15560 = PRESENTATION_STYLE_ASSIGNMENT((#15561));
#15561 = SURFACE_STYLE_USAGE(.BOTH.,#15562);
#15562 = SURFACE_SIDE_STYLE('',(#15563));
#15563 = SURFACE_STYLE_FILL_AREA(#15564);
#15564 = FILL_AREA_STYLE('',(#15565));
#15565 = FILL_AREA_STYLE_COLOUR('',#15232);
#15566 = STYLED_ITEM('color',(#15567),#1639);
#15567 = PRESENTATION_STYLE_ASSIGNMENT((#15568));
#15568 = SURFACE_STYLE_USAGE(.BOTH.,#15569);
#15569 = SURFACE_SIDE_STYLE('',(#15570));
#15570 = SURFACE_STYLE_FILL_AREA(#15571);
#15571 = FILL_AREA_STYLE('',(#15572));
#15572 = FILL_AREA_STYLE_COLOUR('',#15232);
#15573 = STYLED_ITEM('color',(#15574),#1656);
#15574 = PRESENTATION_STYLE_ASSIGNMENT((#15575));
#15575 = SURFACE_STYLE_USAGE(.BOTH.,#15576);
#15576 = SURFACE_SIDE_STYLE('',(#15577));
#15577 = SURFACE_STYLE_FILL_AREA(#15578);
#15578 = FILL_AREA_STYLE('',(#15579));
#15579 = FILL_AREA_STYLE_COLOUR('',#15232);
#15580 = STYLED_ITEM('color',(#15581),#1673);
#15581 = PRESENTATION_STYLE_ASSIGNMENT((#15582));
#15582 = SURFACE_STYLE_USAGE(.BOTH.,#15583);
#15583 = SURFACE_SIDE_STYLE('',(#15584));
#15584 = SURFACE_STYLE_FILL_AREA(#15585);
#15585 = FILL_AREA_STYLE('',(#15586));
#15586 = FILL_AREA_STYLE_COLOUR('',#15232);
#15587 = STYLED_ITEM('color',(#15588),#1690);
#15588 = PRESENTATION_STYLE_ASSIGNMENT((#15589));
#15589 = SURFACE_STYLE_USAGE(.BOTH.,#15590);
#15590 = SURFACE_SIDE_STYLE('',(#15591));
#15591 = SURFACE_STYLE_FILL_AREA(#15592);
#15592 = FILL_AREA_STYLE('',(#15593));
#15593 = FILL_AREA_STYLE_COLOUR('',#15232);
#15594 = STYLED_ITEM('color',(#15595),#1707);
#15595 = PRESENTATION_STYLE_ASSIGNMENT((#15596));
#15596 = SURFACE_STYLE_USAGE(.BOTH.,#15597);
#15597 = SURFACE_SIDE_STYLE('',(#15598));
#15598 = SURFACE_STYLE_FILL_AREA(#15599);
#15599 = FILL_AREA_STYLE('',(#15600));
#15600 = FILL_AREA_STYLE_COLOUR('',#15523);
#15601 = STYLED_ITEM('color',(#15602),#1724);
#15602 = PRESENTATION_STYLE_ASSIGNMENT((#15603));
#15603 = SURFACE_STYLE_USAGE(.BOTH.,#15604);
#15604 = SURFACE_SIDE_STYLE('',(#15605));
#15605 = SURFACE_STYLE_FILL_AREA(#15606);
#15606 = FILL_AREA_STYLE('',(#15607));
#15607 = FILL_AREA_STYLE_COLOUR('',#15523);
#15608 = MECHANICAL_DESIGN_GEOMETRIC_PRESENTATION_REPRESENTATION('',(
    #15609,#15616,#15623,#15630,#15637,#15644,#15651,#15658,#15665,
    #15672,#15679,#15686,#15693,#15700,#15707,#15714,#15721,#15728,
    #15735,#15742,#15749,#15756,#15763,#15770,#15777,#15784,#15791,
    #15798),#927);
#15609 = STYLED_ITEM('color',(#15610),#75);
#15610 = PRESENTATION_STYLE_ASSIGNMENT((#15611));
#15611 = SURFACE_STYLE_USAGE(.BOTH.,#15612);
#15612 = SURFACE_SIDE_STYLE('',(#15613));
#15613 = SURFACE_STYLE_FILL_AREA(#15614);
#15614 = FILL_AREA_STYLE('',(#15615));
#15615 = FILL_AREA_STYLE_COLOUR('',#15232);
#15616 = STYLED_ITEM('color',(#15617),#151);
#15617 = PRESENTATION_STYLE_ASSIGNMENT((#15618));
#15618 = SURFACE_STYLE_USAGE(.BOTH.,#15619);
#15619 = SURFACE_SIDE_STYLE('',(#15620));
#15620 = SURFACE_STYLE_FILL_AREA(#15621);
#15621 = FILL_AREA_STYLE('',(#15622));
#15622 = FILL_AREA_STYLE_COLOUR('',#15232);
#15623 = STYLED_ITEM('color',(#15624),#182);
#15624 = PRESENTATION_STYLE_ASSIGNMENT((#15625));
#15625 = SURFACE_STYLE_USAGE(.BOTH.,#15626);
#15626 = SURFACE_SIDE_STYLE('',(#15627));
#15627 = SURFACE_STYLE_FILL_AREA(#15628);
#15628 = FILL_AREA_STYLE('',(#15629));
#15629 = FILL_AREA_STYLE_COLOUR('',#15232);
#15630 = STYLED_ITEM('color',(#15631),#207);
#15631 = PRESENTATION_STYLE_ASSIGNMENT((#15632));
#15632 = SURFACE_STYLE_USAGE(.BOTH.,#15633);
#15633 = SURFACE_SIDE_STYLE('',(#15634));
#15634 = SURFACE_STYLE_FILL_AREA(#15635);
#15635 = FILL_AREA_STYLE('',(#15636));
#15636 = FILL_AREA_STYLE_COLOUR('',#15232);
#15637 = STYLED_ITEM('color',(#15638),#232);
#15638 = PRESENTATION_STYLE_ASSIGNMENT((#15639));
#15639 = SURFACE_STYLE_USAGE(.BOTH.,#15640);
#15640 = SURFACE_SIDE_STYLE('',(#15641));
#15641 = SURFACE_STYLE_FILL_AREA(#15642);
#15642 = FILL_AREA_STYLE('',(#15643));
#15643 = FILL_AREA_STYLE_COLOUR('',#15232);
#15644 = STYLED_ITEM('color',(#15645),#256);
#15645 = PRESENTATION_STYLE_ASSIGNMENT((#15646));
#15646 = SURFACE_STYLE_USAGE(.BOTH.,#15647);
#15647 = SURFACE_SIDE_STYLE('',(#15648));
#15648 = SURFACE_STYLE_FILL_AREA(#15649);
#15649 = FILL_AREA_STYLE('',(#15650));
#15650 = FILL_AREA_STYLE_COLOUR('',#15232);
#15651 = STYLED_ITEM('color',(#15652),#280);
#15652 = PRESENTATION_STYLE_ASSIGNMENT((#15653));
#15653 = SURFACE_STYLE_USAGE(.BOTH.,#15654);
#15654 = SURFACE_SIDE_STYLE('',(#15655));
#15655 = SURFACE_STYLE_FILL_AREA(#15656);
#15656 = FILL_AREA_STYLE('',(#15657));
#15657 = FILL_AREA_STYLE_COLOUR('',#15232);
#15658 = STYLED_ITEM('color',(#15659),#305);
#15659 = PRESENTATION_STYLE_ASSIGNMENT((#15660));
#15660 = SURFACE_STYLE_USAGE(.BOTH.,#15661);
#15661 = SURFACE_SIDE_STYLE('',(#15662));
#15662 = SURFACE_STYLE_FILL_AREA(#15663);
#15663 = FILL_AREA_STYLE('',(#15664));
#15664 = FILL_AREA_STYLE_COLOUR('',#15232);
#15665 = STYLED_ITEM('color',(#15666),#330);
#15666 = PRESENTATION_STYLE_ASSIGNMENT((#15667));
#15667 = SURFACE_STYLE_USAGE(.BOTH.,#15668);
#15668 = SURFACE_SIDE_STYLE('',(#15669));
#15669 = SURFACE_STYLE_FILL_AREA(#15670);
#15670 = FILL_AREA_STYLE('',(#15671));
#15671 = FILL_AREA_STYLE_COLOUR('',#15232);
#15672 = STYLED_ITEM('color',(#15673),#347);
#15673 = PRESENTATION_STYLE_ASSIGNMENT((#15674));
#15674 = SURFACE_STYLE_USAGE(.BOTH.,#15675);
#15675 = SURFACE_SIDE_STYLE('',(#15676));
#15676 = SURFACE_STYLE_FILL_AREA(#15677);
#15677 = FILL_AREA_STYLE('',(#15678));
#15678 = FILL_AREA_STYLE_COLOUR('',#15232);
#15679 = STYLED_ITEM('color',(#15680),#433);
#15680 = PRESENTATION_STYLE_ASSIGNMENT((#15681));
#15681 = SURFACE_STYLE_USAGE(.BOTH.,#15682);
#15682 = SURFACE_SIDE_STYLE('',(#15683));
#15683 = SURFACE_STYLE_FILL_AREA(#15684);
#15684 = FILL_AREA_STYLE('',(#15685));
#15685 = FILL_AREA_STYLE_COLOUR('',#15303);
#15686 = STYLED_ITEM('color',(#15687),#465);
#15687 = PRESENTATION_STYLE_ASSIGNMENT((#15688));
#15688 = SURFACE_STYLE_USAGE(.BOTH.,#15689);
#15689 = SURFACE_SIDE_STYLE('',(#15690));
#15690 = SURFACE_STYLE_FILL_AREA(#15691);
#15691 = FILL_AREA_STYLE('',(#15692));
#15692 = FILL_AREA_STYLE_COLOUR('',#15303);
#15693 = STYLED_ITEM('color',(#15694),#489);
#15694 = PRESENTATION_STYLE_ASSIGNMENT((#15695));
#15695 = SURFACE_STYLE_USAGE(.BOTH.,#15696);
#15696 = SURFACE_SIDE_STYLE('',(#15697));
#15697 = SURFACE_STYLE_FILL_AREA(#15698);
#15698 = FILL_AREA_STYLE('',(#15699));
#15699 = FILL_AREA_STYLE_COLOUR('',#15303);
#15700 = STYLED_ITEM('color',(#15701),#514);
#15701 = PRESENTATION_STYLE_ASSIGNMENT((#15702));
#15702 = SURFACE_STYLE_USAGE(.BOTH.,#15703);
#15703 = SURFACE_SIDE_STYLE('',(#15704));
#15704 = SURFACE_STYLE_FILL_AREA(#15705);
#15705 = FILL_AREA_STYLE('',(#15706));
#15706 = FILL_AREA_STYLE_COLOUR('',#15303);
#15707 = STYLED_ITEM('color',(#15708),#538);
#15708 = PRESENTATION_STYLE_ASSIGNMENT((#15709));
#15709 = SURFACE_STYLE_USAGE(.BOTH.,#15710);
#15710 = SURFACE_SIDE_STYLE('',(#15711));
#15711 = SURFACE_STYLE_FILL_AREA(#15712);
#15712 = FILL_AREA_STYLE('',(#15713));
#15713 = FILL_AREA_STYLE_COLOUR('',#15303);
#15714 = STYLED_ITEM('color',(#15715),#563);
#15715 = PRESENTATION_STYLE_ASSIGNMENT((#15716));
#15716 = SURFACE_STYLE_USAGE(.BOTH.,#15717);
#15717 = SURFACE_SIDE_STYLE('',(#15718));
#15718 = SURFACE_STYLE_FILL_AREA(#15719);
#15719 = FILL_AREA_STYLE('',(#15720));
#15720 = FILL_AREA_STYLE_COLOUR('',#15303);
#15721 = STYLED_ITEM('color',(#15722),#587);
#15722 = PRESENTATION_STYLE_ASSIGNMENT((#15723));
#15723 = SURFACE_STYLE_USAGE(.BOTH.,#15724);
#15724 = SURFACE_SIDE_STYLE('',(#15725));
#15725 = SURFACE_STYLE_FILL_AREA(#15726);
#15726 = FILL_AREA_STYLE('',(#15727));
#15727 = FILL_AREA_STYLE_COLOUR('',#15303);
#15728 = STYLED_ITEM('color',(#15729),#612);
#15729 = PRESENTATION_STYLE_ASSIGNMENT((#15730));
#15730 = SURFACE_STYLE_USAGE(.BOTH.,#15731);
#15731 = SURFACE_SIDE_STYLE('',(#15732));
#15732 = SURFACE_STYLE_FILL_AREA(#15733);
#15733 = FILL_AREA_STYLE('',(#15734));
#15734 = FILL_AREA_STYLE_COLOUR('',#15303);
#15735 = STYLED_ITEM('color',(#15736),#629);
#15736 = PRESENTATION_STYLE_ASSIGNMENT((#15737));
#15737 = SURFACE_STYLE_USAGE(.BOTH.,#15738);
#15738 = SURFACE_SIDE_STYLE('',(#15739));
#15739 = SURFACE_STYLE_FILL_AREA(#15740);
#15740 = FILL_AREA_STYLE('',(#15741));
#15741 = FILL_AREA_STYLE_COLOUR('',#15232);
#15742 = STYLED_ITEM('color',(#15743),#715);
#15743 = PRESENTATION_STYLE_ASSIGNMENT((#15744));
#15744 = SURFACE_STYLE_USAGE(.BOTH.,#15745);
#15745 = SURFACE_SIDE_STYLE('',(#15746));
#15746 = SURFACE_STYLE_FILL_AREA(#15747);
#15747 = FILL_AREA_STYLE('',(#15748));
#15748 = FILL_AREA_STYLE_COLOUR('',#15232);
#15749 = STYLED_ITEM('color',(#15750),#746);
#15750 = PRESENTATION_STYLE_ASSIGNMENT((#15751));
#15751 = SURFACE_STYLE_USAGE(.BOTH.,#15752);
#15752 = SURFACE_SIDE_STYLE('',(#15753));
#15753 = SURFACE_STYLE_FILL_AREA(#15754);
#15754 = FILL_AREA_STYLE('',(#15755));
#15755 = FILL_AREA_STYLE_COLOUR('',#15232);
#15756 = STYLED_ITEM('color',(#15757),#771);
#15757 = PRESENTATION_STYLE_ASSIGNMENT((#15758));
#15758 = SURFACE_STYLE_USAGE(.BOTH.,#15759);
#15759 = SURFACE_SIDE_STYLE('',(#15760));
#15760 = SURFACE_STYLE_FILL_AREA(#15761);
#15761 = FILL_AREA_STYLE('',(#15762));
#15762 = FILL_AREA_STYLE_COLOUR('',#15232);
#15763 = STYLED_ITEM('color',(#15764),#796);
#15764 = PRESENTATION_STYLE_ASSIGNMENT((#15765));
#15765 = SURFACE_STYLE_USAGE(.BOTH.,#15766);
#15766 = SURFACE_SIDE_STYLE('',(#15767));
#15767 = SURFACE_STYLE_FILL_AREA(#15768);
#15768 = FILL_AREA_STYLE('',(#15769));
#15769 = FILL_AREA_STYLE_COLOUR('',#15232);
#15770 = STYLED_ITEM('color',(#15771),#820);
#15771 = PRESENTATION_STYLE_ASSIGNMENT((#15772));
#15772 = SURFACE_STYLE_USAGE(.BOTH.,#15773);
#15773 = SURFACE_SIDE_STYLE('',(#15774));
#15774 = SURFACE_STYLE_FILL_AREA(#15775);
#15775 = FILL_AREA_STYLE('',(#15776));
#15776 = FILL_AREA_STYLE_COLOUR('',#15232);
#15777 = STYLED_ITEM('color',(#15778),#844);
#15778 = PRESENTATION_STYLE_ASSIGNMENT((#15779));
#15779 = SURFACE_STYLE_USAGE(.BOTH.,#15780);
#15780 = SURFACE_SIDE_STYLE('',(#15781));
#15781 = SURFACE_STYLE_FILL_AREA(#15782);
#15782 = FILL_AREA_STYLE('',(#15783));
#15783 = FILL_AREA_STYLE_COLOUR('',#15232);
#15784 = STYLED_ITEM('color',(#15785),#869);
#15785 = PRESENTATION_STYLE_ASSIGNMENT((#15786));
#15786 = SURFACE_STYLE_USAGE(.BOTH.,#15787);
#15787 = SURFACE_SIDE_STYLE('',(#15788));
#15788 = SURFACE_STYLE_FILL_AREA(#15789);
#15789 = FILL_AREA_STYLE('',(#15790));
#15790 = FILL_AREA_STYLE_COLOUR('',#15232);
#15791 = STYLED_ITEM('color',(#15792),#894);
#15792 = PRESENTATION_STYLE_ASSIGNMENT((#15793));
#15793 = SURFACE_STYLE_USAGE(.BOTH.,#15794);
#15794 = SURFACE_SIDE_STYLE('',(#15795));
#15795 = SURFACE_STYLE_FILL_AREA(#15796);
#15796 = FILL_AREA_STYLE('',(#15797));
#15797 = FILL_AREA_STYLE_COLOUR('',#15232);
#15798 = STYLED_ITEM('color',(#15799),#911);
#15799 = PRESENTATION_STYLE_ASSIGNMENT((#15800));
#15800 = SURFACE_STYLE_USAGE(.BOTH.,#15801);
#15801 = SURFACE_SIDE_STYLE('',(#15802));
#15802 = SURFACE_STYLE_FILL_AREA(#15803);
#15803 = FILL_AREA_STYLE('',(#15804));
#15804 = FILL_AREA_STYLE_COLOUR('',#15232);
#15805 = MECHANICAL_DESIGN_GEOMETRIC_PRESENTATION_REPRESENTATION('',(
    #15806),#15213);
#15806 = STYLED_ITEM('color',(#15807),#14634);
#15807 = PRESENTATION_STYLE_ASSIGNMENT((#15808));
#15808 = SURFACE_STYLE_USAGE(.BOTH.,#15809);
#15809 = SURFACE_SIDE_STYLE('',(#15810));
#15810 = SURFACE_STYLE_FILL_AREA(#15811);
#15811 = FILL_AREA_STYLE('',(#15812));
#15812 = FILL_AREA_STYLE_COLOUR('',#15813);
#15813 = COLOUR_RGB('',0.313304153717,0.484529207832,0.410020903123);
#15814 = MECHANICAL_DESIGN_GEOMETRIC_PRESENTATION_REPRESENTATION('',(
    #15815),#11803);
#15815 = STYLED_ITEM('color',(#15816),#11651);
#15816 = PRESENTATION_STYLE_ASSIGNMENT((#15817,#15822));
#15817 = SURFACE_STYLE_USAGE(.BOTH.,#15818);
#15818 = SURFACE_SIDE_STYLE('',(#15819));
#15819 = SURFACE_STYLE_FILL_AREA(#15820);
#15820 = FILL_AREA_STYLE('',(#15821));
#15821 = FILL_AREA_STYLE_COLOUR('',#15480);
#15822 = CURVE_STYLE('',#15823,POSITIVE_LENGTH_MEASURE(0.1),#15824);
#15823 = DRAUGHTING_PRE_DEFINED_CURVE_FONT('continuous');
#15824 = COLOUR_RGB('',9.803921802644E-02,9.803921802644E-02,
  9.803921802644E-02);
#15825 = MECHANICAL_DESIGN_GEOMETRIC_PRESENTATION_REPRESENTATION('',(
    #15826),#9865);
#15826 = STYLED_ITEM('color',(#15827),#8123);
#15827 = PRESENTATION_STYLE_ASSIGNMENT((#15828,#15833));
#15828 = SURFACE_STYLE_USAGE(.BOTH.,#15829);
#15829 = SURFACE_SIDE_STYLE('',(#15830));
#15830 = SURFACE_STYLE_FILL_AREA(#15831);
#15831 = FILL_AREA_STYLE('',(#15832));
#15832 = FILL_AREA_STYLE_COLOUR('',#15480);
#15833 = CURVE_STYLE('',#15834,POSITIVE_LENGTH_MEASURE(0.1),#15824);
#15834 = DRAUGHTING_PRE_DEFINED_CURVE_FONT('continuous');
#15835 = MECHANICAL_DESIGN_GEOMETRIC_PRESENTATION_REPRESENTATION('',(
    #15836),#14615);
#15836 = STYLED_ITEM('color',(#15837),#14030);
#15837 = PRESENTATION_STYLE_ASSIGNMENT((#15838,#15843));
#15838 = SURFACE_STYLE_USAGE(.BOTH.,#15839);
#15839 = SURFACE_SIDE_STYLE('',(#15840));
#15840 = SURFACE_STYLE_FILL_AREA(#15841);
#15841 = FILL_AREA_STYLE('',(#15842));
#15842 = FILL_AREA_STYLE_COLOUR('',#15232);
#15843 = CURVE_STYLE('',#15844,POSITIVE_LENGTH_MEASURE(0.1),#15824);
#15844 = DRAUGHTING_PRE_DEFINED_CURVE_FONT('continuous');
#15845 = MECHANICAL_DESIGN_GEOMETRIC_PRESENTATION_REPRESENTATION('',(
    #15846,#15856,#15865,#15874,#15883,#15892,#15901,#15910,#15919,
    #15928,#15937,#15946,#15955,#15964,#15973,#15982,#15991,#16000,
    #16009,#16018,#16027,#16036,#16045,#16054,#16063,#16072,#16081,
    #16090,#16099,#16108,#16117,#16126,#16135,#16144,#16153,#16162,
    #16171,#16180,#16189,#16198,#16207,#16216,#16225,#16234,#16243,
    #16252,#16261,#16270,#16279,#16288,#16297,#16306,#16315,#16324,
    #16333,#16342,#16351,#16360,#16369,#16378,#16387,#16396,#16405,
    #16414,#16423,#16432,#16441,#16450,#16459,#16468,#16477,#16486,
    #16495,#16504,#16513,#16522,#16531,#16540,#16549,#16558,#16567,
    #16576,#16585,#16594,#16603,#16612,#16621,#16630,#16639,#16648,
    #16657,#16666,#16675,#16684,#16693,#16702,#16711,#16720,#16729,
    #16738,#16747,#16756,#16765,#16774,#16783,#16792,#16801,#16810,
    #16819,#16828,#16837,#16846,#16855,#16864,#16873,#16882,#16891,
    #16900,#16909,#16918,#16927,#16936,#16945,#16954,#16963,#16972,
    #16981,#16990,#16999,#17008,#17017,#17026,#17035,#17044,#17053,
    #17062,#17071,#17080,#17089,#17098,#17107,#17116,#17125,#17134,
    #17143,#17152,#17161,#17170,#17179,#17188,#17197,#17206,#17215,
    #17224,#17233,#17242,#17251,#17260,#17269,#17278,#17287,#17296,
    #17305,#17314,#17323,#17332,#17341,#17350,#17359,#17368,#17377,
    #17386,#17395,#17404,#17413,#17422,#17431),#8042);
#15846 = STYLED_ITEM('color',(#15847),#2640);
#15847 = PRESENTATION_STYLE_ASSIGNMENT((#15848,#15854));
#15848 = SURFACE_STYLE_USAGE(.BOTH.,#15849);
#15849 = SURFACE_SIDE_STYLE('',(#15850));
#15850 = SURFACE_STYLE_FILL_AREA(#15851);
#15851 = FILL_AREA_STYLE('',(#15852));
#15852 = FILL_AREA_STYLE_COLOUR('',#15853);
#15853 = COLOUR_RGB('',0.147999998088,0.145000001626,0.145000001626);
#15854 = CURVE_STYLE('',#15855,POSITIVE_LENGTH_MEASURE(0.1),#15853);
#15855 = DRAUGHTING_PRE_DEFINED_CURVE_FONT('continuous');
#15856 = STYLED_ITEM('color',(#15857),#2678);
#15857 = PRESENTATION_STYLE_ASSIGNMENT((#15858,#15863));
#15858 = SURFACE_STYLE_USAGE(.BOTH.,#15859);
#15859 = SURFACE_SIDE_STYLE('',(#15860));
#15860 = SURFACE_STYLE_FILL_AREA(#15861);
#15861 = FILL_AREA_STYLE('',(#15862));
#15862 = FILL_AREA_STYLE_COLOUR('',#15853);
#15863 = CURVE_STYLE('',#15864,POSITIVE_LENGTH_MEASURE(0.1),#15853);
#15864 = DRAUGHTING_PRE_DEFINED_CURVE_FONT('continuous');
#15865 = STYLED_ITEM('color',(#15866),#2741);
#15866 = PRESENTATION_STYLE_ASSIGNMENT((#15867,#15872));
#15867 = SURFACE_STYLE_USAGE(.BOTH.,#15868);
#15868 = SURFACE_SIDE_STYLE('',(#15869));
#15869 = SURFACE_STYLE_FILL_AREA(#15870);
#15870 = FILL_AREA_STYLE('',(#15871));
#15871 = FILL_AREA_STYLE_COLOUR('',#15853);
#15872 = CURVE_STYLE('',#15873,POSITIVE_LENGTH_MEASURE(0.1),#15853);
#15873 = DRAUGHTING_PRE_DEFINED_CURVE_FONT('continuous');
#15874 = STYLED_ITEM('color',(#15875),#2764);
#15875 = PRESENTATION_STYLE_ASSIGNMENT((#15876,#15881));
#15876 = SURFACE_STYLE_USAGE(.BOTH.,#15877);
#15877 = SURFACE_SIDE_STYLE('',(#15878));
#15878 = SURFACE_STYLE_FILL_AREA(#15879);
#15879 = FILL_AREA_STYLE('',(#15880));
#15880 = FILL_AREA_STYLE_COLOUR('',#15853);
#15881 = CURVE_STYLE('',#15882,POSITIVE_LENGTH_MEASURE(0.1),#15853);
#15882 = DRAUGHTING_PRE_DEFINED_CURVE_FONT('continuous');
#15883 = STYLED_ITEM('color',(#15884),#2793);
#15884 = PRESENTATION_STYLE_ASSIGNMENT((#15885,#15890));
#15885 = SURFACE_STYLE_USAGE(.BOTH.,#15886);
#15886 = SURFACE_SIDE_STYLE('',(#15887));
#15887 = SURFACE_STYLE_FILL_AREA(#15888);
#15888 = FILL_AREA_STYLE('',(#15889));
#15889 = FILL_AREA_STYLE_COLOUR('',#15853);
#15890 = CURVE_STYLE('',#15891,POSITIVE_LENGTH_MEASURE(0.1),#15853);
#15891 = DRAUGHTING_PRE_DEFINED_CURVE_FONT('continuous');
#15892 = STYLED_ITEM('color',(#15893),#2816);
#15893 = PRESENTATION_STYLE_ASSIGNMENT((#15894,#15899));
#15894 = SURFACE_STYLE_USAGE(.BOTH.,#15895);
#15895 = SURFACE_SIDE_STYLE('',(#15896));
#15896 = SURFACE_STYLE_FILL_AREA(#15897);
#15897 = FILL_AREA_STYLE('',(#15898));
#15898 = FILL_AREA_STYLE_COLOUR('',#15853);
#15899 = CURVE_STYLE('',#15900,POSITIVE_LENGTH_MEASURE(0.1),#15853);
#15900 = DRAUGHTING_PRE_DEFINED_CURVE_FONT('continuous');
#15901 = STYLED_ITEM('color',(#15902),#2919);
#15902 = PRESENTATION_STYLE_ASSIGNMENT((#15903,#15908));
#15903 = SURFACE_STYLE_USAGE(.BOTH.,#15904);
#15904 = SURFACE_SIDE_STYLE('',(#15905));
#15905 = SURFACE_STYLE_FILL_AREA(#15906);
#15906 = FILL_AREA_STYLE('',(#15907));
#15907 = FILL_AREA_STYLE_COLOUR('',#15853);
#15908 = CURVE_STYLE('',#15909,POSITIVE_LENGTH_MEASURE(0.1),#15853);
#15909 = DRAUGHTING_PRE_DEFINED_CURVE_FONT('continuous');
#15910 = STYLED_ITEM('color',(#15911),#3022);
#15911 = PRESENTATION_STYLE_ASSIGNMENT((#15912,#15917));
#15912 = SURFACE_STYLE_USAGE(.BOTH.,#15913);
#15913 = SURFACE_SIDE_STYLE('',(#15914));
#15914 = SURFACE_STYLE_FILL_AREA(#15915);
#15915 = FILL_AREA_STYLE('',(#15916));
#15916 = FILL_AREA_STYLE_COLOUR('',#15853);
#15917 = CURVE_STYLE('',#15918,POSITIVE_LENGTH_MEASURE(0.1),#15853);
#15918 = DRAUGHTING_PRE_DEFINED_CURVE_FONT('continuous');
#15919 = STYLED_ITEM('color',(#15920),#3045);
#15920 = PRESENTATION_STYLE_ASSIGNMENT((#15921,#15926));
#15921 = SURFACE_STYLE_USAGE(.BOTH.,#15922);
#15922 = SURFACE_SIDE_STYLE('',(#15923));
#15923 = SURFACE_STYLE_FILL_AREA(#15924);
#15924 = FILL_AREA_STYLE('',(#15925));
#15925 = FILL_AREA_STYLE_COLOUR('',#15853);
#15926 = CURVE_STYLE('',#15927,POSITIVE_LENGTH_MEASURE(0.1),#15853);
#15927 = DRAUGHTING_PRE_DEFINED_CURVE_FONT('continuous');
#15928 = STYLED_ITEM('color',(#15929),#3068);
#15929 = PRESENTATION_STYLE_ASSIGNMENT((#15930,#15935));
#15930 = SURFACE_STYLE_USAGE(.BOTH.,#15931);
#15931 = SURFACE_SIDE_STYLE('',(#15932));
#15932 = SURFACE_STYLE_FILL_AREA(#15933);
#15933 = FILL_AREA_STYLE('',(#15934));
#15934 = FILL_AREA_STYLE_COLOUR('',#15853);
#15935 = CURVE_STYLE('',#15936,POSITIVE_LENGTH_MEASURE(0.1),#15853);
#15936 = DRAUGHTING_PRE_DEFINED_CURVE_FONT('continuous');
#15937 = STYLED_ITEM('color',(#15938),#3085);
#15938 = PRESENTATION_STYLE_ASSIGNMENT((#15939,#15944));
#15939 = SURFACE_STYLE_USAGE(.BOTH.,#15940);
#15940 = SURFACE_SIDE_STYLE('',(#15941));
#15941 = SURFACE_STYLE_FILL_AREA(#15942);
#15942 = FILL_AREA_STYLE('',(#15943));
#15943 = FILL_AREA_STYLE_COLOUR('',#15853);
#15944 = CURVE_STYLE('',#15945,POSITIVE_LENGTH_MEASURE(0.1),#15853);
#15945 = DRAUGHTING_PRE_DEFINED_CURVE_FONT('continuous');
#15946 = STYLED_ITEM('color',(#15947),#3108);
#15947 = PRESENTATION_STYLE_ASSIGNMENT((#15948,#15953));
#15948 = SURFACE_STYLE_USAGE(.BOTH.,#15949);
#15949 = SURFACE_SIDE_STYLE('',(#15950));
#15950 = SURFACE_STYLE_FILL_AREA(#15951);
#15951 = FILL_AREA_STYLE('',(#15952));
#15952 = FILL_AREA_STYLE_COLOUR('',#15853);
#15953 = CURVE_STYLE('',#15954,POSITIVE_LENGTH_MEASURE(0.1),#15853);
#15954 = DRAUGHTING_PRE_DEFINED_CURVE_FONT('continuous');
#15955 = STYLED_ITEM('color',(#15956),#3196);
#15956 = PRESENTATION_STYLE_ASSIGNMENT((#15957,#15962));
#15957 = SURFACE_STYLE_USAGE(.BOTH.,#15958);
#15958 = SURFACE_SIDE_STYLE('',(#15959));
#15959 = SURFACE_STYLE_FILL_AREA(#15960);
#15960 = FILL_AREA_STYLE('',(#15961));
#15961 = FILL_AREA_STYLE_COLOUR('',#15853);
#15962 = CURVE_STYLE('',#15963,POSITIVE_LENGTH_MEASURE(0.1),#15853);
#15963 = DRAUGHTING_PRE_DEFINED_CURVE_FONT('continuous');
#15964 = STYLED_ITEM('color',(#15965),#3212);
#15965 = PRESENTATION_STYLE_ASSIGNMENT((#15966,#15971));
#15966 = SURFACE_STYLE_USAGE(.BOTH.,#15967);
#15967 = SURFACE_SIDE_STYLE('',(#15968));
#15968 = SURFACE_STYLE_FILL_AREA(#15969);
#15969 = FILL_AREA_STYLE('',(#15970));
#15970 = FILL_AREA_STYLE_COLOUR('',#15853);
#15971 = CURVE_STYLE('',#15972,POSITIVE_LENGTH_MEASURE(0.1),#15853);
#15972 = DRAUGHTING_PRE_DEFINED_CURVE_FONT('continuous');
#15973 = STYLED_ITEM('color',(#15974),#3242);
#15974 = PRESENTATION_STYLE_ASSIGNMENT((#15975,#15980));
#15975 = SURFACE_STYLE_USAGE(.BOTH.,#15976);
#15976 = SURFACE_SIDE_STYLE('',(#15977));
#15977 = SURFACE_STYLE_FILL_AREA(#15978);
#15978 = FILL_AREA_STYLE('',(#15979));
#15979 = FILL_AREA_STYLE_COLOUR('',#15232);
#15980 = CURVE_STYLE('',#15981,POSITIVE_LENGTH_MEASURE(0.1),#15232);
#15981 = DRAUGHTING_PRE_DEFINED_CURVE_FONT('continuous');
#15982 = STYLED_ITEM('color',(#15983),#3273);
#15983 = PRESENTATION_STYLE_ASSIGNMENT((#15984,#15989));
#15984 = SURFACE_STYLE_USAGE(.BOTH.,#15985);
#15985 = SURFACE_SIDE_STYLE('',(#15986));
#15986 = SURFACE_STYLE_FILL_AREA(#15987);
#15987 = FILL_AREA_STYLE('',(#15988));
#15988 = FILL_AREA_STYLE_COLOUR('',#15853);
#15989 = CURVE_STYLE('',#15990,POSITIVE_LENGTH_MEASURE(0.1),#15853);
#15990 = DRAUGHTING_PRE_DEFINED_CURVE_FONT('continuous');
#15991 = STYLED_ITEM('color',(#15992),#3304);
#15992 = PRESENTATION_STYLE_ASSIGNMENT((#15993,#15998));
#15993 = SURFACE_STYLE_USAGE(.BOTH.,#15994);
#15994 = SURFACE_SIDE_STYLE('',(#15995));
#15995 = SURFACE_STYLE_FILL_AREA(#15996);
#15996 = FILL_AREA_STYLE('',(#15997));
#15997 = FILL_AREA_STYLE_COLOUR('',#15232);
#15998 = CURVE_STYLE('',#15999,POSITIVE_LENGTH_MEASURE(0.1),#15232);
#15999 = DRAUGHTING_PRE_DEFINED_CURVE_FONT('continuous');
#16000 = STYLED_ITEM('color',(#16001),#3335);
#16001 = PRESENTATION_STYLE_ASSIGNMENT((#16002,#16007));
#16002 = SURFACE_STYLE_USAGE(.BOTH.,#16003);
#16003 = SURFACE_SIDE_STYLE('',(#16004));
#16004 = SURFACE_STYLE_FILL_AREA(#16005);
#16005 = FILL_AREA_STYLE('',(#16006));
#16006 = FILL_AREA_STYLE_COLOUR('',#15853);
#16007 = CURVE_STYLE('',#16008,POSITIVE_LENGTH_MEASURE(0.1),#15853);
#16008 = DRAUGHTING_PRE_DEFINED_CURVE_FONT('continuous');
#16009 = STYLED_ITEM('color',(#16010),#3366);
#16010 = PRESENTATION_STYLE_ASSIGNMENT((#16011,#16016));
#16011 = SURFACE_STYLE_USAGE(.BOTH.,#16012);
#16012 = SURFACE_SIDE_STYLE('',(#16013));
#16013 = SURFACE_STYLE_FILL_AREA(#16014);
#16014 = FILL_AREA_STYLE('',(#16015));
#16015 = FILL_AREA_STYLE_COLOUR('',#15232);
#16016 = CURVE_STYLE('',#16017,POSITIVE_LENGTH_MEASURE(0.1),#15232);
#16017 = DRAUGHTING_PRE_DEFINED_CURVE_FONT('continuous');
#16018 = STYLED_ITEM('color',(#16019),#3397);
#16019 = PRESENTATION_STYLE_ASSIGNMENT((#16020,#16025));
#16020 = SURFACE_STYLE_USAGE(.BOTH.,#16021);
#16021 = SURFACE_SIDE_STYLE('',(#16022));
#16022 = SURFACE_STYLE_FILL_AREA(#16023);
#16023 = FILL_AREA_STYLE('',(#16024));
#16024 = FILL_AREA_STYLE_COLOUR('',#15853);
#16025 = CURVE_STYLE('',#16026,POSITIVE_LENGTH_MEASURE(0.1),#15853);
#16026 = DRAUGHTING_PRE_DEFINED_CURVE_FONT('continuous');
#16027 = STYLED_ITEM('color',(#16028),#3428);
#16028 = PRESENTATION_STYLE_ASSIGNMENT((#16029,#16034));
#16029 = SURFACE_STYLE_USAGE(.BOTH.,#16030);
#16030 = SURFACE_SIDE_STYLE('',(#16031));
#16031 = SURFACE_STYLE_FILL_AREA(#16032);
#16032 = FILL_AREA_STYLE('',(#16033));
#16033 = FILL_AREA_STYLE_COLOUR('',#15232);
#16034 = CURVE_STYLE('',#16035,POSITIVE_LENGTH_MEASURE(0.1),#15232);
#16035 = DRAUGHTING_PRE_DEFINED_CURVE_FONT('continuous');
#16036 = STYLED_ITEM('color',(#16037),#3459);
#16037 = PRESENTATION_STYLE_ASSIGNMENT((#16038,#16043));
#16038 = SURFACE_STYLE_USAGE(.BOTH.,#16039);
#16039 = SURFACE_SIDE_STYLE('',(#16040));
#16040 = SURFACE_STYLE_FILL_AREA(#16041);
#16041 = FILL_AREA_STYLE('',(#16042));
#16042 = FILL_AREA_STYLE_COLOUR('',#15853);
#16043 = CURVE_STYLE('',#16044,POSITIVE_LENGTH_MEASURE(0.1),#15853);
#16044 = DRAUGHTING_PRE_DEFINED_CURVE_FONT('continuous');
#16045 = STYLED_ITEM('color',(#16046),#3490);
#16046 = PRESENTATION_STYLE_ASSIGNMENT((#16047,#16052));
#16047 = SURFACE_STYLE_USAGE(.BOTH.,#16048);
#16048 = SURFACE_SIDE_STYLE('',(#16049));
#16049 = SURFACE_STYLE_FILL_AREA(#16050);
#16050 = FILL_AREA_STYLE('',(#16051));
#16051 = FILL_AREA_STYLE_COLOUR('',#15232);
#16052 = CURVE_STYLE('',#16053,POSITIVE_LENGTH_MEASURE(0.1),#15232);
#16053 = DRAUGHTING_PRE_DEFINED_CURVE_FONT('continuous');
#16054 = STYLED_ITEM('color',(#16055),#3521);
#16055 = PRESENTATION_STYLE_ASSIGNMENT((#16056,#16061));
#16056 = SURFACE_STYLE_USAGE(.BOTH.,#16057);
#16057 = SURFACE_SIDE_STYLE('',(#16058));
#16058 = SURFACE_STYLE_FILL_AREA(#16059);
#16059 = FILL_AREA_STYLE('',(#16060));
#16060 = FILL_AREA_STYLE_COLOUR('',#15853);
#16061 = CURVE_STYLE('',#16062,POSITIVE_LENGTH_MEASURE(0.1),#15853);
#16062 = DRAUGHTING_PRE_DEFINED_CURVE_FONT('continuous');
#16063 = STYLED_ITEM('color',(#16064),#3538);
#16064 = PRESENTATION_STYLE_ASSIGNMENT((#16065,#16070));
#16065 = SURFACE_STYLE_USAGE(.BOTH.,#16066);
#16066 = SURFACE_SIDE_STYLE('',(#16067));
#16067 = SURFACE_STYLE_FILL_AREA(#16068);
#16068 = FILL_AREA_STYLE('',(#16069));
#16069 = FILL_AREA_STYLE_COLOUR('',#15853);
#16070 = CURVE_STYLE('',#16071,POSITIVE_LENGTH_MEASURE(0.1),#15853);
#16071 = DRAUGHTING_PRE_DEFINED_CURVE_FONT('continuous');
#16072 = STYLED_ITEM('color',(#16073),#3555);
#16073 = PRESENTATION_STYLE_ASSIGNMENT((#16074,#16079));
#16074 = SURFACE_STYLE_USAGE(.BOTH.,#16075);
#16075 = SURFACE_SIDE_STYLE('',(#16076));
#16076 = SURFACE_STYLE_FILL_AREA(#16077);
#16077 = FILL_AREA_STYLE('',(#16078));
#16078 = FILL_AREA_STYLE_COLOUR('',#15232);
#16079 = CURVE_STYLE('',#16080,POSITIVE_LENGTH_MEASURE(0.1),#15232);
#16080 = DRAUGHTING_PRE_DEFINED_CURVE_FONT('continuous');
#16081 = STYLED_ITEM('color',(#16082),#3586);
#16082 = PRESENTATION_STYLE_ASSIGNMENT((#16083,#16088));
#16083 = SURFACE_STYLE_USAGE(.BOTH.,#16084);
#16084 = SURFACE_SIDE_STYLE('',(#16085));
#16085 = SURFACE_STYLE_FILL_AREA(#16086);
#16086 = FILL_AREA_STYLE('',(#16087));
#16087 = FILL_AREA_STYLE_COLOUR('',#15853);
#16088 = CURVE_STYLE('',#16089,POSITIVE_LENGTH_MEASURE(0.1),#15853);
#16089 = DRAUGHTING_PRE_DEFINED_CURVE_FONT('continuous');
#16090 = STYLED_ITEM('color',(#16091),#3617);
#16091 = PRESENTATION_STYLE_ASSIGNMENT((#16092,#16097));
#16092 = SURFACE_STYLE_USAGE(.BOTH.,#16093);
#16093 = SURFACE_SIDE_STYLE('',(#16094));
#16094 = SURFACE_STYLE_FILL_AREA(#16095);
#16095 = FILL_AREA_STYLE('',(#16096));
#16096 = FILL_AREA_STYLE_COLOUR('',#15232);
#16097 = CURVE_STYLE('',#16098,POSITIVE_LENGTH_MEASURE(0.1),#15232);
#16098 = DRAUGHTING_PRE_DEFINED_CURVE_FONT('continuous');
#16099 = STYLED_ITEM('color',(#16100),#3648);
#16100 = PRESENTATION_STYLE_ASSIGNMENT((#16101,#16106));
#16101 = SURFACE_STYLE_USAGE(.BOTH.,#16102);
#16102 = SURFACE_SIDE_STYLE('',(#16103));
#16103 = SURFACE_STYLE_FILL_AREA(#16104);
#16104 = FILL_AREA_STYLE('',(#16105));
#16105 = FILL_AREA_STYLE_COLOUR('',#15853);
#16106 = CURVE_STYLE('',#16107,POSITIVE_LENGTH_MEASURE(0.1),#15853);
#16107 = DRAUGHTING_PRE_DEFINED_CURVE_FONT('continuous');
#16108 = STYLED_ITEM('color',(#16109),#3679);
#16109 = PRESENTATION_STYLE_ASSIGNMENT((#16110,#16115));
#16110 = SURFACE_STYLE_USAGE(.BOTH.,#16111);
#16111 = SURFACE_SIDE_STYLE('',(#16112));
#16112 = SURFACE_STYLE_FILL_AREA(#16113);
#16113 = FILL_AREA_STYLE('',(#16114));
#16114 = FILL_AREA_STYLE_COLOUR('',#15232);
#16115 = CURVE_STYLE('',#16116,POSITIVE_LENGTH_MEASURE(0.1),#15232);
#16116 = DRAUGHTING_PRE_DEFINED_CURVE_FONT('continuous');
#16117 = STYLED_ITEM('color',(#16118),#3710);
#16118 = PRESENTATION_STYLE_ASSIGNMENT((#16119,#16124));
#16119 = SURFACE_STYLE_USAGE(.BOTH.,#16120);
#16120 = SURFACE_SIDE_STYLE('',(#16121));
#16121 = SURFACE_STYLE_FILL_AREA(#16122);
#16122 = FILL_AREA_STYLE('',(#16123));
#16123 = FILL_AREA_STYLE_COLOUR('',#15853);
#16124 = CURVE_STYLE('',#16125,POSITIVE_LENGTH_MEASURE(0.1),#15853);
#16125 = DRAUGHTING_PRE_DEFINED_CURVE_FONT('continuous');
#16126 = STYLED_ITEM('color',(#16127),#3741);
#16127 = PRESENTATION_STYLE_ASSIGNMENT((#16128,#16133));
#16128 = SURFACE_STYLE_USAGE(.BOTH.,#16129);
#16129 = SURFACE_SIDE_STYLE('',(#16130));
#16130 = SURFACE_STYLE_FILL_AREA(#16131);
#16131 = FILL_AREA_STYLE('',(#16132));
#16132 = FILL_AREA_STYLE_COLOUR('',#15232);
#16133 = CURVE_STYLE('',#16134,POSITIVE_LENGTH_MEASURE(0.1),#15232);
#16134 = DRAUGHTING_PRE_DEFINED_CURVE_FONT('continuous');
#16135 = STYLED_ITEM('color',(#16136),#3772);
#16136 = PRESENTATION_STYLE_ASSIGNMENT((#16137,#16142));
#16137 = SURFACE_STYLE_USAGE(.BOTH.,#16138);
#16138 = SURFACE_SIDE_STYLE('',(#16139));
#16139 = SURFACE_STYLE_FILL_AREA(#16140);
#16140 = FILL_AREA_STYLE('',(#16141));
#16141 = FILL_AREA_STYLE_COLOUR('',#15853);
#16142 = CURVE_STYLE('',#16143,POSITIVE_LENGTH_MEASURE(0.1),#15853);
#16143 = DRAUGHTING_PRE_DEFINED_CURVE_FONT('continuous');
#16144 = STYLED_ITEM('color',(#16145),#3803);
#16145 = PRESENTATION_STYLE_ASSIGNMENT((#16146,#16151));
#16146 = SURFACE_STYLE_USAGE(.BOTH.,#16147);
#16147 = SURFACE_SIDE_STYLE('',(#16148));
#16148 = SURFACE_STYLE_FILL_AREA(#16149);
#16149 = FILL_AREA_STYLE('',(#16150));
#16150 = FILL_AREA_STYLE_COLOUR('',#15232);
#16151 = CURVE_STYLE('',#16152,POSITIVE_LENGTH_MEASURE(0.1),#15232);
#16152 = DRAUGHTING_PRE_DEFINED_CURVE_FONT('continuous');
#16153 = STYLED_ITEM('color',(#16154),#3834);
#16154 = PRESENTATION_STYLE_ASSIGNMENT((#16155,#16160));
#16155 = SURFACE_STYLE_USAGE(.BOTH.,#16156);
#16156 = SURFACE_SIDE_STYLE('',(#16157));
#16157 = SURFACE_STYLE_FILL_AREA(#16158);
#16158 = FILL_AREA_STYLE('',(#16159));
#16159 = FILL_AREA_STYLE_COLOUR('',#15853);
#16160 = CURVE_STYLE('',#16161,POSITIVE_LENGTH_MEASURE(0.1),#15853);
#16161 = DRAUGHTING_PRE_DEFINED_CURVE_FONT('continuous');
#16162 = STYLED_ITEM('color',(#16163),#3864);
#16163 = PRESENTATION_STYLE_ASSIGNMENT((#16164,#16169));
#16164 = SURFACE_STYLE_USAGE(.BOTH.,#16165);
#16165 = SURFACE_SIDE_STYLE('',(#16166));
#16166 = SURFACE_STYLE_FILL_AREA(#16167);
#16167 = FILL_AREA_STYLE('',(#16168));
#16168 = FILL_AREA_STYLE_COLOUR('',#15853);
#16169 = CURVE_STYLE('',#16170,POSITIVE_LENGTH_MEASURE(0.1),#15853);
#16170 = DRAUGHTING_PRE_DEFINED_CURVE_FONT('continuous');
#16171 = STYLED_ITEM('color',(#16172),#3887);
#16172 = PRESENTATION_STYLE_ASSIGNMENT((#16173,#16178));
#16173 = SURFACE_STYLE_USAGE(.BOTH.,#16174);
#16174 = SURFACE_SIDE_STYLE('',(#16175));
#16175 = SURFACE_STYLE_FILL_AREA(#16176);
#16176 = FILL_AREA_STYLE('',(#16177));
#16177 = FILL_AREA_STYLE_COLOUR('',#15853);
#16178 = CURVE_STYLE('',#16179,POSITIVE_LENGTH_MEASURE(0.1),#15853);
#16179 = DRAUGHTING_PRE_DEFINED_CURVE_FONT('continuous');
#16180 = STYLED_ITEM('color',(#16181),#3910);
#16181 = PRESENTATION_STYLE_ASSIGNMENT((#16182,#16187));
#16182 = SURFACE_STYLE_USAGE(.BOTH.,#16183);
#16183 = SURFACE_SIDE_STYLE('',(#16184));
#16184 = SURFACE_STYLE_FILL_AREA(#16185);
#16185 = FILL_AREA_STYLE('',(#16186));
#16186 = FILL_AREA_STYLE_COLOUR('',#15853);
#16187 = CURVE_STYLE('',#16188,POSITIVE_LENGTH_MEASURE(0.1),#15853);
#16188 = DRAUGHTING_PRE_DEFINED_CURVE_FONT('continuous');
#16189 = STYLED_ITEM('color',(#16190),#3927);
#16190 = PRESENTATION_STYLE_ASSIGNMENT((#16191,#16196));
#16191 = SURFACE_STYLE_USAGE(.BOTH.,#16192);
#16192 = SURFACE_SIDE_STYLE('',(#16193));
#16193 = SURFACE_STYLE_FILL_AREA(#16194);
#16194 = FILL_AREA_STYLE('',(#16195));
#16195 = FILL_AREA_STYLE_COLOUR('',#15232);
#16196 = CURVE_STYLE('',#16197,POSITIVE_LENGTH_MEASURE(0.1),#15232);
#16197 = DRAUGHTING_PRE_DEFINED_CURVE_FONT('continuous');
#16198 = STYLED_ITEM('color',(#16199),#3972);
#16199 = PRESENTATION_STYLE_ASSIGNMENT((#16200,#16205));
#16200 = SURFACE_STYLE_USAGE(.BOTH.,#16201);
#16201 = SURFACE_SIDE_STYLE('',(#16202));
#16202 = SURFACE_STYLE_FILL_AREA(#16203);
#16203 = FILL_AREA_STYLE('',(#16204));
#16204 = FILL_AREA_STYLE_COLOUR('',#15853);
#16205 = CURVE_STYLE('',#16206,POSITIVE_LENGTH_MEASURE(0.1),#15853);
#16206 = DRAUGHTING_PRE_DEFINED_CURVE_FONT('continuous');
#16207 = STYLED_ITEM('color',(#16208),#4074);
#16208 = PRESENTATION_STYLE_ASSIGNMENT((#16209,#16214));
#16209 = SURFACE_STYLE_USAGE(.BOTH.,#16210);
#16210 = SURFACE_SIDE_STYLE('',(#16211));
#16211 = SURFACE_STYLE_FILL_AREA(#16212);
#16212 = FILL_AREA_STYLE('',(#16213));
#16213 = FILL_AREA_STYLE_COLOUR('',#15853);
#16214 = CURVE_STYLE('',#16215,POSITIVE_LENGTH_MEASURE(0.1),#15853);
#16215 = DRAUGHTING_PRE_DEFINED_CURVE_FONT('continuous');
#16216 = STYLED_ITEM('color',(#16217),#4097);
#16217 = PRESENTATION_STYLE_ASSIGNMENT((#16218,#16223));
#16218 = SURFACE_STYLE_USAGE(.BOTH.,#16219);
#16219 = SURFACE_SIDE_STYLE('',(#16220));
#16220 = SURFACE_STYLE_FILL_AREA(#16221);
#16221 = FILL_AREA_STYLE('',(#16222));
#16222 = FILL_AREA_STYLE_COLOUR('',#15853);
#16223 = CURVE_STYLE('',#16224,POSITIVE_LENGTH_MEASURE(0.1),#15853);
#16224 = DRAUGHTING_PRE_DEFINED_CURVE_FONT('continuous');
#16225 = STYLED_ITEM('color',(#16226),#4120);
#16226 = PRESENTATION_STYLE_ASSIGNMENT((#16227,#16232));
#16227 = SURFACE_STYLE_USAGE(.BOTH.,#16228);
#16228 = SURFACE_SIDE_STYLE('',(#16229));
#16229 = SURFACE_STYLE_FILL_AREA(#16230);
#16230 = FILL_AREA_STYLE('',(#16231));
#16231 = FILL_AREA_STYLE_COLOUR('',#15853);
#16232 = CURVE_STYLE('',#16233,POSITIVE_LENGTH_MEASURE(0.1),#15853);
#16233 = DRAUGHTING_PRE_DEFINED_CURVE_FONT('continuous');
#16234 = STYLED_ITEM('color',(#16235),#4143);
#16235 = PRESENTATION_STYLE_ASSIGNMENT((#16236,#16241));
#16236 = SURFACE_STYLE_USAGE(.BOTH.,#16237);
#16237 = SURFACE_SIDE_STYLE('',(#16238));
#16238 = SURFACE_STYLE_FILL_AREA(#16239);
#16239 = FILL_AREA_STYLE('',(#16240));
#16240 = FILL_AREA_STYLE_COLOUR('',#15853);
#16241 = CURVE_STYLE('',#16242,POSITIVE_LENGTH_MEASURE(0.1),#15853);
#16242 = DRAUGHTING_PRE_DEFINED_CURVE_FONT('continuous');
#16243 = STYLED_ITEM('color',(#16244),#4246);
#16244 = PRESENTATION_STYLE_ASSIGNMENT((#16245,#16250));
#16245 = SURFACE_STYLE_USAGE(.BOTH.,#16246);
#16246 = SURFACE_SIDE_STYLE('',(#16247));
#16247 = SURFACE_STYLE_FILL_AREA(#16248);
#16248 = FILL_AREA_STYLE('',(#16249));
#16249 = FILL_AREA_STYLE_COLOUR('',#15232);
#16250 = CURVE_STYLE('',#16251,POSITIVE_LENGTH_MEASURE(0.1),#15232);
#16251 = DRAUGHTING_PRE_DEFINED_CURVE_FONT('continuous');
#16252 = STYLED_ITEM('color',(#16253),#4284);
#16253 = PRESENTATION_STYLE_ASSIGNMENT((#16254,#16259));
#16254 = SURFACE_STYLE_USAGE(.BOTH.,#16255);
#16255 = SURFACE_SIDE_STYLE('',(#16256));
#16256 = SURFACE_STYLE_FILL_AREA(#16257);
#16257 = FILL_AREA_STYLE('',(#16258));
#16258 = FILL_AREA_STYLE_COLOUR('',#15853);
#16259 = CURVE_STYLE('',#16260,POSITIVE_LENGTH_MEASURE(0.1),#15853);
#16260 = DRAUGHTING_PRE_DEFINED_CURVE_FONT('continuous');
#16261 = STYLED_ITEM('color',(#16262),#4333);
#16262 = PRESENTATION_STYLE_ASSIGNMENT((#16263,#16268));
#16263 = SURFACE_STYLE_USAGE(.BOTH.,#16264);
#16264 = SURFACE_SIDE_STYLE('',(#16265));
#16265 = SURFACE_STYLE_FILL_AREA(#16266);
#16266 = FILL_AREA_STYLE('',(#16267));
#16267 = FILL_AREA_STYLE_COLOUR('',#15232);
#16268 = CURVE_STYLE('',#16269,POSITIVE_LENGTH_MEASURE(0.1),#15232);
#16269 = DRAUGHTING_PRE_DEFINED_CURVE_FONT('continuous');
#16270 = STYLED_ITEM('color',(#16271),#4425);
#16271 = PRESENTATION_STYLE_ASSIGNMENT((#16272,#16277));
#16272 = SURFACE_STYLE_USAGE(.BOTH.,#16273);
#16273 = SURFACE_SIDE_STYLE('',(#16274));
#16274 = SURFACE_STYLE_FILL_AREA(#16275);
#16275 = FILL_AREA_STYLE('',(#16276));
#16276 = FILL_AREA_STYLE_COLOUR('',#15232);
#16277 = CURVE_STYLE('',#16278,POSITIVE_LENGTH_MEASURE(0.1),#15232);
#16278 = DRAUGHTING_PRE_DEFINED_CURVE_FONT('continuous');
#16279 = STYLED_ITEM('color',(#16280),#4450);
#16280 = PRESENTATION_STYLE_ASSIGNMENT((#16281,#16286));
#16281 = SURFACE_STYLE_USAGE(.BOTH.,#16282);
#16282 = SURFACE_SIDE_STYLE('',(#16283));
#16283 = SURFACE_STYLE_FILL_AREA(#16284);
#16284 = FILL_AREA_STYLE('',(#16285));
#16285 = FILL_AREA_STYLE_COLOUR('',#15232);
#16286 = CURVE_STYLE('',#16287,POSITIVE_LENGTH_MEASURE(0.1),#15232);
#16287 = DRAUGHTING_PRE_DEFINED_CURVE_FONT('continuous');
#16288 = STYLED_ITEM('color',(#16289),#4534);
#16289 = PRESENTATION_STYLE_ASSIGNMENT((#16290,#16295));
#16290 = SURFACE_STYLE_USAGE(.BOTH.,#16291);
#16291 = SURFACE_SIDE_STYLE('',(#16292));
#16292 = SURFACE_STYLE_FILL_AREA(#16293);
#16293 = FILL_AREA_STYLE('',(#16294));
#16294 = FILL_AREA_STYLE_COLOUR('',#15853);
#16295 = CURVE_STYLE('',#16296,POSITIVE_LENGTH_MEASURE(0.1),#15853);
#16296 = DRAUGHTING_PRE_DEFINED_CURVE_FONT('continuous');
#16297 = STYLED_ITEM('color',(#16298),#4556);
#16298 = PRESENTATION_STYLE_ASSIGNMENT((#16299,#16304));
#16299 = SURFACE_STYLE_USAGE(.BOTH.,#16300);
#16300 = SURFACE_SIDE_STYLE('',(#16301));
#16301 = SURFACE_STYLE_FILL_AREA(#16302);
#16302 = FILL_AREA_STYLE('',(#16303));
#16303 = FILL_AREA_STYLE_COLOUR('',#15232);
#16304 = CURVE_STYLE('',#16305,POSITIVE_LENGTH_MEASURE(0.1),#15232);
#16305 = DRAUGHTING_PRE_DEFINED_CURVE_FONT('continuous');
#16306 = STYLED_ITEM('color',(#16307),#4648);
#16307 = PRESENTATION_STYLE_ASSIGNMENT((#16308,#16313));
#16308 = SURFACE_STYLE_USAGE(.BOTH.,#16309);
#16309 = SURFACE_SIDE_STYLE('',(#16310));
#16310 = SURFACE_STYLE_FILL_AREA(#16311);
#16311 = FILL_AREA_STYLE('',(#16312));
#16312 = FILL_AREA_STYLE_COLOUR('',#15232);
#16313 = CURVE_STYLE('',#16314,POSITIVE_LENGTH_MEASURE(0.1),#15232);
#16314 = DRAUGHTING_PRE_DEFINED_CURVE_FONT('continuous');
#16315 = STYLED_ITEM('color',(#16316),#4673);
#16316 = PRESENTATION_STYLE_ASSIGNMENT((#16317,#16322));
#16317 = SURFACE_STYLE_USAGE(.BOTH.,#16318);
#16318 = SURFACE_SIDE_STYLE('',(#16319));
#16319 = SURFACE_STYLE_FILL_AREA(#16320);
#16320 = FILL_AREA_STYLE('',(#16321));
#16321 = FILL_AREA_STYLE_COLOUR('',#15232);
#16322 = CURVE_STYLE('',#16323,POSITIVE_LENGTH_MEASURE(0.1),#15232);
#16323 = DRAUGHTING_PRE_DEFINED_CURVE_FONT('continuous');
#16324 = STYLED_ITEM('color',(#16325),#4757);
#16325 = PRESENTATION_STYLE_ASSIGNMENT((#16326,#16331));
#16326 = SURFACE_STYLE_USAGE(.BOTH.,#16327);
#16327 = SURFACE_SIDE_STYLE('',(#16328));
#16328 = SURFACE_STYLE_FILL_AREA(#16329);
#16329 = FILL_AREA_STYLE('',(#16330));
#16330 = FILL_AREA_STYLE_COLOUR('',#15853);
#16331 = CURVE_STYLE('',#16332,POSITIVE_LENGTH_MEASURE(0.1),#15853);
#16332 = DRAUGHTING_PRE_DEFINED_CURVE_FONT('continuous');
#16333 = STYLED_ITEM('color',(#16334),#4779);
#16334 = PRESENTATION_STYLE_ASSIGNMENT((#16335,#16340));
#16335 = SURFACE_STYLE_USAGE(.BOTH.,#16336);
#16336 = SURFACE_SIDE_STYLE('',(#16337));
#16337 = SURFACE_STYLE_FILL_AREA(#16338);
#16338 = FILL_AREA_STYLE('',(#16339));
#16339 = FILL_AREA_STYLE_COLOUR('',#15232);
#16340 = CURVE_STYLE('',#16341,POSITIVE_LENGTH_MEASURE(0.1),#15232);
#16341 = DRAUGHTING_PRE_DEFINED_CURVE_FONT('continuous');
#16342 = STYLED_ITEM('color',(#16343),#4871);
#16343 = PRESENTATION_STYLE_ASSIGNMENT((#16344,#16349));
#16344 = SURFACE_STYLE_USAGE(.BOTH.,#16345);
#16345 = SURFACE_SIDE_STYLE('',(#16346));
#16346 = SURFACE_STYLE_FILL_AREA(#16347);
#16347 = FILL_AREA_STYLE('',(#16348));
#16348 = FILL_AREA_STYLE_COLOUR('',#15232);
#16349 = CURVE_STYLE('',#16350,POSITIVE_LENGTH_MEASURE(0.1),#15232);
#16350 = DRAUGHTING_PRE_DEFINED_CURVE_FONT('continuous');
#16351 = STYLED_ITEM('color',(#16352),#4896);
#16352 = PRESENTATION_STYLE_ASSIGNMENT((#16353,#16358));
#16353 = SURFACE_STYLE_USAGE(.BOTH.,#16354);
#16354 = SURFACE_SIDE_STYLE('',(#16355));
#16355 = SURFACE_STYLE_FILL_AREA(#16356);
#16356 = FILL_AREA_STYLE('',(#16357));
#16357 = FILL_AREA_STYLE_COLOUR('',#15232);
#16358 = CURVE_STYLE('',#16359,POSITIVE_LENGTH_MEASURE(0.1),#15232);
#16359 = DRAUGHTING_PRE_DEFINED_CURVE_FONT('continuous');
#16360 = STYLED_ITEM('color',(#16361),#4980);
#16361 = PRESENTATION_STYLE_ASSIGNMENT((#16362,#16367));
#16362 = SURFACE_STYLE_USAGE(.BOTH.,#16363);
#16363 = SURFACE_SIDE_STYLE('',(#16364));
#16364 = SURFACE_STYLE_FILL_AREA(#16365);
#16365 = FILL_AREA_STYLE('',(#16366));
#16366 = FILL_AREA_STYLE_COLOUR('',#15853);
#16367 = CURVE_STYLE('',#16368,POSITIVE_LENGTH_MEASURE(0.1),#15853);
#16368 = DRAUGHTING_PRE_DEFINED_CURVE_FONT('continuous');
#16369 = STYLED_ITEM('color',(#16370),#5002);
#16370 = PRESENTATION_STYLE_ASSIGNMENT((#16371,#16376));
#16371 = SURFACE_STYLE_USAGE(.BOTH.,#16372);
#16372 = SURFACE_SIDE_STYLE('',(#16373));
#16373 = SURFACE_STYLE_FILL_AREA(#16374);
#16374 = FILL_AREA_STYLE('',(#16375));
#16375 = FILL_AREA_STYLE_COLOUR('',#15232);
#16376 = CURVE_STYLE('',#16377,POSITIVE_LENGTH_MEASURE(0.1),#15232);
#16377 = DRAUGHTING_PRE_DEFINED_CURVE_FONT('continuous');
#16378 = STYLED_ITEM('color',(#16379),#5094);
#16379 = PRESENTATION_STYLE_ASSIGNMENT((#16380,#16385));
#16380 = SURFACE_STYLE_USAGE(.BOTH.,#16381);
#16381 = SURFACE_SIDE_STYLE('',(#16382));
#16382 = SURFACE_STYLE_FILL_AREA(#16383);
#16383 = FILL_AREA_STYLE('',(#16384));
#16384 = FILL_AREA_STYLE_COLOUR('',#15232);
#16385 = CURVE_STYLE('',#16386,POSITIVE_LENGTH_MEASURE(0.1),#15232);
#16386 = DRAUGHTING_PRE_DEFINED_CURVE_FONT('continuous');
#16387 = STYLED_ITEM('color',(#16388),#5119);
#16388 = PRESENTATION_STYLE_ASSIGNMENT((#16389,#16394));
#16389 = SURFACE_STYLE_USAGE(.BOTH.,#16390);
#16390 = SURFACE_SIDE_STYLE('',(#16391));
#16391 = SURFACE_STYLE_FILL_AREA(#16392);
#16392 = FILL_AREA_STYLE('',(#16393));
#16393 = FILL_AREA_STYLE_COLOUR('',#15232);
#16394 = CURVE_STYLE('',#16395,POSITIVE_LENGTH_MEASURE(0.1),#15232);
#16395 = DRAUGHTING_PRE_DEFINED_CURVE_FONT('continuous');
#16396 = STYLED_ITEM('color',(#16397),#5203);
#16397 = PRESENTATION_STYLE_ASSIGNMENT((#16398,#16403));
#16398 = SURFACE_STYLE_USAGE(.BOTH.,#16399);
#16399 = SURFACE_SIDE_STYLE('',(#16400));
#16400 = SURFACE_STYLE_FILL_AREA(#16401);
#16401 = FILL_AREA_STYLE('',(#16402));
#16402 = FILL_AREA_STYLE_COLOUR('',#15853);
#16403 = CURVE_STYLE('',#16404,POSITIVE_LENGTH_MEASURE(0.1),#15853);
#16404 = DRAUGHTING_PRE_DEFINED_CURVE_FONT('continuous');
#16405 = STYLED_ITEM('color',(#16406),#5220);
#16406 = PRESENTATION_STYLE_ASSIGNMENT((#16407,#16412));
#16407 = SURFACE_STYLE_USAGE(.BOTH.,#16408);
#16408 = SURFACE_SIDE_STYLE('',(#16409));
#16409 = SURFACE_STYLE_FILL_AREA(#16410);
#16410 = FILL_AREA_STYLE('',(#16411));
#16411 = FILL_AREA_STYLE_COLOUR('',#15232);
#16412 = CURVE_STYLE('',#16413,POSITIVE_LENGTH_MEASURE(0.1),#15232);
#16413 = DRAUGHTING_PRE_DEFINED_CURVE_FONT('continuous');
#16414 = STYLED_ITEM('color',(#16415),#5305);
#16415 = PRESENTATION_STYLE_ASSIGNMENT((#16416,#16421));
#16416 = SURFACE_STYLE_USAGE(.BOTH.,#16417);
#16417 = SURFACE_SIDE_STYLE('',(#16418));
#16418 = SURFACE_STYLE_FILL_AREA(#16419);
#16419 = FILL_AREA_STYLE('',(#16420));
#16420 = FILL_AREA_STYLE_COLOUR('',#15232);
#16421 = CURVE_STYLE('',#16422,POSITIVE_LENGTH_MEASURE(0.1),#15232);
#16422 = DRAUGHTING_PRE_DEFINED_CURVE_FONT('continuous');
#16423 = STYLED_ITEM('color',(#16424),#5330);
#16424 = PRESENTATION_STYLE_ASSIGNMENT((#16425,#16430));
#16425 = SURFACE_STYLE_USAGE(.BOTH.,#16426);
#16426 = SURFACE_SIDE_STYLE('',(#16427));
#16427 = SURFACE_STYLE_FILL_AREA(#16428);
#16428 = FILL_AREA_STYLE('',(#16429));
#16429 = FILL_AREA_STYLE_COLOUR('',#15232);
#16430 = CURVE_STYLE('',#16431,POSITIVE_LENGTH_MEASURE(0.1),#15232);
#16431 = DRAUGHTING_PRE_DEFINED_CURVE_FONT('continuous');
#16432 = STYLED_ITEM('color',(#16433),#5407);
#16433 = PRESENTATION_STYLE_ASSIGNMENT((#16434,#16439));
#16434 = SURFACE_STYLE_USAGE(.BOTH.,#16435);
#16435 = SURFACE_SIDE_STYLE('',(#16436));
#16436 = SURFACE_STYLE_FILL_AREA(#16437);
#16437 = FILL_AREA_STYLE('',(#16438));
#16438 = FILL_AREA_STYLE_COLOUR('',#15232);
#16439 = CURVE_STYLE('',#16440,POSITIVE_LENGTH_MEASURE(0.1),#15232);
#16440 = DRAUGHTING_PRE_DEFINED_CURVE_FONT('continuous');
#16441 = STYLED_ITEM('color',(#16442),#5492);
#16442 = PRESENTATION_STYLE_ASSIGNMENT((#16443,#16448));
#16443 = SURFACE_STYLE_USAGE(.BOTH.,#16444);
#16444 = SURFACE_SIDE_STYLE('',(#16445));
#16445 = SURFACE_STYLE_FILL_AREA(#16446);
#16446 = FILL_AREA_STYLE('',(#16447));
#16447 = FILL_AREA_STYLE_COLOUR('',#15232);
#16448 = CURVE_STYLE('',#16449,POSITIVE_LENGTH_MEASURE(0.1),#15232);
#16449 = DRAUGHTING_PRE_DEFINED_CURVE_FONT('continuous');
#16450 = STYLED_ITEM('color',(#16451),#5517);
#16451 = PRESENTATION_STYLE_ASSIGNMENT((#16452,#16457));
#16452 = SURFACE_STYLE_USAGE(.BOTH.,#16453);
#16453 = SURFACE_SIDE_STYLE('',(#16454));
#16454 = SURFACE_STYLE_FILL_AREA(#16455);
#16455 = FILL_AREA_STYLE('',(#16456));
#16456 = FILL_AREA_STYLE_COLOUR('',#15232);
#16457 = CURVE_STYLE('',#16458,POSITIVE_LENGTH_MEASURE(0.1),#15232);
#16458 = DRAUGHTING_PRE_DEFINED_CURVE_FONT('continuous');
#16459 = STYLED_ITEM('color',(#16460),#5594);
#16460 = PRESENTATION_STYLE_ASSIGNMENT((#16461,#16466));
#16461 = SURFACE_STYLE_USAGE(.BOTH.,#16462);
#16462 = SURFACE_SIDE_STYLE('',(#16463));
#16463 = SURFACE_STYLE_FILL_AREA(#16464);
#16464 = FILL_AREA_STYLE('',(#16465));
#16465 = FILL_AREA_STYLE_COLOUR('',#15853);
#16466 = CURVE_STYLE('',#16467,POSITIVE_LENGTH_MEASURE(0.1),#15853);
#16467 = DRAUGHTING_PRE_DEFINED_CURVE_FONT('continuous');
#16468 = STYLED_ITEM('color',(#16469),#5611);
#16469 = PRESENTATION_STYLE_ASSIGNMENT((#16470,#16475));
#16470 = SURFACE_STYLE_USAGE(.BOTH.,#16471);
#16471 = SURFACE_SIDE_STYLE('',(#16472));
#16472 = SURFACE_STYLE_FILL_AREA(#16473);
#16473 = FILL_AREA_STYLE('',(#16474));
#16474 = FILL_AREA_STYLE_COLOUR('',#15232);
#16475 = CURVE_STYLE('',#16476,POSITIVE_LENGTH_MEASURE(0.1),#15232);
#16476 = DRAUGHTING_PRE_DEFINED_CURVE_FONT('continuous');
#16477 = STYLED_ITEM('color',(#16478),#5703);
#16478 = PRESENTATION_STYLE_ASSIGNMENT((#16479,#16484));
#16479 = SURFACE_STYLE_USAGE(.BOTH.,#16480);
#16480 = SURFACE_SIDE_STYLE('',(#16481));
#16481 = SURFACE_STYLE_FILL_AREA(#16482);
#16482 = FILL_AREA_STYLE('',(#16483));
#16483 = FILL_AREA_STYLE_COLOUR('',#15232);
#16484 = CURVE_STYLE('',#16485,POSITIVE_LENGTH_MEASURE(0.1),#15232);
#16485 = DRAUGHTING_PRE_DEFINED_CURVE_FONT('continuous');
#16486 = STYLED_ITEM('color',(#16487),#5728);
#16487 = PRESENTATION_STYLE_ASSIGNMENT((#16488,#16493));
#16488 = SURFACE_STYLE_USAGE(.BOTH.,#16489);
#16489 = SURFACE_SIDE_STYLE('',(#16490));
#16490 = SURFACE_STYLE_FILL_AREA(#16491);
#16491 = FILL_AREA_STYLE('',(#16492));
#16492 = FILL_AREA_STYLE_COLOUR('',#15232);
#16493 = CURVE_STYLE('',#16494,POSITIVE_LENGTH_MEASURE(0.1),#15232);
#16494 = DRAUGHTING_PRE_DEFINED_CURVE_FONT('continuous');
#16495 = STYLED_ITEM('color',(#16496),#5812);
#16496 = PRESENTATION_STYLE_ASSIGNMENT((#16497,#16502));
#16497 = SURFACE_STYLE_USAGE(.BOTH.,#16498);
#16498 = SURFACE_SIDE_STYLE('',(#16499));
#16499 = SURFACE_STYLE_FILL_AREA(#16500);
#16500 = FILL_AREA_STYLE('',(#16501));
#16501 = FILL_AREA_STYLE_COLOUR('',#15853);
#16502 = CURVE_STYLE('',#16503,POSITIVE_LENGTH_MEASURE(0.1),#15853);
#16503 = DRAUGHTING_PRE_DEFINED_CURVE_FONT('continuous');
#16504 = STYLED_ITEM('color',(#16505),#5834);
#16505 = PRESENTATION_STYLE_ASSIGNMENT((#16506,#16511));
#16506 = SURFACE_STYLE_USAGE(.BOTH.,#16507);
#16507 = SURFACE_SIDE_STYLE('',(#16508));
#16508 = SURFACE_STYLE_FILL_AREA(#16509);
#16509 = FILL_AREA_STYLE('',(#16510));
#16510 = FILL_AREA_STYLE_COLOUR('',#15232);
#16511 = CURVE_STYLE('',#16512,POSITIVE_LENGTH_MEASURE(0.1),#15232);
#16512 = DRAUGHTING_PRE_DEFINED_CURVE_FONT('continuous');
#16513 = STYLED_ITEM('color',(#16514),#5926);
#16514 = PRESENTATION_STYLE_ASSIGNMENT((#16515,#16520));
#16515 = SURFACE_STYLE_USAGE(.BOTH.,#16516);
#16516 = SURFACE_SIDE_STYLE('',(#16517));
#16517 = SURFACE_STYLE_FILL_AREA(#16518);
#16518 = FILL_AREA_STYLE('',(#16519));
#16519 = FILL_AREA_STYLE_COLOUR('',#15232);
#16520 = CURVE_STYLE('',#16521,POSITIVE_LENGTH_MEASURE(0.1),#15232);
#16521 = DRAUGHTING_PRE_DEFINED_CURVE_FONT('continuous');
#16522 = STYLED_ITEM('color',(#16523),#5951);
#16523 = PRESENTATION_STYLE_ASSIGNMENT((#16524,#16529));
#16524 = SURFACE_STYLE_USAGE(.BOTH.,#16525);
#16525 = SURFACE_SIDE_STYLE('',(#16526));
#16526 = SURFACE_STYLE_FILL_AREA(#16527);
#16527 = FILL_AREA_STYLE('',(#16528));
#16528 = FILL_AREA_STYLE_COLOUR('',#15232);
#16529 = CURVE_STYLE('',#16530,POSITIVE_LENGTH_MEASURE(0.1),#15232);
#16530 = DRAUGHTING_PRE_DEFINED_CURVE_FONT('continuous');
#16531 = STYLED_ITEM('color',(#16532),#6035);
#16532 = PRESENTATION_STYLE_ASSIGNMENT((#16533,#16538));
#16533 = SURFACE_STYLE_USAGE(.BOTH.,#16534);
#16534 = SURFACE_SIDE_STYLE('',(#16535));
#16535 = SURFACE_STYLE_FILL_AREA(#16536);
#16536 = FILL_AREA_STYLE('',(#16537));
#16537 = FILL_AREA_STYLE_COLOUR('',#15853);
#16538 = CURVE_STYLE('',#16539,POSITIVE_LENGTH_MEASURE(0.1),#15853);
#16539 = DRAUGHTING_PRE_DEFINED_CURVE_FONT('continuous');
#16540 = STYLED_ITEM('color',(#16541),#6057);
#16541 = PRESENTATION_STYLE_ASSIGNMENT((#16542,#16547));
#16542 = SURFACE_STYLE_USAGE(.BOTH.,#16543);
#16543 = SURFACE_SIDE_STYLE('',(#16544));
#16544 = SURFACE_STYLE_FILL_AREA(#16545);
#16545 = FILL_AREA_STYLE('',(#16546));
#16546 = FILL_AREA_STYLE_COLOUR('',#15232);
#16547 = CURVE_STYLE('',#16548,POSITIVE_LENGTH_MEASURE(0.1),#15232);
#16548 = DRAUGHTING_PRE_DEFINED_CURVE_FONT('continuous');
#16549 = STYLED_ITEM('color',(#16550),#6149);
#16550 = PRESENTATION_STYLE_ASSIGNMENT((#16551,#16556));
#16551 = SURFACE_STYLE_USAGE(.BOTH.,#16552);
#16552 = SURFACE_SIDE_STYLE('',(#16553));
#16553 = SURFACE_STYLE_FILL_AREA(#16554);
#16554 = FILL_AREA_STYLE('',(#16555));
#16555 = FILL_AREA_STYLE_COLOUR('',#15232);
#16556 = CURVE_STYLE('',#16557,POSITIVE_LENGTH_MEASURE(0.1),#15232);
#16557 = DRAUGHTING_PRE_DEFINED_CURVE_FONT('continuous');
#16558 = STYLED_ITEM('color',(#16559),#6174);
#16559 = PRESENTATION_STYLE_ASSIGNMENT((#16560,#16565));
#16560 = SURFACE_STYLE_USAGE(.BOTH.,#16561);
#16561 = SURFACE_SIDE_STYLE('',(#16562));
#16562 = SURFACE_STYLE_FILL_AREA(#16563);
#16563 = FILL_AREA_STYLE('',(#16564));
#16564 = FILL_AREA_STYLE_COLOUR('',#15232);
#16565 = CURVE_STYLE('',#16566,POSITIVE_LENGTH_MEASURE(0.1),#15232);
#16566 = DRAUGHTING_PRE_DEFINED_CURVE_FONT('continuous');
#16567 = STYLED_ITEM('color',(#16568),#6258);
#16568 = PRESENTATION_STYLE_ASSIGNMENT((#16569,#16574));
#16569 = SURFACE_STYLE_USAGE(.BOTH.,#16570);
#16570 = SURFACE_SIDE_STYLE('',(#16571));
#16571 = SURFACE_STYLE_FILL_AREA(#16572);
#16572 = FILL_AREA_STYLE('',(#16573));
#16573 = FILL_AREA_STYLE_COLOUR('',#15853);
#16574 = CURVE_STYLE('',#16575,POSITIVE_LENGTH_MEASURE(0.1),#15853);
#16575 = DRAUGHTING_PRE_DEFINED_CURVE_FONT('continuous');
#16576 = STYLED_ITEM('color',(#16577),#6280);
#16577 = PRESENTATION_STYLE_ASSIGNMENT((#16578,#16583));
#16578 = SURFACE_STYLE_USAGE(.BOTH.,#16579);
#16579 = SURFACE_SIDE_STYLE('',(#16580));
#16580 = SURFACE_STYLE_FILL_AREA(#16581);
#16581 = FILL_AREA_STYLE('',(#16582));
#16582 = FILL_AREA_STYLE_COLOUR('',#15232);
#16583 = CURVE_STYLE('',#16584,POSITIVE_LENGTH_MEASURE(0.1),#15232);
#16584 = DRAUGHTING_PRE_DEFINED_CURVE_FONT('continuous');
#16585 = STYLED_ITEM('color',(#16586),#6372);
#16586 = PRESENTATION_STYLE_ASSIGNMENT((#16587,#16592));
#16587 = SURFACE_STYLE_USAGE(.BOTH.,#16588);
#16588 = SURFACE_SIDE_STYLE('',(#16589));
#16589 = SURFACE_STYLE_FILL_AREA(#16590);
#16590 = FILL_AREA_STYLE('',(#16591));
#16591 = FILL_AREA_STYLE_COLOUR('',#15232);
#16592 = CURVE_STYLE('',#16593,POSITIVE_LENGTH_MEASURE(0.1),#15232);
#16593 = DRAUGHTING_PRE_DEFINED_CURVE_FONT('continuous');
#16594 = STYLED_ITEM('color',(#16595),#6397);
#16595 = PRESENTATION_STYLE_ASSIGNMENT((#16596,#16601));
#16596 = SURFACE_STYLE_USAGE(.BOTH.,#16597);
#16597 = SURFACE_SIDE_STYLE('',(#16598));
#16598 = SURFACE_STYLE_FILL_AREA(#16599);
#16599 = FILL_AREA_STYLE('',(#16600));
#16600 = FILL_AREA_STYLE_COLOUR('',#15232);
#16601 = CURVE_STYLE('',#16602,POSITIVE_LENGTH_MEASURE(0.1),#15232);
#16602 = DRAUGHTING_PRE_DEFINED_CURVE_FONT('continuous');
#16603 = STYLED_ITEM('color',(#16604),#6481);
#16604 = PRESENTATION_STYLE_ASSIGNMENT((#16605,#16610));
#16605 = SURFACE_STYLE_USAGE(.BOTH.,#16606);
#16606 = SURFACE_SIDE_STYLE('',(#16607));
#16607 = SURFACE_STYLE_FILL_AREA(#16608);
#16608 = FILL_AREA_STYLE('',(#16609));
#16609 = FILL_AREA_STYLE_COLOUR('',#15232);
#16610 = CURVE_STYLE('',#16611,POSITIVE_LENGTH_MEASURE(0.1),#15232);
#16611 = DRAUGHTING_PRE_DEFINED_CURVE_FONT('continuous');
#16612 = STYLED_ITEM('color',(#16613),#6498);
#16613 = PRESENTATION_STYLE_ASSIGNMENT((#16614,#16619));
#16614 = SURFACE_STYLE_USAGE(.BOTH.,#16615);
#16615 = SURFACE_SIDE_STYLE('',(#16616));
#16616 = SURFACE_STYLE_FILL_AREA(#16617);
#16617 = FILL_AREA_STYLE('',(#16618));
#16618 = FILL_AREA_STYLE_COLOUR('',#15232);
#16619 = CURVE_STYLE('',#16620,POSITIVE_LENGTH_MEASURE(0.1),#15232);
#16620 = DRAUGHTING_PRE_DEFINED_CURVE_FONT('continuous');
#16621 = STYLED_ITEM('color',(#16622),#6517);
#16622 = PRESENTATION_STYLE_ASSIGNMENT((#16623,#16628));
#16623 = SURFACE_STYLE_USAGE(.BOTH.,#16624);
#16624 = SURFACE_SIDE_STYLE('',(#16625));
#16625 = SURFACE_STYLE_FILL_AREA(#16626);
#16626 = FILL_AREA_STYLE('',(#16627));
#16627 = FILL_AREA_STYLE_COLOUR('',#15232);
#16628 = CURVE_STYLE('',#16629,POSITIVE_LENGTH_MEASURE(0.1),#15232);
#16629 = DRAUGHTING_PRE_DEFINED_CURVE_FONT('continuous');
#16630 = STYLED_ITEM('color',(#16631),#6536);
#16631 = PRESENTATION_STYLE_ASSIGNMENT((#16632,#16637));
#16632 = SURFACE_STYLE_USAGE(.BOTH.,#16633);
#16633 = SURFACE_SIDE_STYLE('',(#16634));
#16634 = SURFACE_STYLE_FILL_AREA(#16635);
#16635 = FILL_AREA_STYLE('',(#16636));
#16636 = FILL_AREA_STYLE_COLOUR('',#15232);
#16637 = CURVE_STYLE('',#16638,POSITIVE_LENGTH_MEASURE(0.1),#15232);
#16638 = DRAUGHTING_PRE_DEFINED_CURVE_FONT('continuous');
#16639 = STYLED_ITEM('color',(#16640),#6555);
#16640 = PRESENTATION_STYLE_ASSIGNMENT((#16641,#16646));
#16641 = SURFACE_STYLE_USAGE(.BOTH.,#16642);
#16642 = SURFACE_SIDE_STYLE('',(#16643));
#16643 = SURFACE_STYLE_FILL_AREA(#16644);
#16644 = FILL_AREA_STYLE('',(#16645));
#16645 = FILL_AREA_STYLE_COLOUR('',#15232);
#16646 = CURVE_STYLE('',#16647,POSITIVE_LENGTH_MEASURE(0.1),#15232);
#16647 = DRAUGHTING_PRE_DEFINED_CURVE_FONT('continuous');
#16648 = STYLED_ITEM('color',(#16649),#6574);
#16649 = PRESENTATION_STYLE_ASSIGNMENT((#16650,#16655));
#16650 = SURFACE_STYLE_USAGE(.BOTH.,#16651);
#16651 = SURFACE_SIDE_STYLE('',(#16652));
#16652 = SURFACE_STYLE_FILL_AREA(#16653);
#16653 = FILL_AREA_STYLE('',(#16654));
#16654 = FILL_AREA_STYLE_COLOUR('',#15853);
#16655 = CURVE_STYLE('',#16656,POSITIVE_LENGTH_MEASURE(0.1),#15853);
#16656 = DRAUGHTING_PRE_DEFINED_CURVE_FONT('continuous');
#16657 = STYLED_ITEM('color',(#16658),#6620);
#16658 = PRESENTATION_STYLE_ASSIGNMENT((#16659,#16664));
#16659 = SURFACE_STYLE_USAGE(.BOTH.,#16660);
#16660 = SURFACE_SIDE_STYLE('',(#16661));
#16661 = SURFACE_STYLE_FILL_AREA(#16662);
#16662 = FILL_AREA_STYLE('',(#16663));
#16663 = FILL_AREA_STYLE_COLOUR('',#15853);
#16664 = CURVE_STYLE('',#16665,POSITIVE_LENGTH_MEASURE(0.1),#15853);
#16665 = DRAUGHTING_PRE_DEFINED_CURVE_FONT('continuous');
#16666 = STYLED_ITEM('color',(#16667),#6636);
#16667 = PRESENTATION_STYLE_ASSIGNMENT((#16668,#16673));
#16668 = SURFACE_STYLE_USAGE(.BOTH.,#16669);
#16669 = SURFACE_SIDE_STYLE('',(#16670));
#16670 = SURFACE_STYLE_FILL_AREA(#16671);
#16671 = FILL_AREA_STYLE('',(#16672));
#16672 = FILL_AREA_STYLE_COLOUR('',#15232);
#16673 = CURVE_STYLE('',#16674,POSITIVE_LENGTH_MEASURE(0.1),#15232);
#16674 = DRAUGHTING_PRE_DEFINED_CURVE_FONT('continuous');
#16675 = STYLED_ITEM('color',(#16676),#6655);
#16676 = PRESENTATION_STYLE_ASSIGNMENT((#16677,#16682));
#16677 = SURFACE_STYLE_USAGE(.BOTH.,#16678);
#16678 = SURFACE_SIDE_STYLE('',(#16679));
#16679 = SURFACE_STYLE_FILL_AREA(#16680);
#16680 = FILL_AREA_STYLE('',(#16681));
#16681 = FILL_AREA_STYLE_COLOUR('',#15232);
#16682 = CURVE_STYLE('',#16683,POSITIVE_LENGTH_MEASURE(0.1),#15232);
#16683 = DRAUGHTING_PRE_DEFINED_CURVE_FONT('continuous');
#16684 = STYLED_ITEM('color',(#16685),#6674);
#16685 = PRESENTATION_STYLE_ASSIGNMENT((#16686,#16691));
#16686 = SURFACE_STYLE_USAGE(.BOTH.,#16687);
#16687 = SURFACE_SIDE_STYLE('',(#16688));
#16688 = SURFACE_STYLE_FILL_AREA(#16689);
#16689 = FILL_AREA_STYLE('',(#16690));
#16690 = FILL_AREA_STYLE_COLOUR('',#15232);
#16691 = CURVE_STYLE('',#16692,POSITIVE_LENGTH_MEASURE(0.1),#15232);
#16692 = DRAUGHTING_PRE_DEFINED_CURVE_FONT('continuous');
#16693 = STYLED_ITEM('color',(#16694),#6693);
#16694 = PRESENTATION_STYLE_ASSIGNMENT((#16695,#16700));
#16695 = SURFACE_STYLE_USAGE(.BOTH.,#16696);
#16696 = SURFACE_SIDE_STYLE('',(#16697));
#16697 = SURFACE_STYLE_FILL_AREA(#16698);
#16698 = FILL_AREA_STYLE('',(#16699));
#16699 = FILL_AREA_STYLE_COLOUR('',#15232);
#16700 = CURVE_STYLE('',#16701,POSITIVE_LENGTH_MEASURE(0.1),#15232);
#16701 = DRAUGHTING_PRE_DEFINED_CURVE_FONT('continuous');
#16702 = STYLED_ITEM('color',(#16703),#6712);
#16703 = PRESENTATION_STYLE_ASSIGNMENT((#16704,#16709));
#16704 = SURFACE_STYLE_USAGE(.BOTH.,#16705);
#16705 = SURFACE_SIDE_STYLE('',(#16706));
#16706 = SURFACE_STYLE_FILL_AREA(#16707);
#16707 = FILL_AREA_STYLE('',(#16708));
#16708 = FILL_AREA_STYLE_COLOUR('',#15853);
#16709 = CURVE_STYLE('',#16710,POSITIVE_LENGTH_MEASURE(0.1),#15853);
#16710 = DRAUGHTING_PRE_DEFINED_CURVE_FONT('continuous');
#16711 = STYLED_ITEM('color',(#16712),#6728);
#16712 = PRESENTATION_STYLE_ASSIGNMENT((#16713,#16718));
#16713 = SURFACE_STYLE_USAGE(.BOTH.,#16714);
#16714 = SURFACE_SIDE_STYLE('',(#16715));
#16715 = SURFACE_STYLE_FILL_AREA(#16716);
#16716 = FILL_AREA_STYLE('',(#16717));
#16717 = FILL_AREA_STYLE_COLOUR('',#15232);
#16718 = CURVE_STYLE('',#16719,POSITIVE_LENGTH_MEASURE(0.1),#15232);
#16719 = DRAUGHTING_PRE_DEFINED_CURVE_FONT('continuous');
#16720 = STYLED_ITEM('color',(#16721),#6745);
#16721 = PRESENTATION_STYLE_ASSIGNMENT((#16722,#16727));
#16722 = SURFACE_STYLE_USAGE(.BOTH.,#16723);
#16723 = SURFACE_SIDE_STYLE('',(#16724));
#16724 = SURFACE_STYLE_FILL_AREA(#16725);
#16725 = FILL_AREA_STYLE('',(#16726));
#16726 = FILL_AREA_STYLE_COLOUR('',#15853);
#16727 = CURVE_STYLE('',#16728,POSITIVE_LENGTH_MEASURE(0.1),#15853);
#16728 = DRAUGHTING_PRE_DEFINED_CURVE_FONT('continuous');
#16729 = STYLED_ITEM('color',(#16730),#6757);
#16730 = PRESENTATION_STYLE_ASSIGNMENT((#16731,#16736));
#16731 = SURFACE_STYLE_USAGE(.BOTH.,#16732);
#16732 = SURFACE_SIDE_STYLE('',(#16733));
#16733 = SURFACE_STYLE_FILL_AREA(#16734);
#16734 = FILL_AREA_STYLE('',(#16735));
#16735 = FILL_AREA_STYLE_COLOUR('',#15232);
#16736 = CURVE_STYLE('',#16737,POSITIVE_LENGTH_MEASURE(0.1),#15232);
#16737 = DRAUGHTING_PRE_DEFINED_CURVE_FONT('continuous');
#16738 = STYLED_ITEM('color',(#16739),#6774);
#16739 = PRESENTATION_STYLE_ASSIGNMENT((#16740,#16745));
#16740 = SURFACE_STYLE_USAGE(.BOTH.,#16741);
#16741 = SURFACE_SIDE_STYLE('',(#16742));
#16742 = SURFACE_STYLE_FILL_AREA(#16743);
#16743 = FILL_AREA_STYLE('',(#16744));
#16744 = FILL_AREA_STYLE_COLOUR('',#15232);
#16745 = CURVE_STYLE('',#16746,POSITIVE_LENGTH_MEASURE(0.1),#15232);
#16746 = DRAUGHTING_PRE_DEFINED_CURVE_FONT('continuous');
#16747 = STYLED_ITEM('color',(#16748),#6791);
#16748 = PRESENTATION_STYLE_ASSIGNMENT((#16749,#16754));
#16749 = SURFACE_STYLE_USAGE(.BOTH.,#16750);
#16750 = SURFACE_SIDE_STYLE('',(#16751));
#16751 = SURFACE_STYLE_FILL_AREA(#16752);
#16752 = FILL_AREA_STYLE('',(#16753));
#16753 = FILL_AREA_STYLE_COLOUR('',#15232);
#16754 = CURVE_STYLE('',#16755,POSITIVE_LENGTH_MEASURE(0.1),#15232);
#16755 = DRAUGHTING_PRE_DEFINED_CURVE_FONT('continuous');
#16756 = STYLED_ITEM('color',(#16757),#6808);
#16757 = PRESENTATION_STYLE_ASSIGNMENT((#16758,#16763));
#16758 = SURFACE_STYLE_USAGE(.BOTH.,#16759);
#16759 = SURFACE_SIDE_STYLE('',(#16760));
#16760 = SURFACE_STYLE_FILL_AREA(#16761);
#16761 = FILL_AREA_STYLE('',(#16762));
#16762 = FILL_AREA_STYLE_COLOUR('',#15232);
#16763 = CURVE_STYLE('',#16764,POSITIVE_LENGTH_MEASURE(0.1),#15232);
#16764 = DRAUGHTING_PRE_DEFINED_CURVE_FONT('continuous');
#16765 = STYLED_ITEM('color',(#16766),#6825);
#16766 = PRESENTATION_STYLE_ASSIGNMENT((#16767,#16772));
#16767 = SURFACE_STYLE_USAGE(.BOTH.,#16768);
#16768 = SURFACE_SIDE_STYLE('',(#16769));
#16769 = SURFACE_STYLE_FILL_AREA(#16770);
#16770 = FILL_AREA_STYLE('',(#16771));
#16771 = FILL_AREA_STYLE_COLOUR('',#15232);
#16772 = CURVE_STYLE('',#16773,POSITIVE_LENGTH_MEASURE(0.1),#15232);
#16773 = DRAUGHTING_PRE_DEFINED_CURVE_FONT('continuous');
#16774 = STYLED_ITEM('color',(#16775),#6842);
#16775 = PRESENTATION_STYLE_ASSIGNMENT((#16776,#16781));
#16776 = SURFACE_STYLE_USAGE(.BOTH.,#16777);
#16777 = SURFACE_SIDE_STYLE('',(#16778));
#16778 = SURFACE_STYLE_FILL_AREA(#16779);
#16779 = FILL_AREA_STYLE('',(#16780));
#16780 = FILL_AREA_STYLE_COLOUR('',#15232);
#16781 = CURVE_STYLE('',#16782,POSITIVE_LENGTH_MEASURE(0.1),#15232);
#16782 = DRAUGHTING_PRE_DEFINED_CURVE_FONT('continuous');
#16783 = STYLED_ITEM('color',(#16784),#6859);
#16784 = PRESENTATION_STYLE_ASSIGNMENT((#16785,#16790));
#16785 = SURFACE_STYLE_USAGE(.BOTH.,#16786);
#16786 = SURFACE_SIDE_STYLE('',(#16787));
#16787 = SURFACE_STYLE_FILL_AREA(#16788);
#16788 = FILL_AREA_STYLE('',(#16789));
#16789 = FILL_AREA_STYLE_COLOUR('',#15232);
#16790 = CURVE_STYLE('',#16791,POSITIVE_LENGTH_MEASURE(0.1),#15232);
#16791 = DRAUGHTING_PRE_DEFINED_CURVE_FONT('continuous');
#16792 = STYLED_ITEM('color',(#16793),#6876);
#16793 = PRESENTATION_STYLE_ASSIGNMENT((#16794,#16799));
#16794 = SURFACE_STYLE_USAGE(.BOTH.,#16795);
#16795 = SURFACE_SIDE_STYLE('',(#16796));
#16796 = SURFACE_STYLE_FILL_AREA(#16797);
#16797 = FILL_AREA_STYLE('',(#16798));
#16798 = FILL_AREA_STYLE_COLOUR('',#15232);
#16799 = CURVE_STYLE('',#16800,POSITIVE_LENGTH_MEASURE(0.1),#15232);
#16800 = DRAUGHTING_PRE_DEFINED_CURVE_FONT('continuous');
#16801 = STYLED_ITEM('color',(#16802),#6888);
#16802 = PRESENTATION_STYLE_ASSIGNMENT((#16803,#16808));
#16803 = SURFACE_STYLE_USAGE(.BOTH.,#16804);
#16804 = SURFACE_SIDE_STYLE('',(#16805));
#16805 = SURFACE_STYLE_FILL_AREA(#16806);
#16806 = FILL_AREA_STYLE('',(#16807));
#16807 = FILL_AREA_STYLE_COLOUR('',#15232);
#16808 = CURVE_STYLE('',#16809,POSITIVE_LENGTH_MEASURE(0.1),#15232);
#16809 = DRAUGHTING_PRE_DEFINED_CURVE_FONT('continuous');
#16810 = STYLED_ITEM('color',(#16811),#6905);
#16811 = PRESENTATION_STYLE_ASSIGNMENT((#16812,#16817));
#16812 = SURFACE_STYLE_USAGE(.BOTH.,#16813);
#16813 = SURFACE_SIDE_STYLE('',(#16814));
#16814 = SURFACE_STYLE_FILL_AREA(#16815);
#16815 = FILL_AREA_STYLE('',(#16816));
#16816 = FILL_AREA_STYLE_COLOUR('',#15232);
#16817 = CURVE_STYLE('',#16818,POSITIVE_LENGTH_MEASURE(0.1),#15232);
#16818 = DRAUGHTING_PRE_DEFINED_CURVE_FONT('continuous');
#16819 = STYLED_ITEM('color',(#16820),#6922);
#16820 = PRESENTATION_STYLE_ASSIGNMENT((#16821,#16826));
#16821 = SURFACE_STYLE_USAGE(.BOTH.,#16822);
#16822 = SURFACE_SIDE_STYLE('',(#16823));
#16823 = SURFACE_STYLE_FILL_AREA(#16824);
#16824 = FILL_AREA_STYLE('',(#16825));
#16825 = FILL_AREA_STYLE_COLOUR('',#15232);
#16826 = CURVE_STYLE('',#16827,POSITIVE_LENGTH_MEASURE(0.1),#15232);
#16827 = DRAUGHTING_PRE_DEFINED_CURVE_FONT('continuous');
#16828 = STYLED_ITEM('color',(#16829),#6939);
#16829 = PRESENTATION_STYLE_ASSIGNMENT((#16830,#16835));
#16830 = SURFACE_STYLE_USAGE(.BOTH.,#16831);
#16831 = SURFACE_SIDE_STYLE('',(#16832));
#16832 = SURFACE_STYLE_FILL_AREA(#16833);
#16833 = FILL_AREA_STYLE('',(#16834));
#16834 = FILL_AREA_STYLE_COLOUR('',#15232);
#16835 = CURVE_STYLE('',#16836,POSITIVE_LENGTH_MEASURE(0.1),#15232);
#16836 = DRAUGHTING_PRE_DEFINED_CURVE_FONT('continuous');
#16837 = STYLED_ITEM('color',(#16838),#6956);
#16838 = PRESENTATION_STYLE_ASSIGNMENT((#16839,#16844));
#16839 = SURFACE_STYLE_USAGE(.BOTH.,#16840);
#16840 = SURFACE_SIDE_STYLE('',(#16841));
#16841 = SURFACE_STYLE_FILL_AREA(#16842);
#16842 = FILL_AREA_STYLE('',(#16843));
#16843 = FILL_AREA_STYLE_COLOUR('',#15232);
#16844 = CURVE_STYLE('',#16845,POSITIVE_LENGTH_MEASURE(0.1),#15232);
#16845 = DRAUGHTING_PRE_DEFINED_CURVE_FONT('continuous');
#16846 = STYLED_ITEM('color',(#16847),#6973);
#16847 = PRESENTATION_STYLE_ASSIGNMENT((#16848,#16853));
#16848 = SURFACE_STYLE_USAGE(.BOTH.,#16849);
#16849 = SURFACE_SIDE_STYLE('',(#16850));
#16850 = SURFACE_STYLE_FILL_AREA(#16851);
#16851 = FILL_AREA_STYLE('',(#16852));
#16852 = FILL_AREA_STYLE_COLOUR('',#15232);
#16853 = CURVE_STYLE('',#16854,POSITIVE_LENGTH_MEASURE(0.1),#15232);
#16854 = DRAUGHTING_PRE_DEFINED_CURVE_FONT('continuous');
#16855 = STYLED_ITEM('color',(#16856),#6990);
#16856 = PRESENTATION_STYLE_ASSIGNMENT((#16857,#16862));
#16857 = SURFACE_STYLE_USAGE(.BOTH.,#16858);
#16858 = SURFACE_SIDE_STYLE('',(#16859));
#16859 = SURFACE_STYLE_FILL_AREA(#16860);
#16860 = FILL_AREA_STYLE('',(#16861));
#16861 = FILL_AREA_STYLE_COLOUR('',#15232);
#16862 = CURVE_STYLE('',#16863,POSITIVE_LENGTH_MEASURE(0.1),#15232);
#16863 = DRAUGHTING_PRE_DEFINED_CURVE_FONT('continuous');
#16864 = STYLED_ITEM('color',(#16865),#7007);
#16865 = PRESENTATION_STYLE_ASSIGNMENT((#16866,#16871));
#16866 = SURFACE_STYLE_USAGE(.BOTH.,#16867);
#16867 = SURFACE_SIDE_STYLE('',(#16868));
#16868 = SURFACE_STYLE_FILL_AREA(#16869);
#16869 = FILL_AREA_STYLE('',(#16870));
#16870 = FILL_AREA_STYLE_COLOUR('',#15232);
#16871 = CURVE_STYLE('',#16872,POSITIVE_LENGTH_MEASURE(0.1),#15232);
#16872 = DRAUGHTING_PRE_DEFINED_CURVE_FONT('continuous');
#16873 = STYLED_ITEM('color',(#16874),#7019);
#16874 = PRESENTATION_STYLE_ASSIGNMENT((#16875,#16880));
#16875 = SURFACE_STYLE_USAGE(.BOTH.,#16876);
#16876 = SURFACE_SIDE_STYLE('',(#16877));
#16877 = SURFACE_STYLE_FILL_AREA(#16878);
#16878 = FILL_AREA_STYLE('',(#16879));
#16879 = FILL_AREA_STYLE_COLOUR('',#15232);
#16880 = CURVE_STYLE('',#16881,POSITIVE_LENGTH_MEASURE(0.1),#15232);
#16881 = DRAUGHTING_PRE_DEFINED_CURVE_FONT('continuous');
#16882 = STYLED_ITEM('color',(#16883),#7036);
#16883 = PRESENTATION_STYLE_ASSIGNMENT((#16884,#16889));
#16884 = SURFACE_STYLE_USAGE(.BOTH.,#16885);
#16885 = SURFACE_SIDE_STYLE('',(#16886));
#16886 = SURFACE_STYLE_FILL_AREA(#16887);
#16887 = FILL_AREA_STYLE('',(#16888));
#16888 = FILL_AREA_STYLE_COLOUR('',#15232);
#16889 = CURVE_STYLE('',#16890,POSITIVE_LENGTH_MEASURE(0.1),#15232);
#16890 = DRAUGHTING_PRE_DEFINED_CURVE_FONT('continuous');
#16891 = STYLED_ITEM('color',(#16892),#7053);
#16892 = PRESENTATION_STYLE_ASSIGNMENT((#16893,#16898));
#16893 = SURFACE_STYLE_USAGE(.BOTH.,#16894);
#16894 = SURFACE_SIDE_STYLE('',(#16895));
#16895 = SURFACE_STYLE_FILL_AREA(#16896);
#16896 = FILL_AREA_STYLE('',(#16897));
#16897 = FILL_AREA_STYLE_COLOUR('',#15232);
#16898 = CURVE_STYLE('',#16899,POSITIVE_LENGTH_MEASURE(0.1),#15232);
#16899 = DRAUGHTING_PRE_DEFINED_CURVE_FONT('continuous');
#16900 = STYLED_ITEM('color',(#16901),#7070);
#16901 = PRESENTATION_STYLE_ASSIGNMENT((#16902,#16907));
#16902 = SURFACE_STYLE_USAGE(.BOTH.,#16903);
#16903 = SURFACE_SIDE_STYLE('',(#16904));
#16904 = SURFACE_STYLE_FILL_AREA(#16905);
#16905 = FILL_AREA_STYLE('',(#16906));
#16906 = FILL_AREA_STYLE_COLOUR('',#15232);
#16907 = CURVE_STYLE('',#16908,POSITIVE_LENGTH_MEASURE(0.1),#15232);
#16908 = DRAUGHTING_PRE_DEFINED_CURVE_FONT('continuous');
#16909 = STYLED_ITEM('color',(#16910),#7087);
#16910 = PRESENTATION_STYLE_ASSIGNMENT((#16911,#16916));
#16911 = SURFACE_STYLE_USAGE(.BOTH.,#16912);
#16912 = SURFACE_SIDE_STYLE('',(#16913));
#16913 = SURFACE_STYLE_FILL_AREA(#16914);
#16914 = FILL_AREA_STYLE('',(#16915));
#16915 = FILL_AREA_STYLE_COLOUR('',#15232);
#16916 = CURVE_STYLE('',#16917,POSITIVE_LENGTH_MEASURE(0.1),#15232);
#16917 = DRAUGHTING_PRE_DEFINED_CURVE_FONT('continuous');
#16918 = STYLED_ITEM('color',(#16919),#7104);
#16919 = PRESENTATION_STYLE_ASSIGNMENT((#16920,#16925));
#16920 = SURFACE_STYLE_USAGE(.BOTH.,#16921);
#16921 = SURFACE_SIDE_STYLE('',(#16922));
#16922 = SURFACE_STYLE_FILL_AREA(#16923);
#16923 = FILL_AREA_STYLE('',(#16924));
#16924 = FILL_AREA_STYLE_COLOUR('',#15232);
#16925 = CURVE_STYLE('',#16926,POSITIVE_LENGTH_MEASURE(0.1),#15232);
#16926 = DRAUGHTING_PRE_DEFINED_CURVE_FONT('continuous');
#16927 = STYLED_ITEM('color',(#16928),#7121);
#16928 = PRESENTATION_STYLE_ASSIGNMENT((#16929,#16934));
#16929 = SURFACE_STYLE_USAGE(.BOTH.,#16930);
#16930 = SURFACE_SIDE_STYLE('',(#16931));
#16931 = SURFACE_STYLE_FILL_AREA(#16932);
#16932 = FILL_AREA_STYLE('',(#16933));
#16933 = FILL_AREA_STYLE_COLOUR('',#15232);
#16934 = CURVE_STYLE('',#16935,POSITIVE_LENGTH_MEASURE(0.1),#15232);
#16935 = DRAUGHTING_PRE_DEFINED_CURVE_FONT('continuous');
#16936 = STYLED_ITEM('color',(#16937),#7138);
#16937 = PRESENTATION_STYLE_ASSIGNMENT((#16938,#16943));
#16938 = SURFACE_STYLE_USAGE(.BOTH.,#16939);
#16939 = SURFACE_SIDE_STYLE('',(#16940));
#16940 = SURFACE_STYLE_FILL_AREA(#16941);
#16941 = FILL_AREA_STYLE('',(#16942));
#16942 = FILL_AREA_STYLE_COLOUR('',#15232);
#16943 = CURVE_STYLE('',#16944,POSITIVE_LENGTH_MEASURE(0.1),#15232);
#16944 = DRAUGHTING_PRE_DEFINED_CURVE_FONT('continuous');
#16945 = STYLED_ITEM('color',(#16946),#7150);
#16946 = PRESENTATION_STYLE_ASSIGNMENT((#16947,#16952));
#16947 = SURFACE_STYLE_USAGE(.BOTH.,#16948);
#16948 = SURFACE_SIDE_STYLE('',(#16949));
#16949 = SURFACE_STYLE_FILL_AREA(#16950);
#16950 = FILL_AREA_STYLE('',(#16951));
#16951 = FILL_AREA_STYLE_COLOUR('',#15232);
#16952 = CURVE_STYLE('',#16953,POSITIVE_LENGTH_MEASURE(0.1),#15232);
#16953 = DRAUGHTING_PRE_DEFINED_CURVE_FONT('continuous');
#16954 = STYLED_ITEM('color',(#16955),#7167);
#16955 = PRESENTATION_STYLE_ASSIGNMENT((#16956,#16961));
#16956 = SURFACE_STYLE_USAGE(.BOTH.,#16957);
#16957 = SURFACE_SIDE_STYLE('',(#16958));
#16958 = SURFACE_STYLE_FILL_AREA(#16959);
#16959 = FILL_AREA_STYLE('',(#16960));
#16960 = FILL_AREA_STYLE_COLOUR('',#15232);
#16961 = CURVE_STYLE('',#16962,POSITIVE_LENGTH_MEASURE(0.1),#15232);
#16962 = DRAUGHTING_PRE_DEFINED_CURVE_FONT('continuous');
#16963 = STYLED_ITEM('color',(#16964),#7184);
#16964 = PRESENTATION_STYLE_ASSIGNMENT((#16965,#16970));
#16965 = SURFACE_STYLE_USAGE(.BOTH.,#16966);
#16966 = SURFACE_SIDE_STYLE('',(#16967));
#16967 = SURFACE_STYLE_FILL_AREA(#16968);
#16968 = FILL_AREA_STYLE('',(#16969));
#16969 = FILL_AREA_STYLE_COLOUR('',#15232);
#16970 = CURVE_STYLE('',#16971,POSITIVE_LENGTH_MEASURE(0.1),#15232);
#16971 = DRAUGHTING_PRE_DEFINED_CURVE_FONT('continuous');
#16972 = STYLED_ITEM('color',(#16973),#7201);
#16973 = PRESENTATION_STYLE_ASSIGNMENT((#16974,#16979));
#16974 = SURFACE_STYLE_USAGE(.BOTH.,#16975);
#16975 = SURFACE_SIDE_STYLE('',(#16976));
#16976 = SURFACE_STYLE_FILL_AREA(#16977);
#16977 = FILL_AREA_STYLE('',(#16978));
#16978 = FILL_AREA_STYLE_COLOUR('',#15232);
#16979 = CURVE_STYLE('',#16980,POSITIVE_LENGTH_MEASURE(0.1),#15232);
#16980 = DRAUGHTING_PRE_DEFINED_CURVE_FONT('continuous');
#16981 = STYLED_ITEM('color',(#16982),#7218);
#16982 = PRESENTATION_STYLE_ASSIGNMENT((#16983,#16988));
#16983 = SURFACE_STYLE_USAGE(.BOTH.,#16984);
#16984 = SURFACE_SIDE_STYLE('',(#16985));
#16985 = SURFACE_STYLE_FILL_AREA(#16986);
#16986 = FILL_AREA_STYLE('',(#16987));
#16987 = FILL_AREA_STYLE_COLOUR('',#15232);
#16988 = CURVE_STYLE('',#16989,POSITIVE_LENGTH_MEASURE(0.1),#15232);
#16989 = DRAUGHTING_PRE_DEFINED_CURVE_FONT('continuous');
#16990 = STYLED_ITEM('color',(#16991),#7235);
#16991 = PRESENTATION_STYLE_ASSIGNMENT((#16992,#16997));
#16992 = SURFACE_STYLE_USAGE(.BOTH.,#16993);
#16993 = SURFACE_SIDE_STYLE('',(#16994));
#16994 = SURFACE_STYLE_FILL_AREA(#16995);
#16995 = FILL_AREA_STYLE('',(#16996));
#16996 = FILL_AREA_STYLE_COLOUR('',#15232);
#16997 = CURVE_STYLE('',#16998,POSITIVE_LENGTH_MEASURE(0.1),#15232);
#16998 = DRAUGHTING_PRE_DEFINED_CURVE_FONT('continuous');
#16999 = STYLED_ITEM('color',(#17000),#7252);
#17000 = PRESENTATION_STYLE_ASSIGNMENT((#17001,#17006));
#17001 = SURFACE_STYLE_USAGE(.BOTH.,#17002);
#17002 = SURFACE_SIDE_STYLE('',(#17003));
#17003 = SURFACE_STYLE_FILL_AREA(#17004);
#17004 = FILL_AREA_STYLE('',(#17005));
#17005 = FILL_AREA_STYLE_COLOUR('',#15232);
#17006 = CURVE_STYLE('',#17007,POSITIVE_LENGTH_MEASURE(0.1),#15232);
#17007 = DRAUGHTING_PRE_DEFINED_CURVE_FONT('continuous');
#17008 = STYLED_ITEM('color',(#17009),#7269);
#17009 = PRESENTATION_STYLE_ASSIGNMENT((#17010,#17015));
#17010 = SURFACE_STYLE_USAGE(.BOTH.,#17011);
#17011 = SURFACE_SIDE_STYLE('',(#17012));
#17012 = SURFACE_STYLE_FILL_AREA(#17013);
#17013 = FILL_AREA_STYLE('',(#17014));
#17014 = FILL_AREA_STYLE_COLOUR('',#15232);
#17015 = CURVE_STYLE('',#17016,POSITIVE_LENGTH_MEASURE(0.1),#15232);
#17016 = DRAUGHTING_PRE_DEFINED_CURVE_FONT('continuous');
#17017 = STYLED_ITEM('color',(#17018),#7281);
#17018 = PRESENTATION_STYLE_ASSIGNMENT((#17019,#17024));
#17019 = SURFACE_STYLE_USAGE(.BOTH.,#17020);
#17020 = SURFACE_SIDE_STYLE('',(#17021));
#17021 = SURFACE_STYLE_FILL_AREA(#17022);
#17022 = FILL_AREA_STYLE('',(#17023));
#17023 = FILL_AREA_STYLE_COLOUR('',#15232);
#17024 = CURVE_STYLE('',#17025,POSITIVE_LENGTH_MEASURE(0.1),#15232);
#17025 = DRAUGHTING_PRE_DEFINED_CURVE_FONT('continuous');
#17026 = STYLED_ITEM('color',(#17027),#7298);
#17027 = PRESENTATION_STYLE_ASSIGNMENT((#17028,#17033));
#17028 = SURFACE_STYLE_USAGE(.BOTH.,#17029);
#17029 = SURFACE_SIDE_STYLE('',(#17030));
#17030 = SURFACE_STYLE_FILL_AREA(#17031);
#17031 = FILL_AREA_STYLE('',(#17032));
#17032 = FILL_AREA_STYLE_COLOUR('',#15232);
#17033 = CURVE_STYLE('',#17034,POSITIVE_LENGTH_MEASURE(0.1),#15232);
#17034 = DRAUGHTING_PRE_DEFINED_CURVE_FONT('continuous');
#17035 = STYLED_ITEM('color',(#17036),#7315);
#17036 = PRESENTATION_STYLE_ASSIGNMENT((#17037,#17042));
#17037 = SURFACE_STYLE_USAGE(.BOTH.,#17038);
#17038 = SURFACE_SIDE_STYLE('',(#17039));
#17039 = SURFACE_STYLE_FILL_AREA(#17040);
#17040 = FILL_AREA_STYLE('',(#17041));
#17041 = FILL_AREA_STYLE_COLOUR('',#15232);
#17042 = CURVE_STYLE('',#17043,POSITIVE_LENGTH_MEASURE(0.1),#15232);
#17043 = DRAUGHTING_PRE_DEFINED_CURVE_FONT('continuous');
#17044 = STYLED_ITEM('color',(#17045),#7332);
#17045 = PRESENTATION_STYLE_ASSIGNMENT((#17046,#17051));
#17046 = SURFACE_STYLE_USAGE(.BOTH.,#17047);
#17047 = SURFACE_SIDE_STYLE('',(#17048));
#17048 = SURFACE_STYLE_FILL_AREA(#17049);
#17049 = FILL_AREA_STYLE('',(#17050));
#17050 = FILL_AREA_STYLE_COLOUR('',#15232);
#17051 = CURVE_STYLE('',#17052,POSITIVE_LENGTH_MEASURE(0.1),#15232);
#17052 = DRAUGHTING_PRE_DEFINED_CURVE_FONT('continuous');
#17053 = STYLED_ITEM('color',(#17054),#7349);
#17054 = PRESENTATION_STYLE_ASSIGNMENT((#17055,#17060));
#17055 = SURFACE_STYLE_USAGE(.BOTH.,#17056);
#17056 = SURFACE_SIDE_STYLE('',(#17057));
#17057 = SURFACE_STYLE_FILL_AREA(#17058);
#17058 = FILL_AREA_STYLE('',(#17059));
#17059 = FILL_AREA_STYLE_COLOUR('',#15232);
#17060 = CURVE_STYLE('',#17061,POSITIVE_LENGTH_MEASURE(0.1),#15232);
#17061 = DRAUGHTING_PRE_DEFINED_CURVE_FONT('continuous');
#17062 = STYLED_ITEM('color',(#17063),#7366);
#17063 = PRESENTATION_STYLE_ASSIGNMENT((#17064,#17069));
#17064 = SURFACE_STYLE_USAGE(.BOTH.,#17065);
#17065 = SURFACE_SIDE_STYLE('',(#17066));
#17066 = SURFACE_STYLE_FILL_AREA(#17067);
#17067 = FILL_AREA_STYLE('',(#17068));
#17068 = FILL_AREA_STYLE_COLOUR('',#15232);
#17069 = CURVE_STYLE('',#17070,POSITIVE_LENGTH_MEASURE(0.1),#15232);
#17070 = DRAUGHTING_PRE_DEFINED_CURVE_FONT('continuous');
#17071 = STYLED_ITEM('color',(#17072),#7383);
#17072 = PRESENTATION_STYLE_ASSIGNMENT((#17073,#17078));
#17073 = SURFACE_STYLE_USAGE(.BOTH.,#17074);
#17074 = SURFACE_SIDE_STYLE('',(#17075));
#17075 = SURFACE_STYLE_FILL_AREA(#17076);
#17076 = FILL_AREA_STYLE('',(#17077));
#17077 = FILL_AREA_STYLE_COLOUR('',#15232);
#17078 = CURVE_STYLE('',#17079,POSITIVE_LENGTH_MEASURE(0.1),#15232);
#17079 = DRAUGHTING_PRE_DEFINED_CURVE_FONT('continuous');
#17080 = STYLED_ITEM('color',(#17081),#7395);
#17081 = PRESENTATION_STYLE_ASSIGNMENT((#17082,#17087));
#17082 = SURFACE_STYLE_USAGE(.BOTH.,#17083);
#17083 = SURFACE_SIDE_STYLE('',(#17084));
#17084 = SURFACE_STYLE_FILL_AREA(#17085);
#17085 = FILL_AREA_STYLE('',(#17086));
#17086 = FILL_AREA_STYLE_COLOUR('',#15232);
#17087 = CURVE_STYLE('',#17088,POSITIVE_LENGTH_MEASURE(0.1),#15232);
#17088 = DRAUGHTING_PRE_DEFINED_CURVE_FONT('continuous');
#17089 = STYLED_ITEM('color',(#17090),#7412);
#17090 = PRESENTATION_STYLE_ASSIGNMENT((#17091,#17096));
#17091 = SURFACE_STYLE_USAGE(.BOTH.,#17092);
#17092 = SURFACE_SIDE_STYLE('',(#17093));
#17093 = SURFACE_STYLE_FILL_AREA(#17094);
#17094 = FILL_AREA_STYLE('',(#17095));
#17095 = FILL_AREA_STYLE_COLOUR('',#15232);
#17096 = CURVE_STYLE('',#17097,POSITIVE_LENGTH_MEASURE(0.1),#15232);
#17097 = DRAUGHTING_PRE_DEFINED_CURVE_FONT('continuous');
#17098 = STYLED_ITEM('color',(#17099),#7429);
#17099 = PRESENTATION_STYLE_ASSIGNMENT((#17100,#17105));
#17100 = SURFACE_STYLE_USAGE(.BOTH.,#17101);
#17101 = SURFACE_SIDE_STYLE('',(#17102));
#17102 = SURFACE_STYLE_FILL_AREA(#17103);
#17103 = FILL_AREA_STYLE('',(#17104));
#17104 = FILL_AREA_STYLE_COLOUR('',#15232);
#17105 = CURVE_STYLE('',#17106,POSITIVE_LENGTH_MEASURE(0.1),#15232);
#17106 = DRAUGHTING_PRE_DEFINED_CURVE_FONT('continuous');
#17107 = STYLED_ITEM('color',(#17108),#7446);
#17108 = PRESENTATION_STYLE_ASSIGNMENT((#17109,#17114));
#17109 = SURFACE_STYLE_USAGE(.BOTH.,#17110);
#17110 = SURFACE_SIDE_STYLE('',(#17111));
#17111 = SURFACE_STYLE_FILL_AREA(#17112);
#17112 = FILL_AREA_STYLE('',(#17113));
#17113 = FILL_AREA_STYLE_COLOUR('',#15232);
#17114 = CURVE_STYLE('',#17115,POSITIVE_LENGTH_MEASURE(0.1),#15232);
#17115 = DRAUGHTING_PRE_DEFINED_CURVE_FONT('continuous');
#17116 = STYLED_ITEM('color',(#17117),#7463);
#17117 = PRESENTATION_STYLE_ASSIGNMENT((#17118,#17123));
#17118 = SURFACE_STYLE_USAGE(.BOTH.,#17119);
#17119 = SURFACE_SIDE_STYLE('',(#17120));
#17120 = SURFACE_STYLE_FILL_AREA(#17121);
#17121 = FILL_AREA_STYLE('',(#17122));
#17122 = FILL_AREA_STYLE_COLOUR('',#15232);
#17123 = CURVE_STYLE('',#17124,POSITIVE_LENGTH_MEASURE(0.1),#15232);
#17124 = DRAUGHTING_PRE_DEFINED_CURVE_FONT('continuous');
#17125 = STYLED_ITEM('color',(#17126),#7480);
#17126 = PRESENTATION_STYLE_ASSIGNMENT((#17127,#17132));
#17127 = SURFACE_STYLE_USAGE(.BOTH.,#17128);
#17128 = SURFACE_SIDE_STYLE('',(#17129));
#17129 = SURFACE_STYLE_FILL_AREA(#17130);
#17130 = FILL_AREA_STYLE('',(#17131));
#17131 = FILL_AREA_STYLE_COLOUR('',#15232);
#17132 = CURVE_STYLE('',#17133,POSITIVE_LENGTH_MEASURE(0.1),#15232);
#17133 = DRAUGHTING_PRE_DEFINED_CURVE_FONT('continuous');
#17134 = STYLED_ITEM('color',(#17135),#7497);
#17135 = PRESENTATION_STYLE_ASSIGNMENT((#17136,#17141));
#17136 = SURFACE_STYLE_USAGE(.BOTH.,#17137);
#17137 = SURFACE_SIDE_STYLE('',(#17138));
#17138 = SURFACE_STYLE_FILL_AREA(#17139);
#17139 = FILL_AREA_STYLE('',(#17140));
#17140 = FILL_AREA_STYLE_COLOUR('',#15232);
#17141 = CURVE_STYLE('',#17142,POSITIVE_LENGTH_MEASURE(0.1),#15232);
#17142 = DRAUGHTING_PRE_DEFINED_CURVE_FONT('continuous');
#17143 = STYLED_ITEM('color',(#17144),#7509);
#17144 = PRESENTATION_STYLE_ASSIGNMENT((#17145,#17150));
#17145 = SURFACE_STYLE_USAGE(.BOTH.,#17146);
#17146 = SURFACE_SIDE_STYLE('',(#17147));
#17147 = SURFACE_STYLE_FILL_AREA(#17148);
#17148 = FILL_AREA_STYLE('',(#17149));
#17149 = FILL_AREA_STYLE_COLOUR('',#15232);
#17150 = CURVE_STYLE('',#17151,POSITIVE_LENGTH_MEASURE(0.1),#15232);
#17151 = DRAUGHTING_PRE_DEFINED_CURVE_FONT('continuous');
#17152 = STYLED_ITEM('color',(#17153),#7526);
#17153 = PRESENTATION_STYLE_ASSIGNMENT((#17154,#17159));
#17154 = SURFACE_STYLE_USAGE(.BOTH.,#17155);
#17155 = SURFACE_SIDE_STYLE('',(#17156));
#17156 = SURFACE_STYLE_FILL_AREA(#17157);
#17157 = FILL_AREA_STYLE('',(#17158));
#17158 = FILL_AREA_STYLE_COLOUR('',#15232);
#17159 = CURVE_STYLE('',#17160,POSITIVE_LENGTH_MEASURE(0.1),#15232);
#17160 = DRAUGHTING_PRE_DEFINED_CURVE_FONT('continuous');
#17161 = STYLED_ITEM('color',(#17162),#7543);
#17162 = PRESENTATION_STYLE_ASSIGNMENT((#17163,#17168));
#17163 = SURFACE_STYLE_USAGE(.BOTH.,#17164);
#17164 = SURFACE_SIDE_STYLE('',(#17165));
#17165 = SURFACE_STYLE_FILL_AREA(#17166);
#17166 = FILL_AREA_STYLE('',(#17167));
#17167 = FILL_AREA_STYLE_COLOUR('',#15232);
#17168 = CURVE_STYLE('',#17169,POSITIVE_LENGTH_MEASURE(0.1),#15232);
#17169 = DRAUGHTING_PRE_DEFINED_CURVE_FONT('continuous');
#17170 = STYLED_ITEM('color',(#17171),#7560);
#17171 = PRESENTATION_STYLE_ASSIGNMENT((#17172,#17177));
#17172 = SURFACE_STYLE_USAGE(.BOTH.,#17173);
#17173 = SURFACE_SIDE_STYLE('',(#17174));
#17174 = SURFACE_STYLE_FILL_AREA(#17175);
#17175 = FILL_AREA_STYLE('',(#17176));
#17176 = FILL_AREA_STYLE_COLOUR('',#15232);
#17177 = CURVE_STYLE('',#17178,POSITIVE_LENGTH_MEASURE(0.1),#15232);
#17178 = DRAUGHTING_PRE_DEFINED_CURVE_FONT('continuous');
#17179 = STYLED_ITEM('color',(#17180),#7577);
#17180 = PRESENTATION_STYLE_ASSIGNMENT((#17181,#17186));
#17181 = SURFACE_STYLE_USAGE(.BOTH.,#17182);
#17182 = SURFACE_SIDE_STYLE('',(#17183));
#17183 = SURFACE_STYLE_FILL_AREA(#17184);
#17184 = FILL_AREA_STYLE('',(#17185));
#17185 = FILL_AREA_STYLE_COLOUR('',#15232);
#17186 = CURVE_STYLE('',#17187,POSITIVE_LENGTH_MEASURE(0.1),#15232);
#17187 = DRAUGHTING_PRE_DEFINED_CURVE_FONT('continuous');
#17188 = STYLED_ITEM('color',(#17189),#7594);
#17189 = PRESENTATION_STYLE_ASSIGNMENT((#17190,#17195));
#17190 = SURFACE_STYLE_USAGE(.BOTH.,#17191);
#17191 = SURFACE_SIDE_STYLE('',(#17192));
#17192 = SURFACE_STYLE_FILL_AREA(#17193);
#17193 = FILL_AREA_STYLE('',(#17194));
#17194 = FILL_AREA_STYLE_COLOUR('',#15232);
#17195 = CURVE_STYLE('',#17196,POSITIVE_LENGTH_MEASURE(0.1),#15232);
#17196 = DRAUGHTING_PRE_DEFINED_CURVE_FONT('continuous');
#17197 = STYLED_ITEM('color',(#17198),#7611);
#17198 = PRESENTATION_STYLE_ASSIGNMENT((#17199,#17204));
#17199 = SURFACE_STYLE_USAGE(.BOTH.,#17200);
#17200 = SURFACE_SIDE_STYLE('',(#17201));
#17201 = SURFACE_STYLE_FILL_AREA(#17202);
#17202 = FILL_AREA_STYLE('',(#17203));
#17203 = FILL_AREA_STYLE_COLOUR('',#15232);
#17204 = CURVE_STYLE('',#17205,POSITIVE_LENGTH_MEASURE(0.1),#15232);
#17205 = DRAUGHTING_PRE_DEFINED_CURVE_FONT('continuous');
#17206 = STYLED_ITEM('color',(#17207),#7628);
#17207 = PRESENTATION_STYLE_ASSIGNMENT((#17208,#17213));
#17208 = SURFACE_STYLE_USAGE(.BOTH.,#17209);
#17209 = SURFACE_SIDE_STYLE('',(#17210));
#17210 = SURFACE_STYLE_FILL_AREA(#17211);
#17211 = FILL_AREA_STYLE('',(#17212));
#17212 = FILL_AREA_STYLE_COLOUR('',#15232);
#17213 = CURVE_STYLE('',#17214,POSITIVE_LENGTH_MEASURE(0.1),#15232);
#17214 = DRAUGHTING_PRE_DEFINED_CURVE_FONT('continuous');
#17215 = STYLED_ITEM('color',(#17216),#7640);
#17216 = PRESENTATION_STYLE_ASSIGNMENT((#17217,#17222));
#17217 = SURFACE_STYLE_USAGE(.BOTH.,#17218);
#17218 = SURFACE_SIDE_STYLE('',(#17219));
#17219 = SURFACE_STYLE_FILL_AREA(#17220);
#17220 = FILL_AREA_STYLE('',(#17221));
#17221 = FILL_AREA_STYLE_COLOUR('',#15232);
#17222 = CURVE_STYLE('',#17223,POSITIVE_LENGTH_MEASURE(0.1),#15232);
#17223 = DRAUGHTING_PRE_DEFINED_CURVE_FONT('continuous');
#17224 = STYLED_ITEM('color',(#17225),#7657);
#17225 = PRESENTATION_STYLE_ASSIGNMENT((#17226,#17231));
#17226 = SURFACE_STYLE_USAGE(.BOTH.,#17227);
#17227 = SURFACE_SIDE_STYLE('',(#17228));
#17228 = SURFACE_STYLE_FILL_AREA(#17229);
#17229 = FILL_AREA_STYLE('',(#17230));
#17230 = FILL_AREA_STYLE_COLOUR('',#15232);
#17231 = CURVE_STYLE('',#17232,POSITIVE_LENGTH_MEASURE(0.1),#15232);
#17232 = DRAUGHTING_PRE_DEFINED_CURVE_FONT('continuous');
#17233 = STYLED_ITEM('color',(#17234),#7674);
#17234 = PRESENTATION_STYLE_ASSIGNMENT((#17235,#17240));
#17235 = SURFACE_STYLE_USAGE(.BOTH.,#17236);
#17236 = SURFACE_SIDE_STYLE('',(#17237));
#17237 = SURFACE_STYLE_FILL_AREA(#17238);
#17238 = FILL_AREA_STYLE('',(#17239));
#17239 = FILL_AREA_STYLE_COLOUR('',#15232);
#17240 = CURVE_STYLE('',#17241,POSITIVE_LENGTH_MEASURE(0.1),#15232);
#17241 = DRAUGHTING_PRE_DEFINED_CURVE_FONT('continuous');
#17242 = STYLED_ITEM('color',(#17243),#7691);
#17243 = PRESENTATION_STYLE_ASSIGNMENT((#17244,#17249));
#17244 = SURFACE_STYLE_USAGE(.BOTH.,#17245);
#17245 = SURFACE_SIDE_STYLE('',(#17246));
#17246 = SURFACE_STYLE_FILL_AREA(#17247);
#17247 = FILL_AREA_STYLE('',(#17248));
#17248 = FILL_AREA_STYLE_COLOUR('',#15232);
#17249 = CURVE_STYLE('',#17250,POSITIVE_LENGTH_MEASURE(0.1),#15232);
#17250 = DRAUGHTING_PRE_DEFINED_CURVE_FONT('continuous');
#17251 = STYLED_ITEM('color',(#17252),#7708);
#17252 = PRESENTATION_STYLE_ASSIGNMENT((#17253,#17258));
#17253 = SURFACE_STYLE_USAGE(.BOTH.,#17254);
#17254 = SURFACE_SIDE_STYLE('',(#17255));
#17255 = SURFACE_STYLE_FILL_AREA(#17256);
#17256 = FILL_AREA_STYLE('',(#17257));
#17257 = FILL_AREA_STYLE_COLOUR('',#15232);
#17258 = CURVE_STYLE('',#17259,POSITIVE_LENGTH_MEASURE(0.1),#15232);
#17259 = DRAUGHTING_PRE_DEFINED_CURVE_FONT('continuous');
#17260 = STYLED_ITEM('color',(#17261),#7725);
#17261 = PRESENTATION_STYLE_ASSIGNMENT((#17262,#17267));
#17262 = SURFACE_STYLE_USAGE(.BOTH.,#17263);
#17263 = SURFACE_SIDE_STYLE('',(#17264));
#17264 = SURFACE_STYLE_FILL_AREA(#17265);
#17265 = FILL_AREA_STYLE('',(#17266));
#17266 = FILL_AREA_STYLE_COLOUR('',#15232);
#17267 = CURVE_STYLE('',#17268,POSITIVE_LENGTH_MEASURE(0.1),#15232);
#17268 = DRAUGHTING_PRE_DEFINED_CURVE_FONT('continuous');
#17269 = STYLED_ITEM('color',(#17270),#7742);
#17270 = PRESENTATION_STYLE_ASSIGNMENT((#17271,#17276));
#17271 = SURFACE_STYLE_USAGE(.BOTH.,#17272);
#17272 = SURFACE_SIDE_STYLE('',(#17273));
#17273 = SURFACE_STYLE_FILL_AREA(#17274);
#17274 = FILL_AREA_STYLE('',(#17275));
#17275 = FILL_AREA_STYLE_COLOUR('',#15232);
#17276 = CURVE_STYLE('',#17277,POSITIVE_LENGTH_MEASURE(0.1),#15232);
#17277 = DRAUGHTING_PRE_DEFINED_CURVE_FONT('continuous');
#17278 = STYLED_ITEM('color',(#17279),#7759);
#17279 = PRESENTATION_STYLE_ASSIGNMENT((#17280,#17285));
#17280 = SURFACE_STYLE_USAGE(.BOTH.,#17281);
#17281 = SURFACE_SIDE_STYLE('',(#17282));
#17282 = SURFACE_STYLE_FILL_AREA(#17283);
#17283 = FILL_AREA_STYLE('',(#17284));
#17284 = FILL_AREA_STYLE_COLOUR('',#15232);
#17285 = CURVE_STYLE('',#17286,POSITIVE_LENGTH_MEASURE(0.1),#15232);
#17286 = DRAUGHTING_PRE_DEFINED_CURVE_FONT('continuous');
#17287 = STYLED_ITEM('color',(#17288),#7771);
#17288 = PRESENTATION_STYLE_ASSIGNMENT((#17289,#17294));
#17289 = SURFACE_STYLE_USAGE(.BOTH.,#17290);
#17290 = SURFACE_SIDE_STYLE('',(#17291));
#17291 = SURFACE_STYLE_FILL_AREA(#17292);
#17292 = FILL_AREA_STYLE('',(#17293));
#17293 = FILL_AREA_STYLE_COLOUR('',#15232);
#17294 = CURVE_STYLE('',#17295,POSITIVE_LENGTH_MEASURE(0.1),#15232);
#17295 = DRAUGHTING_PRE_DEFINED_CURVE_FONT('continuous');
#17296 = STYLED_ITEM('color',(#17297),#7788);
#17297 = PRESENTATION_STYLE_ASSIGNMENT((#17298,#17303));
#17298 = SURFACE_STYLE_USAGE(.BOTH.,#17299);
#17299 = SURFACE_SIDE_STYLE('',(#17300));
#17300 = SURFACE_STYLE_FILL_AREA(#17301);
#17301 = FILL_AREA_STYLE('',(#17302));
#17302 = FILL_AREA_STYLE_COLOUR('',#15232);
#17303 = CURVE_STYLE('',#17304,POSITIVE_LENGTH_MEASURE(0.1),#15232);
#17304 = DRAUGHTING_PRE_DEFINED_CURVE_FONT('continuous');
#17305 = STYLED_ITEM('color',(#17306),#7805);
#17306 = PRESENTATION_STYLE_ASSIGNMENT((#17307,#17312));
#17307 = SURFACE_STYLE_USAGE(.BOTH.,#17308);
#17308 = SURFACE_SIDE_STYLE('',(#17309));
#17309 = SURFACE_STYLE_FILL_AREA(#17310);
#17310 = FILL_AREA_STYLE('',(#17311));
#17311 = FILL_AREA_STYLE_COLOUR('',#15232);
#17312 = CURVE_STYLE('',#17313,POSITIVE_LENGTH_MEASURE(0.1),#15232);
#17313 = DRAUGHTING_PRE_DEFINED_CURVE_FONT('continuous');
#17314 = STYLED_ITEM('color',(#17315),#7822);
#17315 = PRESENTATION_STYLE_ASSIGNMENT((#17316,#17321));
#17316 = SURFACE_STYLE_USAGE(.BOTH.,#17317);
#17317 = SURFACE_SIDE_STYLE('',(#17318));
#17318 = SURFACE_STYLE_FILL_AREA(#17319);
#17319 = FILL_AREA_STYLE('',(#17320));
#17320 = FILL_AREA_STYLE_COLOUR('',#15232);
#17321 = CURVE_STYLE('',#17322,POSITIVE_LENGTH_MEASURE(0.1),#15232);
#17322 = DRAUGHTING_PRE_DEFINED_CURVE_FONT('continuous');
#17323 = STYLED_ITEM('color',(#17324),#7839);
#17324 = PRESENTATION_STYLE_ASSIGNMENT((#17325,#17330));
#17325 = SURFACE_STYLE_USAGE(.BOTH.,#17326);
#17326 = SURFACE_SIDE_STYLE('',(#17327));
#17327 = SURFACE_STYLE_FILL_AREA(#17328);
#17328 = FILL_AREA_STYLE('',(#17329));
#17329 = FILL_AREA_STYLE_COLOUR('',#15232);
#17330 = CURVE_STYLE('',#17331,POSITIVE_LENGTH_MEASURE(0.1),#15232);
#17331 = DRAUGHTING_PRE_DEFINED_CURVE_FONT('continuous');
#17332 = STYLED_ITEM('color',(#17333),#7856);
#17333 = PRESENTATION_STYLE_ASSIGNMENT((#17334,#17339));
#17334 = SURFACE_STYLE_USAGE(.BOTH.,#17335);
#17335 = SURFACE_SIDE_STYLE('',(#17336));
#17336 = SURFACE_STYLE_FILL_AREA(#17337);
#17337 = FILL_AREA_STYLE('',(#17338));
#17338 = FILL_AREA_STYLE_COLOUR('',#15232);
#17339 = CURVE_STYLE('',#17340,POSITIVE_LENGTH_MEASURE(0.1),#15232);
#17340 = DRAUGHTING_PRE_DEFINED_CURVE_FONT('continuous');
#17341 = STYLED_ITEM('color',(#17342),#7873);
#17342 = PRESENTATION_STYLE_ASSIGNMENT((#17343,#17348));
#17343 = SURFACE_STYLE_USAGE(.BOTH.,#17344);
#17344 = SURFACE_SIDE_STYLE('',(#17345));
#17345 = SURFACE_STYLE_FILL_AREA(#17346);
#17346 = FILL_AREA_STYLE('',(#17347));
#17347 = FILL_AREA_STYLE_COLOUR('',#15232);
#17348 = CURVE_STYLE('',#17349,POSITIVE_LENGTH_MEASURE(0.1),#15232);
#17349 = DRAUGHTING_PRE_DEFINED_CURVE_FONT('continuous');
#17350 = STYLED_ITEM('color',(#17351),#7890);
#17351 = PRESENTATION_STYLE_ASSIGNMENT((#17352,#17357));
#17352 = SURFACE_STYLE_USAGE(.BOTH.,#17353);
#17353 = SURFACE_SIDE_STYLE('',(#17354));
#17354 = SURFACE_STYLE_FILL_AREA(#17355);
#17355 = FILL_AREA_STYLE('',(#17356));
#17356 = FILL_AREA_STYLE_COLOUR('',#15232);
#17357 = CURVE_STYLE('',#17358,POSITIVE_LENGTH_MEASURE(0.1),#15232);
#17358 = DRAUGHTING_PRE_DEFINED_CURVE_FONT('continuous');
#17359 = STYLED_ITEM('color',(#17360),#7902);
#17360 = PRESENTATION_STYLE_ASSIGNMENT((#17361,#17366));
#17361 = SURFACE_STYLE_USAGE(.BOTH.,#17362);
#17362 = SURFACE_SIDE_STYLE('',(#17363));
#17363 = SURFACE_STYLE_FILL_AREA(#17364);
#17364 = FILL_AREA_STYLE('',(#17365));
#17365 = FILL_AREA_STYLE_COLOUR('',#15232);
#17366 = CURVE_STYLE('',#17367,POSITIVE_LENGTH_MEASURE(0.1),#15232);
#17367 = DRAUGHTING_PRE_DEFINED_CURVE_FONT('continuous');
#17368 = STYLED_ITEM('color',(#17369),#7919);
#17369 = PRESENTATION_STYLE_ASSIGNMENT((#17370,#17375));
#17370 = SURFACE_STYLE_USAGE(.BOTH.,#17371);
#17371 = SURFACE_SIDE_STYLE('',(#17372));
#17372 = SURFACE_STYLE_FILL_AREA(#17373);
#17373 = FILL_AREA_STYLE('',(#17374));
#17374 = FILL_AREA_STYLE_COLOUR('',#15232);
#17375 = CURVE_STYLE('',#17376,POSITIVE_LENGTH_MEASURE(0.1),#15232);
#17376 = DRAUGHTING_PRE_DEFINED_CURVE_FONT('continuous');
#17377 = STYLED_ITEM('color',(#17378),#7936);
#17378 = PRESENTATION_STYLE_ASSIGNMENT((#17379,#17384));
#17379 = SURFACE_STYLE_USAGE(.BOTH.,#17380);
#17380 = SURFACE_SIDE_STYLE('',(#17381));
#17381 = SURFACE_STYLE_FILL_AREA(#17382);
#17382 = FILL_AREA_STYLE('',(#17383));
#17383 = FILL_AREA_STYLE_COLOUR('',#15232);
#17384 = CURVE_STYLE('',#17385,POSITIVE_LENGTH_MEASURE(0.1),#15232);
#17385 = DRAUGHTING_PRE_DEFINED_CURVE_FONT('continuous');
#17386 = STYLED_ITEM('color',(#17387),#7953);
#17387 = PRESENTATION_STYLE_ASSIGNMENT((#17388,#17393));
#17388 = SURFACE_STYLE_USAGE(.BOTH.,#17389);
#17389 = SURFACE_SIDE_STYLE('',(#17390));
#17390 = SURFACE_STYLE_FILL_AREA(#17391);
#17391 = FILL_AREA_STYLE('',(#17392));
#17392 = FILL_AREA_STYLE_COLOUR('',#15232);
#17393 = CURVE_STYLE('',#17394,POSITIVE_LENGTH_MEASURE(0.1),#15232);
#17394 = DRAUGHTING_PRE_DEFINED_CURVE_FONT('continuous');
#17395 = STYLED_ITEM('color',(#17396),#7970);
#17396 = PRESENTATION_STYLE_ASSIGNMENT((#17397,#17402));
#17397 = SURFACE_STYLE_USAGE(.BOTH.,#17398);
#17398 = SURFACE_SIDE_STYLE('',(#17399));
#17399 = SURFACE_STYLE_FILL_AREA(#17400);
#17400 = FILL_AREA_STYLE('',(#17401));
#17401 = FILL_AREA_STYLE_COLOUR('',#15232);
#17402 = CURVE_STYLE('',#17403,POSITIVE_LENGTH_MEASURE(0.1),#15232);
#17403 = DRAUGHTING_PRE_DEFINED_CURVE_FONT('continuous');
#17404 = STYLED_ITEM('color',(#17405),#7987);
#17405 = PRESENTATION_STYLE_ASSIGNMENT((#17406,#17411));
#17406 = SURFACE_STYLE_USAGE(.BOTH.,#17407);
#17407 = SURFACE_SIDE_STYLE('',(#17408));
#17408 = SURFACE_STYLE_FILL_AREA(#17409);
#17409 = FILL_AREA_STYLE('',(#17410));
#17410 = FILL_AREA_STYLE_COLOUR('',#15232);
#17411 = CURVE_STYLE('',#17412,POSITIVE_LENGTH_MEASURE(0.1),#15232);
#17412 = DRAUGHTING_PRE_DEFINED_CURVE_FONT('continuous');
#17413 = STYLED_ITEM('color',(#17414),#8004);
#17414 = PRESENTATION_STYLE_ASSIGNMENT((#17415,#17420));
#17415 = SURFACE_STYLE_USAGE(.BOTH.,#17416);
#17416 = SURFACE_SIDE_STYLE('',(#17417));
#17417 = SURFACE_STYLE_FILL_AREA(#17418);
#17418 = FILL_AREA_STYLE('',(#17419));
#17419 = FILL_AREA_STYLE_COLOUR('',#15232);
#17420 = CURVE_STYLE('',#17421,POSITIVE_LENGTH_MEASURE(0.1),#15232);
#17421 = DRAUGHTING_PRE_DEFINED_CURVE_FONT('continuous');
#17422 = STYLED_ITEM('color',(#17423),#8021);
#17423 = PRESENTATION_STYLE_ASSIGNMENT((#17424,#17429));
#17424 = SURFACE_STYLE_USAGE(.BOTH.,#17425);
#17425 = SURFACE_SIDE_STYLE('',(#17426));
#17426 = SURFACE_STYLE_FILL_AREA(#17427);
#17427 = FILL_AREA_STYLE('',(#17428));
#17428 = FILL_AREA_STYLE_COLOUR('',#15232);
#17429 = CURVE_STYLE('',#17430,POSITIVE_LENGTH_MEASURE(0.1),#15232);
#17430 = DRAUGHTING_PRE_DEFINED_CURVE_FONT('continuous');
#17431 = STYLED_ITEM('color',(#17432),#8033);
#17432 = PRESENTATION_STYLE_ASSIGNMENT((#17433,#17439));
#17433 = SURFACE_STYLE_USAGE(.BOTH.,#17434);
#17434 = SURFACE_SIDE_STYLE('',(#17435));
#17435 = SURFACE_STYLE_FILL_AREA(#17436);
#17436 = FILL_AREA_STYLE('',(#17437));
#17437 = FILL_AREA_STYLE_COLOUR('',#17438);
#17438 = COLOUR_RGB('',0.690999998585,0.664000007176,0.597999987832);
#17439 = CURVE_STYLE('',#17440,POSITIVE_LENGTH_MEASURE(0.1),#17438);
#17440 = DRAUGHTING_PRE_DEFINED_CURVE_FONT('continuous');
#17441 = MECHANICAL_DESIGN_GEOMETRIC_PRESENTATION_REPRESENTATION('',(
    #17442),#11632);
#17442 = STYLED_ITEM('color',(#17443),#9884);
#17443 = PRESENTATION_STYLE_ASSIGNMENT((#17444,#17450));
#17444 = SURFACE_STYLE_USAGE(.BOTH.,#17445);
#17445 = SURFACE_SIDE_STYLE('',(#17446));
#17446 = SURFACE_STYLE_FILL_AREA(#17447);
#17447 = FILL_AREA_STYLE('',(#17448));
#17448 = FILL_AREA_STYLE_COLOUR('',#17449);
#17449 = COLOUR_RGB('',0.147999998088,0.144999993226,0.144999993226);
#17450 = CURVE_STYLE('',#17451,POSITIVE_LENGTH_MEASURE(0.1),#15824);
#17451 = DRAUGHTING_PRE_DEFINED_CURVE_FONT('continuous');
#17452 = MECHANICAL_DESIGN_GEOMETRIC_PRESENTATION_REPRESENTATION('',(
    #17453),#14011);
#17453 = STYLED_ITEM('color',(#17454),#13195);
#17454 = PRESENTATION_STYLE_ASSIGNMENT((#17455,#17460));
#17455 = SURFACE_STYLE_USAGE(.BOTH.,#17456);
#17456 = SURFACE_SIDE_STYLE('',(#17457));
#17457 = SURFACE_STYLE_FILL_AREA(#17458);
#17458 = FILL_AREA_STYLE('',(#17459));
#17459 = FILL_AREA_STYLE_COLOUR('',#15232);
#17460 = CURVE_STYLE('',#17461,POSITIVE_LENGTH_MEASURE(0.1),#15824);
#17461 = DRAUGHTING_PRE_DEFINED_CURVE_FONT('continuous');
#17462 = MECHANICAL_DESIGN_GEOMETRIC_PRESENTATION_REPRESENTATION('',(
    #17463),#12506);
#17463 = STYLED_ITEM('color',(#17464),#11822);
#17464 = PRESENTATION_STYLE_ASSIGNMENT((#17465,#17471));
#17465 = SURFACE_STYLE_USAGE(.BOTH.,#17466);
#17466 = SURFACE_SIDE_STYLE('',(#17467));
#17467 = SURFACE_STYLE_FILL_AREA(#17468);
#17468 = FILL_AREA_STYLE('',(#17469));
#17469 = FILL_AREA_STYLE_COLOUR('',#17470);
#17470 = COLOUR_RGB('',0.507539989043,0.507539989043,0.507539989043);
#17471 = CURVE_STYLE('',#17472,POSITIVE_LENGTH_MEASURE(0.1),#15824);
#17472 = DRAUGHTING_PRE_DEFINED_CURVE_FONT('continuous');
#17473 = MECHANICAL_DESIGN_GEOMETRIC_PRESENTATION_REPRESENTATION('',(
    #17474),#13176);
#17474 = STYLED_ITEM('color',(#17475),#12525);
#17475 = PRESENTATION_STYLE_ASSIGNMENT((#17476,#17481));
#17476 = SURFACE_STYLE_USAGE(.BOTH.,#17477);
#17477 = SURFACE_SIDE_STYLE('',(#17478));
#17478 = SURFACE_STYLE_FILL_AREA(#17479);
#17479 = FILL_AREA_STYLE('',(#17480));
#17480 = FILL_AREA_STYLE_COLOUR('',#15232);
#17481 = CURVE_STYLE('',#17482,POSITIVE_LENGTH_MEASURE(0.1),#15824);
#17482 = DRAUGHTING_PRE_DEFINED_CURVE_FONT('continuous');
ENDSEC;
END-ISO-10303-21;
